ISO-10303-21;
HEADER;
FILE_DESCRIPTION(('Open CASCADE Model'),'2;1');
FILE_NAME('Open CASCADE Shape Model','2026-08-10T18:25:28',('Author'),(
    'Open CASCADE'),'Open CASCADE STEP processor 7.9','Open CASCADE 7.9'
  ,'Unknown');
FILE_SCHEMA(('AUTOMOTIVE_DESIGN { 1 0 10303 214 1 1 1 1 }'));
ENDSEC;
DATA;
#1 = APPLICATION_PROTOCOL_DEFINITION('international standard',
  'automotive_design',2000,#2);
#2 = APPLICATION_CONTEXT(
  'core data for automotive mechanical design processes');
#3 = SHAPE_DEFINITION_REPRESENTATION(#4,#10);
#4 = PRODUCT_DEFINITION_SHAPE('','',#5);
#5 = PRODUCT_DEFINITION('design','',#6,#9);
#6 = PRODUCT_DEFINITION_FORMATION('','',#7);
#7 = PRODUCT('Open CASCADE STEP translator 7.9 2',
  'Open CASCADE STEP translator 7.9 2','',(#8));
#8 = PRODUCT_CONTEXT('',#2,'mechanical');
#9 = PRODUCT_DEFINITION_CONTEXT('part definition',#2,'design');
#10 = ADVANCED_BREP_SHAPE_REPRESENTATION('',(#11,#15),#7392);
#11 = AXIS2_PLACEMENT_3D('',#12,#13,#14);
#12 = CARTESIAN_POINT('',(0.,0.,0.));
#13 = DIRECTION('',(0.,0.,1.));
#14 = DIRECTION('',(1.,0.,-0.));
#15 = MANIFOLD_SOLID_BREP('',#16);
#16 = CLOSED_SHELL('',(#17,#265,#341,#394,#451,#500,#549,#602,#655,#912,
    #1029,#1101,#1148,#1198,#1245,#1299,#1346,#1400,#1425,#2011,#2348,
    #2877,#3172,#3199,#3227,#3294,#3321,#3353,#3381,#3901,#3964,#3996,
    #4003,#4043,#4075,#4115,#4147,#4187,#4215,#4255,#4283,#4346,#4374,
    #4380,#4407,#4435,#4498,#4505,#4537,#4577,#4609,#4649,#4681,#4721,
    #4753,#4793,#4848,#5062,#5180,#5330,#5413,#5482,#5509,#5558,#5785,
    #5840,#5895,#5950,#6005,#6060,#6115,#6170,#6225,#6280,#6335,#6390,
    #6394,#6510,#6565,#6615,#6685,#6692,#6773,#6802,#6883,#6912,#7005,
    #7075,#7155,#7203,#7210,#7214,#7218,#7222,#7226,#7230,#7234,#7238,
    #7242,#7246,#7250,#7254,#7259,#7314,#7319,#7324,#7379,#7384,#7388));
#17 = ADVANCED_FACE('',(#18),#32,.F.);
#18 = FACE_BOUND('',#19,.F.);
#19 = EDGE_LOOP('',(#20,#55,#88,#116,#149,#177,#210,#238));
#20 = ORIENTED_EDGE('',*,*,#21,.F.);
#21 = EDGE_CURVE('',#22,#24,#26,.T.);
#22 = VERTEX_POINT('',#23);
#23 = CARTESIAN_POINT('',(149.875,-57.625,0.));
#24 = VERTEX_POINT('',#25);
#25 = CARTESIAN_POINT('',(-149.875,-57.625,0.));
#26 = SURFACE_CURVE('',#27,(#31,#43),.PCURVE_S1.);
#27 = LINE('',#28,#29);
#28 = CARTESIAN_POINT('',(152.875,-57.625,0.));
#29 = VECTOR('',#30,1.);
#30 = DIRECTION('',(-1.,0.,0.));
#31 = PCURVE('',#32,#37);
#32 = PLANE('',#33);
#33 = AXIS2_PLACEMENT_3D('',#34,#35,#36);
#34 = CARTESIAN_POINT('',(0.,-57.625,0.));
#35 = DIRECTION('',(0.,0.,1.));
#36 = DIRECTION('',(0.,1.,0.));
#37 = DEFINITIONAL_REPRESENTATION('',(#38),#42);
#38 = LINE('',#39,#40);
#39 = CARTESIAN_POINT('',(0.,-152.875));
#40 = VECTOR('',#41,1.);
#41 = DIRECTION('',(0.,1.));
#42 = ( GEOMETRIC_REPRESENTATION_CONTEXT(2) 
PARAMETRIC_REPRESENTATION_CONTEXT() REPRESENTATION_CONTEXT('2D SPACE',''
  ) );
#43 = PCURVE('',#44,#49);
#44 = PLANE('',#45);
#45 = AXIS2_PLACEMENT_3D('',#46,#47,#48);
#46 = CARTESIAN_POINT('',(0.,-57.625,14.));
#47 = DIRECTION('',(-0.,1.,0.));
#48 = DIRECTION('',(0.,0.,-1.));
#49 = DEFINITIONAL_REPRESENTATION('',(#50),#54);
#50 = LINE('',#51,#52);
#51 = CARTESIAN_POINT('',(14.,-152.875));
#52 = VECTOR('',#53,1.);
#53 = DIRECTION('',(0.,1.));
#54 = ( GEOMETRIC_REPRESENTATION_CONTEXT(2) 
PARAMETRIC_REPRESENTATION_CONTEXT() REPRESENTATION_CONTEXT('2D SPACE',''
  ) );
#55 = ORIENTED_EDGE('',*,*,#56,.F.);
#56 = EDGE_CURVE('',#57,#22,#59,.T.);
#57 = VERTEX_POINT('',#58);
#58 = CARTESIAN_POINT('',(152.875,-54.625,0.));
#59 = SURFACE_CURVE('',#60,(#65,#76),.PCURVE_S1.);
#60 = CIRCLE('',#61,3.);
#61 = AXIS2_PLACEMENT_3D('',#62,#63,#64);
#62 = CARTESIAN_POINT('',(149.875,-54.625,0.));
#63 = DIRECTION('',(0.,0.,-1.));
#64 = DIRECTION('',(0.,1.,0.));
#65 = PCURVE('',#32,#66);
#66 = DEFINITIONAL_REPRESENTATION('',(#67),#75);
#67 = ( BOUNDED_CURVE() B_SPLINE_CURVE(2,(#68,#69,#70,#71,#72,#73,#74),
.UNSPECIFIED.,.T.,.F.) B_SPLINE_CURVE_WITH_KNOTS((1,2,2,2,2,1),(
    -2.094395102393,0.,2.094395102393,4.188790204786,6.28318530718,
8.377580409573),.UNSPECIFIED.) CURVE() GEOMETRIC_REPRESENTATION_ITEM() 
RATIONAL_B_SPLINE_CURVE((1.,0.5,1.,0.5,1.,0.5,1.)) REPRESENTATION_ITEM(
  '') );
#68 = CARTESIAN_POINT('',(6.,-149.875));
#69 = CARTESIAN_POINT('',(6.,-155.0711524227));
#70 = CARTESIAN_POINT('',(1.5,-152.4730762113));
#71 = CARTESIAN_POINT('',(-3.,-149.875));
#72 = CARTESIAN_POINT('',(1.5,-147.2769237886));
#73 = CARTESIAN_POINT('',(6.,-144.6788475772));
#74 = CARTESIAN_POINT('',(6.,-149.875));
#75 = ( GEOMETRIC_REPRESENTATION_CONTEXT(2) 
PARAMETRIC_REPRESENTATION_CONTEXT() REPRESENTATION_CONTEXT('2D SPACE',''
  ) );
#76 = PCURVE('',#77,#82);
#77 = CYLINDRICAL_SURFACE('',#78,3.);
#78 = AXIS2_PLACEMENT_3D('',#79,#80,#81);
#79 = CARTESIAN_POINT('',(149.875,-54.625,14.));
#80 = DIRECTION('',(0.,0.,-1.));
#81 = DIRECTION('',(1.,0.,0.));
#82 = DEFINITIONAL_REPRESENTATION('',(#83),#87);
#83 = LINE('',#84,#85);
#84 = CARTESIAN_POINT('',(-1.570796326795,14.));
#85 = VECTOR('',#86,1.);
#86 = DIRECTION('',(1.,0.));
#87 = ( GEOMETRIC_REPRESENTATION_CONTEXT(2) 
PARAMETRIC_REPRESENTATION_CONTEXT() REPRESENTATION_CONTEXT('2D SPACE',''
  ) );
#88 = ORIENTED_EDGE('',*,*,#89,.T.);
#89 = EDGE_CURVE('',#57,#90,#92,.T.);
#90 = VERTEX_POINT('',#91);
#91 = CARTESIAN_POINT('',(152.875,54.625,0.));
#92 = SURFACE_CURVE('',#93,(#97,#104),.PCURVE_S1.);
#93 = LINE('',#94,#95);
#94 = CARTESIAN_POINT('',(152.875,-57.625,0.));
#95 = VECTOR('',#96,1.);
#96 = DIRECTION('',(0.,1.,0.));
#97 = PCURVE('',#32,#98);
#98 = DEFINITIONAL_REPRESENTATION('',(#99),#103);
#99 = LINE('',#100,#101);
#100 = CARTESIAN_POINT('',(0.,-152.875));
#101 = VECTOR('',#102,1.);
#102 = DIRECTION('',(1.,0.));
#103 = ( GEOMETRIC_REPRESENTATION_CONTEXT(2) 
PARAMETRIC_REPRESENTATION_CONTEXT() REPRESENTATION_CONTEXT('2D SPACE',''
  ) );
#104 = PCURVE('',#105,#110);
#105 = PLANE('',#106);
#106 = AXIS2_PLACEMENT_3D('',#107,#108,#109);
#107 = CARTESIAN_POINT('',(152.875,2.951374538642,10.711802855538));
#108 = DIRECTION('',(1.,0.,0.));
#109 = DIRECTION('',(-0.,0.,1.));
#110 = DEFINITIONAL_REPRESENTATION('',(#111),#115);
#111 = LINE('',#112,#113);
#112 = CARTESIAN_POINT('',(-10.71180285553,60.576374538642));
#113 = VECTOR('',#114,1.);
#114 = DIRECTION('',(0.,-1.));
#115 = ( GEOMETRIC_REPRESENTATION_CONTEXT(2) 
PARAMETRIC_REPRESENTATION_CONTEXT() REPRESENTATION_CONTEXT('2D SPACE',''
  ) );
#116 = ORIENTED_EDGE('',*,*,#117,.F.);
#117 = EDGE_CURVE('',#118,#90,#120,.T.);
#118 = VERTEX_POINT('',#119);
#119 = CARTESIAN_POINT('',(149.875,57.625,0.));
#120 = SURFACE_CURVE('',#121,(#126,#137),.PCURVE_S1.);
#121 = CIRCLE('',#122,3.);
#122 = AXIS2_PLACEMENT_3D('',#123,#124,#125);
#123 = CARTESIAN_POINT('',(149.875,54.625,0.));
#124 = DIRECTION('',(-0.,-0.,-1.));
#125 = DIRECTION('',(0.,-1.,0.));
#126 = PCURVE('',#32,#127);
#127 = DEFINITIONAL_REPRESENTATION('',(#128),#136);
#128 = ( BOUNDED_CURVE() B_SPLINE_CURVE(2,(#129,#130,#131,#132,#133,#134
,#135),.UNSPECIFIED.,.T.,.F.) B_SPLINE_CURVE_WITH_KNOTS((1,2,2,2,2,1),(
    -2.094395102393,0.,2.094395102393,4.188790204786,6.28318530718,
8.377580409573),.UNSPECIFIED.) CURVE() GEOMETRIC_REPRESENTATION_ITEM() 
RATIONAL_B_SPLINE_CURVE((1.,0.5,1.,0.5,1.,0.5,1.)) REPRESENTATION_ITEM(
  '') );
#129 = CARTESIAN_POINT('',(109.25,-149.875));
#130 = CARTESIAN_POINT('',(109.25,-144.6788475772));
#131 = CARTESIAN_POINT('',(113.75,-147.2769237886));
#132 = CARTESIAN_POINT('',(118.25,-149.875));
#133 = CARTESIAN_POINT('',(113.75,-152.4730762113));
#134 = CARTESIAN_POINT('',(109.25,-155.0711524227));
#135 = CARTESIAN_POINT('',(109.25,-149.875));
#136 = ( GEOMETRIC_REPRESENTATION_CONTEXT(2) 
PARAMETRIC_REPRESENTATION_CONTEXT() REPRESENTATION_CONTEXT('2D SPACE',''
  ) );
#137 = PCURVE('',#138,#143);
#138 = CYLINDRICAL_SURFACE('',#139,3.);
#139 = AXIS2_PLACEMENT_3D('',#140,#141,#142);
#140 = CARTESIAN_POINT('',(149.875,54.625,0.));
#141 = DIRECTION('',(0.,0.,1.));
#142 = DIRECTION('',(-0.,1.,0.));
#143 = DEFINITIONAL_REPRESENTATION('',(#144),#148);
#144 = LINE('',#145,#146);
#145 = CARTESIAN_POINT('',(3.14159265359,-0.));
#146 = VECTOR('',#147,1.);
#147 = DIRECTION('',(-1.,0.));
#148 = ( GEOMETRIC_REPRESENTATION_CONTEXT(2) 
PARAMETRIC_REPRESENTATION_CONTEXT() REPRESENTATION_CONTEXT('2D SPACE',''
  ) );
#149 = ORIENTED_EDGE('',*,*,#150,.F.);
#150 = EDGE_CURVE('',#151,#118,#153,.T.);
#151 = VERTEX_POINT('',#152);
#152 = CARTESIAN_POINT('',(-149.875,57.625,0.));
#153 = SURFACE_CURVE('',#154,(#158,#165),.PCURVE_S1.);
#154 = LINE('',#155,#156);
#155 = CARTESIAN_POINT('',(-152.875,57.625,0.));
#156 = VECTOR('',#157,1.);
#157 = DIRECTION('',(1.,0.,0.));
#158 = PCURVE('',#32,#159);
#159 = DEFINITIONAL_REPRESENTATION('',(#160),#164);
#160 = LINE('',#161,#162);
#161 = CARTESIAN_POINT('',(115.25,152.875));
#162 = VECTOR('',#163,1.);
#163 = DIRECTION('',(0.,-1.));
#164 = ( GEOMETRIC_REPRESENTATION_CONTEXT(2) 
PARAMETRIC_REPRESENTATION_CONTEXT() REPRESENTATION_CONTEXT('2D SPACE',''
  ) );
#165 = PCURVE('',#166,#171);
#166 = PLANE('',#167);
#167 = AXIS2_PLACEMENT_3D('',#168,#169,#170);
#168 = CARTESIAN_POINT('',(0.,57.625,0.));
#169 = DIRECTION('',(0.,-1.,0.));
#170 = DIRECTION('',(0.,0.,1.));
#171 = DEFINITIONAL_REPRESENTATION('',(#172),#176);
#172 = LINE('',#173,#174);
#173 = CARTESIAN_POINT('',(0.,152.875));
#174 = VECTOR('',#175,1.);
#175 = DIRECTION('',(0.,-1.));
#176 = ( GEOMETRIC_REPRESENTATION_CONTEXT(2) 
PARAMETRIC_REPRESENTATION_CONTEXT() REPRESENTATION_CONTEXT('2D SPACE',''
  ) );
#177 = ORIENTED_EDGE('',*,*,#178,.F.);
#178 = EDGE_CURVE('',#179,#151,#181,.T.);
#179 = VERTEX_POINT('',#180);
#180 = CARTESIAN_POINT('',(-152.875,54.625,0.));
#181 = SURFACE_CURVE('',#182,(#187,#198),.PCURVE_S1.);
#182 = CIRCLE('',#183,3.);
#183 = AXIS2_PLACEMENT_3D('',#184,#185,#186);
#184 = CARTESIAN_POINT('',(-149.875,54.625,0.));
#185 = DIRECTION('',(-0.,-0.,-1.));
#186 = DIRECTION('',(0.,-1.,0.));
#187 = PCURVE('',#32,#188);
#188 = DEFINITIONAL_REPRESENTATION('',(#189),#197);
#189 = ( BOUNDED_CURVE() B_SPLINE_CURVE(2,(#190,#191,#192,#193,#194,#195
,#196),.UNSPECIFIED.,.T.,.F.) B_SPLINE_CURVE_WITH_KNOTS((1,2,2,2,2,1),(
    -2.094395102393,0.,2.094395102393,4.188790204786,6.28318530718,
8.377580409573),.UNSPECIFIED.) CURVE() GEOMETRIC_REPRESENTATION_ITEM() 
RATIONAL_B_SPLINE_CURVE((1.,0.5,1.,0.5,1.,0.5,1.)) REPRESENTATION_ITEM(
  '') );
#190 = CARTESIAN_POINT('',(109.25,149.875));
#191 = CARTESIAN_POINT('',(109.25,155.0711524227));
#192 = CARTESIAN_POINT('',(113.75,152.47307621135));
#193 = CARTESIAN_POINT('',(118.25,149.875));
#194 = CARTESIAN_POINT('',(113.75,147.27692378864));
#195 = CARTESIAN_POINT('',(109.25,144.67884757729));
#196 = CARTESIAN_POINT('',(109.25,149.875));
#197 = ( GEOMETRIC_REPRESENTATION_CONTEXT(2) 
PARAMETRIC_REPRESENTATION_CONTEXT() REPRESENTATION_CONTEXT('2D SPACE',''
  ) );
#198 = PCURVE('',#199,#204);
#199 = CYLINDRICAL_SURFACE('',#200,3.);
#200 = AXIS2_PLACEMENT_3D('',#201,#202,#203);
#201 = CARTESIAN_POINT('',(-149.875,54.625,0.));
#202 = DIRECTION('',(0.,0.,1.));
#203 = DIRECTION('',(-1.,0.,0.));
#204 = DEFINITIONAL_REPRESENTATION('',(#205),#209);
#205 = LINE('',#206,#207);
#206 = CARTESIAN_POINT('',(1.570796326795,-0.));
#207 = VECTOR('',#208,1.);
#208 = DIRECTION('',(-1.,0.));
#209 = ( GEOMETRIC_REPRESENTATION_CONTEXT(2) 
PARAMETRIC_REPRESENTATION_CONTEXT() REPRESENTATION_CONTEXT('2D SPACE',''
  ) );
#210 = ORIENTED_EDGE('',*,*,#211,.F.);
#211 = EDGE_CURVE('',#212,#179,#214,.T.);
#212 = VERTEX_POINT('',#213);
#213 = CARTESIAN_POINT('',(-152.875,-54.625,0.));
#214 = SURFACE_CURVE('',#215,(#219,#226),.PCURVE_S1.);
#215 = LINE('',#216,#217);
#216 = CARTESIAN_POINT('',(-152.875,-57.625,0.));
#217 = VECTOR('',#218,1.);
#218 = DIRECTION('',(0.,1.,0.));
#219 = PCURVE('',#32,#220);
#220 = DEFINITIONAL_REPRESENTATION('',(#221),#225);
#221 = LINE('',#222,#223);
#222 = CARTESIAN_POINT('',(0.,152.875));
#223 = VECTOR('',#224,1.);
#224 = DIRECTION('',(1.,0.));
#225 = ( GEOMETRIC_REPRESENTATION_CONTEXT(2) 
PARAMETRIC_REPRESENTATION_CONTEXT() REPRESENTATION_CONTEXT('2D SPACE',''
  ) );
#226 = PCURVE('',#227,#232);
#227 = PLANE('',#228);
#228 = AXIS2_PLACEMENT_3D('',#229,#230,#231);
#229 = CARTESIAN_POINT('',(-152.875,2.951374538642,10.711802855538));
#230 = DIRECTION('',(1.,0.,0.));
#231 = DIRECTION('',(-0.,0.,1.));
#232 = DEFINITIONAL_REPRESENTATION('',(#233),#237);
#233 = LINE('',#234,#235);
#234 = CARTESIAN_POINT('',(-10.71180285553,60.576374538642));
#235 = VECTOR('',#236,1.);
#236 = DIRECTION('',(0.,-1.));
#237 = ( GEOMETRIC_REPRESENTATION_CONTEXT(2) 
PARAMETRIC_REPRESENTATION_CONTEXT() REPRESENTATION_CONTEXT('2D SPACE',''
  ) );
#238 = ORIENTED_EDGE('',*,*,#239,.T.);
#239 = EDGE_CURVE('',#212,#24,#240,.T.);
#240 = SURFACE_CURVE('',#241,(#246,#253),.PCURVE_S1.);
#241 = CIRCLE('',#242,3.);
#242 = AXIS2_PLACEMENT_3D('',#243,#244,#245);
#243 = CARTESIAN_POINT('',(-149.875,-54.625,0.));
#244 = DIRECTION('',(0.,-0.,1.));
#245 = DIRECTION('',(0.,1.,0.));
#246 = PCURVE('',#32,#247);
#247 = DEFINITIONAL_REPRESENTATION('',(#248),#252);
#248 = CIRCLE('',#249,3.);
#249 = AXIS2_PLACEMENT_2D('',#250,#251);
#250 = CARTESIAN_POINT('',(3.,149.875));
#251 = DIRECTION('',(1.,0.));
#252 = ( GEOMETRIC_REPRESENTATION_CONTEXT(2) 
PARAMETRIC_REPRESENTATION_CONTEXT() REPRESENTATION_CONTEXT('2D SPACE',''
  ) );
#253 = PCURVE('',#254,#259);
#254 = CYLINDRICAL_SURFACE('',#255,3.);
#255 = AXIS2_PLACEMENT_3D('',#256,#257,#258);
#256 = CARTESIAN_POINT('',(-149.875,-54.625,14.));
#257 = DIRECTION('',(0.,0.,-1.));
#258 = DIRECTION('',(-1.,-0.,-0.));
#259 = DEFINITIONAL_REPRESENTATION('',(#260),#264);
#260 = LINE('',#261,#262);
#261 = CARTESIAN_POINT('',(1.570796326795,14.));
#262 = VECTOR('',#263,1.);
#263 = DIRECTION('',(-1.,0.));
#264 = ( GEOMETRIC_REPRESENTATION_CONTEXT(2) 
PARAMETRIC_REPRESENTATION_CONTEXT() REPRESENTATION_CONTEXT('2D SPACE',''
  ) );
#265 = ADVANCED_FACE('',(#266),#44,.F.);
#266 = FACE_BOUND('',#267,.F.);
#267 = EDGE_LOOP('',(#268,#298,#319,#320));
#268 = ORIENTED_EDGE('',*,*,#269,.F.);
#269 = EDGE_CURVE('',#270,#272,#274,.T.);
#270 = VERTEX_POINT('',#271);
#271 = CARTESIAN_POINT('',(149.875,-57.625,14.));
#272 = VERTEX_POINT('',#273);
#273 = CARTESIAN_POINT('',(-149.875,-57.625,14.));
#274 = SURFACE_CURVE('',#275,(#279,#286),.PCURVE_S1.);
#275 = LINE('',#276,#277);
#276 = CARTESIAN_POINT('',(152.875,-57.625,14.));
#277 = VECTOR('',#278,1.);
#278 = DIRECTION('',(-1.,0.,0.));
#279 = PCURVE('',#44,#280);
#280 = DEFINITIONAL_REPRESENTATION('',(#281),#285);
#281 = LINE('',#282,#283);
#282 = CARTESIAN_POINT('',(0.,-152.875));
#283 = VECTOR('',#284,1.);
#284 = DIRECTION('',(0.,1.));
#285 = ( GEOMETRIC_REPRESENTATION_CONTEXT(2) 
PARAMETRIC_REPRESENTATION_CONTEXT() REPRESENTATION_CONTEXT('2D SPACE',''
  ) );
#286 = PCURVE('',#287,#292);
#287 = PLANE('',#288);
#288 = AXIS2_PLACEMENT_3D('',#289,#290,#291);
#289 = CARTESIAN_POINT('',(0.,57.625,28.));
#290 = DIRECTION('',(0.,0.120588598369,-0.99270256872));
#291 = DIRECTION('',(0.,-0.99270256872,-0.120588598369));
#292 = DEFINITIONAL_REPRESENTATION('',(#293),#297);
#293 = LINE('',#294,#295);
#294 = CARTESIAN_POINT('',(116.09721142215,-152.875));
#295 = VECTOR('',#296,1.);
#296 = DIRECTION('',(-0.,1.));
#297 = ( GEOMETRIC_REPRESENTATION_CONTEXT(2) 
PARAMETRIC_REPRESENTATION_CONTEXT() REPRESENTATION_CONTEXT('2D SPACE',''
  ) );
#298 = ORIENTED_EDGE('',*,*,#299,.T.);
#299 = EDGE_CURVE('',#270,#22,#300,.T.);
#300 = SURFACE_CURVE('',#301,(#305,#312),.PCURVE_S1.);
#301 = LINE('',#302,#303);
#302 = CARTESIAN_POINT('',(149.875,-57.625,14.));
#303 = VECTOR('',#304,1.);
#304 = DIRECTION('',(0.,0.,-1.));
#305 = PCURVE('',#44,#306);
#306 = DEFINITIONAL_REPRESENTATION('',(#307),#311);
#307 = LINE('',#308,#309);
#308 = CARTESIAN_POINT('',(0.,-149.875));
#309 = VECTOR('',#310,1.);
#310 = DIRECTION('',(1.,0.));
#311 = ( GEOMETRIC_REPRESENTATION_CONTEXT(2) 
PARAMETRIC_REPRESENTATION_CONTEXT() REPRESENTATION_CONTEXT('2D SPACE',''
  ) );
#312 = PCURVE('',#77,#313);
#313 = DEFINITIONAL_REPRESENTATION('',(#314),#318);
#314 = LINE('',#315,#316);
#315 = CARTESIAN_POINT('',(1.570796326795,0.));
#316 = VECTOR('',#317,1.);
#317 = DIRECTION('',(0.,1.));
#318 = ( GEOMETRIC_REPRESENTATION_CONTEXT(2) 
PARAMETRIC_REPRESENTATION_CONTEXT() REPRESENTATION_CONTEXT('2D SPACE',''
  ) );
#319 = ORIENTED_EDGE('',*,*,#21,.T.);
#320 = ORIENTED_EDGE('',*,*,#321,.F.);
#321 = EDGE_CURVE('',#272,#24,#322,.T.);
#322 = SURFACE_CURVE('',#323,(#327,#334),.PCURVE_S1.);
#323 = LINE('',#324,#325);
#324 = CARTESIAN_POINT('',(-149.875,-57.625,14.));
#325 = VECTOR('',#326,1.);
#326 = DIRECTION('',(0.,0.,-1.));
#327 = PCURVE('',#44,#328);
#328 = DEFINITIONAL_REPRESENTATION('',(#329),#333);
#329 = LINE('',#330,#331);
#330 = CARTESIAN_POINT('',(0.,149.875));
#331 = VECTOR('',#332,1.);
#332 = DIRECTION('',(1.,0.));
#333 = ( GEOMETRIC_REPRESENTATION_CONTEXT(2) 
PARAMETRIC_REPRESENTATION_CONTEXT() REPRESENTATION_CONTEXT('2D SPACE',''
  ) );
#334 = PCURVE('',#254,#335);
#335 = DEFINITIONAL_REPRESENTATION('',(#336),#340);
#336 = LINE('',#337,#338);
#337 = CARTESIAN_POINT('',(-1.570796326795,0.));
#338 = VECTOR('',#339,1.);
#339 = DIRECTION('',(-0.,1.));
#340 = ( GEOMETRIC_REPRESENTATION_CONTEXT(2) 
PARAMETRIC_REPRESENTATION_CONTEXT() REPRESENTATION_CONTEXT('2D SPACE',''
  ) );
#341 = ADVANCED_FACE('',(#342),#77,.T.);
#342 = FACE_BOUND('',#343,.T.);
#343 = EDGE_LOOP('',(#344,#371,#372,#373));
#344 = ORIENTED_EDGE('',*,*,#345,.T.);
#345 = EDGE_CURVE('',#346,#270,#348,.T.);
#346 = VERTEX_POINT('',#347);
#347 = CARTESIAN_POINT('',(152.875,-54.625,14.36442516269));
#348 = SURFACE_CURVE('',#349,(#354,#364),.PCURVE_S1.);
#349 = ELLIPSE('',#350,3.022053225739,3.);
#350 = AXIS2_PLACEMENT_3D('',#351,#352,#353);
#351 = CARTESIAN_POINT('',(149.875,-54.625,14.36442516269));
#352 = DIRECTION('',(0.,0.120588598369,-0.99270256872));
#353 = DIRECTION('',(0.,-0.99270256872,-0.120588598369));
#354 = PCURVE('',#77,#355);
#355 = DEFINITIONAL_REPRESENTATION('',(#356),#363);
#356 = B_SPLINE_CURVE_WITH_KNOTS('',5,(#357,#358,#359,#360,#361,#362),
  .UNSPECIFIED.,.F.,.F.,(6,6),(4.712388980385,6.28318530718),
  .PIECEWISE_BEZIER_KNOTS.);
#357 = CARTESIAN_POINT('',(1.110223024625E-16,-0.36442516269));
#358 = CARTESIAN_POINT('',(0.314159265359,-0.249937621301));
#359 = CARTESIAN_POINT('',(0.628318335719,-0.135346565088));
#360 = CARTESIAN_POINT('',(0.942478257406,-4.483514570506E-02));
#361 = CARTESIAN_POINT('',(1.256637061436,1.66250115526E-15));
#362 = CARTESIAN_POINT('',(1.570796326795,1.7763568394E-15));
#363 = ( GEOMETRIC_REPRESENTATION_CONTEXT(2) 
PARAMETRIC_REPRESENTATION_CONTEXT() REPRESENTATION_CONTEXT('2D SPACE',''
  ) );
#364 = PCURVE('',#287,#365);
#365 = DEFINITIONAL_REPRESENTATION('',(#366),#370);
#366 = ELLIPSE('',#367,3.022053225739,3.);
#367 = AXIS2_PLACEMENT_2D('',#368,#369);
#368 = CARTESIAN_POINT('',(113.07515819641,-149.875));
#369 = DIRECTION('',(1.,0.));
#370 = ( GEOMETRIC_REPRESENTATION_CONTEXT(2) 
PARAMETRIC_REPRESENTATION_CONTEXT() REPRESENTATION_CONTEXT('2D SPACE',''
  ) );
#371 = ORIENTED_EDGE('',*,*,#299,.T.);
#372 = ORIENTED_EDGE('',*,*,#56,.F.);
#373 = ORIENTED_EDGE('',*,*,#374,.F.);
#374 = EDGE_CURVE('',#346,#57,#375,.T.);
#375 = SURFACE_CURVE('',#376,(#380,#387),.PCURVE_S1.);
#376 = LINE('',#377,#378);
#377 = CARTESIAN_POINT('',(152.875,-54.625,14.));
#378 = VECTOR('',#379,1.);
#379 = DIRECTION('',(0.,0.,-1.));
#380 = PCURVE('',#77,#381);
#381 = DEFINITIONAL_REPRESENTATION('',(#382),#386);
#382 = LINE('',#383,#384);
#383 = CARTESIAN_POINT('',(0.,0.));
#384 = VECTOR('',#385,1.);
#385 = DIRECTION('',(0.,1.));
#386 = ( GEOMETRIC_REPRESENTATION_CONTEXT(2) 
PARAMETRIC_REPRESENTATION_CONTEXT() REPRESENTATION_CONTEXT('2D SPACE',''
  ) );
#387 = PCURVE('',#105,#388);
#388 = DEFINITIONAL_REPRESENTATION('',(#389),#393);
#389 = LINE('',#390,#391);
#390 = CARTESIAN_POINT('',(3.288197144462,57.576374538642));
#391 = VECTOR('',#392,1.);
#392 = DIRECTION('',(-1.,0.));
#393 = ( GEOMETRIC_REPRESENTATION_CONTEXT(2) 
PARAMETRIC_REPRESENTATION_CONTEXT() REPRESENTATION_CONTEXT('2D SPACE',''
  ) );
#394 = ADVANCED_FACE('',(#395),#254,.T.);
#395 = FACE_BOUND('',#396,.F.);
#396 = EDGE_LOOP('',(#397,#428,#429,#430));
#397 = ORIENTED_EDGE('',*,*,#398,.T.);
#398 = EDGE_CURVE('',#399,#272,#401,.T.);
#399 = VERTEX_POINT('',#400);
#400 = CARTESIAN_POINT('',(-152.875,-54.625,14.36442516269));
#401 = SURFACE_CURVE('',#402,(#407,#417),.PCURVE_S1.);
#402 = ELLIPSE('',#403,3.022053225739,3.);
#403 = AXIS2_PLACEMENT_3D('',#404,#405,#406);
#404 = CARTESIAN_POINT('',(-149.875,-54.625,14.36442516269));
#405 = DIRECTION('',(0.,-0.120588598369,0.99270256872));
#406 = DIRECTION('',(0.,-0.99270256872,-0.120588598369));
#407 = PCURVE('',#254,#408);
#408 = DEFINITIONAL_REPRESENTATION('',(#409),#416);
#409 = B_SPLINE_CURVE_WITH_KNOTS('',5,(#410,#411,#412,#413,#414,#415),
  .UNSPECIFIED.,.F.,.F.,(6,6),(4.712388980385,6.28318530718),
  .PIECEWISE_BEZIER_KNOTS.);
#410 = CARTESIAN_POINT('',(-1.110223024625E-16,-0.36442516269));
#411 = CARTESIAN_POINT('',(-0.314159265359,-0.249937621301));
#412 = CARTESIAN_POINT('',(-0.628318335719,-0.135346565088));
#413 = CARTESIAN_POINT('',(-0.942478257406,-4.483514570506E-02));
#414 = CARTESIAN_POINT('',(-1.256637061436,1.66250115526E-15));
#415 = CARTESIAN_POINT('',(-1.570796326795,1.7763568394E-15));
#416 = ( GEOMETRIC_REPRESENTATION_CONTEXT(2) 
PARAMETRIC_REPRESENTATION_CONTEXT() REPRESENTATION_CONTEXT('2D SPACE',''
  ) );
#417 = PCURVE('',#287,#418);
#418 = DEFINITIONAL_REPRESENTATION('',(#419),#427);
#419 = ( BOUNDED_CURVE() B_SPLINE_CURVE(2,(#420,#421,#422,#423,#424,#425
,#426),.UNSPECIFIED.,.T.,.F.) B_SPLINE_CURVE_WITH_KNOTS((1,2,2,2,2,1),(
    -2.094395102393,0.,2.094395102393,4.188790204786,6.28318530718,
8.377580409573),.UNSPECIFIED.) CURVE() GEOMETRIC_REPRESENTATION_ITEM() 
RATIONAL_B_SPLINE_CURVE((1.,0.5,1.,0.5,1.,0.5,1.)) REPRESENTATION_ITEM(
  '') );
#420 = CARTESIAN_POINT('',(116.09721142215,149.875));
#421 = CARTESIAN_POINT('',(116.09721142215,144.67884757729));
#422 = CARTESIAN_POINT('',(111.56413158354,147.27692378864));
#423 = CARTESIAN_POINT('',(107.03105174493,149.875));
#424 = CARTESIAN_POINT('',(111.56413158354,152.47307621135));
#425 = CARTESIAN_POINT('',(116.09721142215,155.0711524227));
#426 = CARTESIAN_POINT('',(116.09721142215,149.875));
#427 = ( GEOMETRIC_REPRESENTATION_CONTEXT(2) 
PARAMETRIC_REPRESENTATION_CONTEXT() REPRESENTATION_CONTEXT('2D SPACE',''
  ) );
#428 = ORIENTED_EDGE('',*,*,#321,.T.);
#429 = ORIENTED_EDGE('',*,*,#239,.F.);
#430 = ORIENTED_EDGE('',*,*,#431,.F.);
#431 = EDGE_CURVE('',#399,#212,#432,.T.);
#432 = SURFACE_CURVE('',#433,(#437,#444),.PCURVE_S1.);
#433 = LINE('',#434,#435);
#434 = CARTESIAN_POINT('',(-152.875,-54.625,14.));
#435 = VECTOR('',#436,1.);
#436 = DIRECTION('',(0.,0.,-1.));
#437 = PCURVE('',#254,#438);
#438 = DEFINITIONAL_REPRESENTATION('',(#439),#443);
#439 = LINE('',#440,#441);
#440 = CARTESIAN_POINT('',(-0.,0.));
#441 = VECTOR('',#442,1.);
#442 = DIRECTION('',(-0.,1.));
#443 = ( GEOMETRIC_REPRESENTATION_CONTEXT(2) 
PARAMETRIC_REPRESENTATION_CONTEXT() REPRESENTATION_CONTEXT('2D SPACE',''
  ) );
#444 = PCURVE('',#227,#445);
#445 = DEFINITIONAL_REPRESENTATION('',(#446),#450);
#446 = LINE('',#447,#448);
#447 = CARTESIAN_POINT('',(3.288197144462,57.576374538642));
#448 = VECTOR('',#449,1.);
#449 = DIRECTION('',(-1.,0.));
#450 = ( GEOMETRIC_REPRESENTATION_CONTEXT(2) 
PARAMETRIC_REPRESENTATION_CONTEXT() REPRESENTATION_CONTEXT('2D SPACE',''
  ) );
#451 = ADVANCED_FACE('',(#452),#105,.T.);
#452 = FACE_BOUND('',#453,.T.);
#453 = EDGE_LOOP('',(#454,#455,#478,#499));
#454 = ORIENTED_EDGE('',*,*,#89,.T.);
#455 = ORIENTED_EDGE('',*,*,#456,.T.);
#456 = EDGE_CURVE('',#90,#457,#459,.T.);
#457 = VERTEX_POINT('',#458);
#458 = CARTESIAN_POINT('',(152.875,54.625,27.63557483731));
#459 = SURFACE_CURVE('',#460,(#464,#471),.PCURVE_S1.);
#460 = LINE('',#461,#462);
#461 = CARTESIAN_POINT('',(152.875,54.625,0.));
#462 = VECTOR('',#463,1.);
#463 = DIRECTION('',(0.,0.,1.));
#464 = PCURVE('',#105,#465);
#465 = DEFINITIONAL_REPRESENTATION('',(#466),#470);
#466 = LINE('',#467,#468);
#467 = CARTESIAN_POINT('',(-10.71180285553,-51.67362546135));
#468 = VECTOR('',#469,1.);
#469 = DIRECTION('',(1.,0.));
#470 = ( GEOMETRIC_REPRESENTATION_CONTEXT(2) 
PARAMETRIC_REPRESENTATION_CONTEXT() REPRESENTATION_CONTEXT('2D SPACE',''
  ) );
#471 = PCURVE('',#138,#472);
#472 = DEFINITIONAL_REPRESENTATION('',(#473),#477);
#473 = LINE('',#474,#475);
#474 = CARTESIAN_POINT('',(-1.570796326795,0.));
#475 = VECTOR('',#476,1.);
#476 = DIRECTION('',(-0.,1.));
#477 = ( GEOMETRIC_REPRESENTATION_CONTEXT(2) 
PARAMETRIC_REPRESENTATION_CONTEXT() REPRESENTATION_CONTEXT('2D SPACE',''
  ) );
#478 = ORIENTED_EDGE('',*,*,#479,.T.);
#479 = EDGE_CURVE('',#457,#346,#480,.T.);
#480 = SURFACE_CURVE('',#481,(#485,#492),.PCURVE_S1.);
#481 = LINE('',#482,#483);
#482 = CARTESIAN_POINT('',(152.875,57.625,28.));
#483 = VECTOR('',#484,1.);
#484 = DIRECTION('',(0.,-0.99270256872,-0.120588598369));
#485 = PCURVE('',#105,#486);
#486 = DEFINITIONAL_REPRESENTATION('',(#487),#491);
#487 = LINE('',#488,#489);
#488 = CARTESIAN_POINT('',(17.288197144462,-54.67362546135));
#489 = VECTOR('',#490,1.);
#490 = DIRECTION('',(-0.120588598369,0.99270256872));
#491 = ( GEOMETRIC_REPRESENTATION_CONTEXT(2) 
PARAMETRIC_REPRESENTATION_CONTEXT() REPRESENTATION_CONTEXT('2D SPACE',''
  ) );
#492 = PCURVE('',#287,#493);
#493 = DEFINITIONAL_REPRESENTATION('',(#494),#498);
#494 = LINE('',#495,#496);
#495 = CARTESIAN_POINT('',(0.,-152.875));
#496 = VECTOR('',#497,1.);
#497 = DIRECTION('',(1.,0.));
#498 = ( GEOMETRIC_REPRESENTATION_CONTEXT(2) 
PARAMETRIC_REPRESENTATION_CONTEXT() REPRESENTATION_CONTEXT('2D SPACE',''
  ) );
#499 = ORIENTED_EDGE('',*,*,#374,.T.);
#500 = ADVANCED_FACE('',(#501),#227,.F.);
#501 = FACE_BOUND('',#502,.F.);
#502 = EDGE_LOOP('',(#503,#504,#527,#548));
#503 = ORIENTED_EDGE('',*,*,#211,.T.);
#504 = ORIENTED_EDGE('',*,*,#505,.T.);
#505 = EDGE_CURVE('',#179,#506,#508,.T.);
#506 = VERTEX_POINT('',#507);
#507 = CARTESIAN_POINT('',(-152.875,54.625,27.63557483731));
#508 = SURFACE_CURVE('',#509,(#513,#520),.PCURVE_S1.);
#509 = LINE('',#510,#511);
#510 = CARTESIAN_POINT('',(-152.875,54.625,0.));
#511 = VECTOR('',#512,1.);
#512 = DIRECTION('',(0.,0.,1.));
#513 = PCURVE('',#227,#514);
#514 = DEFINITIONAL_REPRESENTATION('',(#515),#519);
#515 = LINE('',#516,#517);
#516 = CARTESIAN_POINT('',(-10.71180285553,-51.67362546135));
#517 = VECTOR('',#518,1.);
#518 = DIRECTION('',(1.,0.));
#519 = ( GEOMETRIC_REPRESENTATION_CONTEXT(2) 
PARAMETRIC_REPRESENTATION_CONTEXT() REPRESENTATION_CONTEXT('2D SPACE',''
  ) );
#520 = PCURVE('',#199,#521);
#521 = DEFINITIONAL_REPRESENTATION('',(#522),#526);
#522 = LINE('',#523,#524);
#523 = CARTESIAN_POINT('',(-0.,0.));
#524 = VECTOR('',#525,1.);
#525 = DIRECTION('',(-0.,1.));
#526 = ( GEOMETRIC_REPRESENTATION_CONTEXT(2) 
PARAMETRIC_REPRESENTATION_CONTEXT() REPRESENTATION_CONTEXT('2D SPACE',''
  ) );
#527 = ORIENTED_EDGE('',*,*,#528,.T.);
#528 = EDGE_CURVE('',#506,#399,#529,.T.);
#529 = SURFACE_CURVE('',#530,(#534,#541),.PCURVE_S1.);
#530 = LINE('',#531,#532);
#531 = CARTESIAN_POINT('',(-152.875,57.625,28.));
#532 = VECTOR('',#533,1.);
#533 = DIRECTION('',(0.,-0.99270256872,-0.120588598369));
#534 = PCURVE('',#227,#535);
#535 = DEFINITIONAL_REPRESENTATION('',(#536),#540);
#536 = LINE('',#537,#538);
#537 = CARTESIAN_POINT('',(17.288197144462,-54.67362546135));
#538 = VECTOR('',#539,1.);
#539 = DIRECTION('',(-0.120588598369,0.99270256872));
#540 = ( GEOMETRIC_REPRESENTATION_CONTEXT(2) 
PARAMETRIC_REPRESENTATION_CONTEXT() REPRESENTATION_CONTEXT('2D SPACE',''
  ) );
#541 = PCURVE('',#287,#542);
#542 = DEFINITIONAL_REPRESENTATION('',(#543),#547);
#543 = LINE('',#544,#545);
#544 = CARTESIAN_POINT('',(-0.,152.875));
#545 = VECTOR('',#546,1.);
#546 = DIRECTION('',(1.,0.));
#547 = ( GEOMETRIC_REPRESENTATION_CONTEXT(2) 
PARAMETRIC_REPRESENTATION_CONTEXT() REPRESENTATION_CONTEXT('2D SPACE',''
  ) );
#548 = ORIENTED_EDGE('',*,*,#431,.T.);
#549 = ADVANCED_FACE('',(#550),#138,.T.);
#550 = FACE_BOUND('',#551,.F.);
#551 = EDGE_LOOP('',(#552,#553,#554,#581));
#552 = ORIENTED_EDGE('',*,*,#117,.T.);
#553 = ORIENTED_EDGE('',*,*,#456,.T.);
#554 = ORIENTED_EDGE('',*,*,#555,.F.);
#555 = EDGE_CURVE('',#556,#457,#558,.T.);
#556 = VERTEX_POINT('',#557);
#557 = CARTESIAN_POINT('',(149.875,57.625,28.));
#558 = SURFACE_CURVE('',#559,(#564,#574),.PCURVE_S1.);
#559 = ELLIPSE('',#560,3.022053225739,3.);
#560 = AXIS2_PLACEMENT_3D('',#561,#562,#563);
#561 = CARTESIAN_POINT('',(149.875,54.625,27.63557483731));
#562 = DIRECTION('',(0.,0.120588598369,-0.99270256872));
#563 = DIRECTION('',(0.,0.99270256872,0.120588598369));
#564 = PCURVE('',#138,#565);
#565 = DEFINITIONAL_REPRESENTATION('',(#566),#573);
#566 = B_SPLINE_CURVE_WITH_KNOTS('',5,(#567,#568,#569,#570,#571,#572),
  .UNSPECIFIED.,.F.,.F.,(6,6),(1.387778780781E-17,1.570796326795),
  .PIECEWISE_BEZIER_KNOTS.);
#567 = CARTESIAN_POINT('',(0.,28.));
#568 = CARTESIAN_POINT('',(-0.314159265359,28.));
#569 = CARTESIAN_POINT('',(-0.628318069389,27.955164854295));
#570 = CARTESIAN_POINT('',(-0.942477991076,27.864653434911));
#571 = CARTESIAN_POINT('',(-1.256637061436,27.750062378699));
#572 = CARTESIAN_POINT('',(-1.570796326795,27.63557483731));
#573 = ( GEOMETRIC_REPRESENTATION_CONTEXT(2) 
PARAMETRIC_REPRESENTATION_CONTEXT() REPRESENTATION_CONTEXT('2D SPACE',''
  ) );
#574 = PCURVE('',#287,#575);
#575 = DEFINITIONAL_REPRESENTATION('',(#576),#580);
#576 = ELLIPSE('',#577,3.022053225739,3.);
#577 = AXIS2_PLACEMENT_2D('',#578,#579);
#578 = CARTESIAN_POINT('',(3.022053225739,-149.875));
#579 = DIRECTION('',(-1.,0.));
#580 = ( GEOMETRIC_REPRESENTATION_CONTEXT(2) 
PARAMETRIC_REPRESENTATION_CONTEXT() REPRESENTATION_CONTEXT('2D SPACE',''
  ) );
#581 = ORIENTED_EDGE('',*,*,#582,.F.);
#582 = EDGE_CURVE('',#118,#556,#583,.T.);
#583 = SURFACE_CURVE('',#584,(#588,#595),.PCURVE_S1.);
#584 = LINE('',#585,#586);
#585 = CARTESIAN_POINT('',(149.875,57.625,0.));
#586 = VECTOR('',#587,1.);
#587 = DIRECTION('',(0.,0.,1.));
#588 = PCURVE('',#138,#589);
#589 = DEFINITIONAL_REPRESENTATION('',(#590),#594);
#590 = LINE('',#591,#592);
#591 = CARTESIAN_POINT('',(-0.,0.));
#592 = VECTOR('',#593,1.);
#593 = DIRECTION('',(-0.,1.));
#594 = ( GEOMETRIC_REPRESENTATION_CONTEXT(2) 
PARAMETRIC_REPRESENTATION_CONTEXT() REPRESENTATION_CONTEXT('2D SPACE',''
  ) );
#595 = PCURVE('',#166,#596);
#596 = DEFINITIONAL_REPRESENTATION('',(#597),#601);
#597 = LINE('',#598,#599);
#598 = CARTESIAN_POINT('',(0.,-149.875));
#599 = VECTOR('',#600,1.);
#600 = DIRECTION('',(1.,0.));
#601 = ( GEOMETRIC_REPRESENTATION_CONTEXT(2) 
PARAMETRIC_REPRESENTATION_CONTEXT() REPRESENTATION_CONTEXT('2D SPACE',''
  ) );
#602 = ADVANCED_FACE('',(#603),#199,.T.);
#603 = FACE_BOUND('',#604,.F.);
#604 = EDGE_LOOP('',(#605,#606,#629,#654));
#605 = ORIENTED_EDGE('',*,*,#178,.T.);
#606 = ORIENTED_EDGE('',*,*,#607,.T.);
#607 = EDGE_CURVE('',#151,#608,#610,.T.);
#608 = VERTEX_POINT('',#609);
#609 = CARTESIAN_POINT('',(-149.875,57.625,28.));
#610 = SURFACE_CURVE('',#611,(#615,#622),.PCURVE_S1.);
#611 = LINE('',#612,#613);
#612 = CARTESIAN_POINT('',(-149.875,57.625,0.));
#613 = VECTOR('',#614,1.);
#614 = DIRECTION('',(0.,0.,1.));
#615 = PCURVE('',#199,#616);
#616 = DEFINITIONAL_REPRESENTATION('',(#617),#621);
#617 = LINE('',#618,#619);
#618 = CARTESIAN_POINT('',(-1.570796326795,0.));
#619 = VECTOR('',#620,1.);
#620 = DIRECTION('',(-0.,1.));
#621 = ( GEOMETRIC_REPRESENTATION_CONTEXT(2) 
PARAMETRIC_REPRESENTATION_CONTEXT() REPRESENTATION_CONTEXT('2D SPACE',''
  ) );
#622 = PCURVE('',#166,#623);
#623 = DEFINITIONAL_REPRESENTATION('',(#624),#628);
#624 = LINE('',#625,#626);
#625 = CARTESIAN_POINT('',(0.,149.875));
#626 = VECTOR('',#627,1.);
#627 = DIRECTION('',(1.,0.));
#628 = ( GEOMETRIC_REPRESENTATION_CONTEXT(2) 
PARAMETRIC_REPRESENTATION_CONTEXT() REPRESENTATION_CONTEXT('2D SPACE',''
  ) );
#629 = ORIENTED_EDGE('',*,*,#630,.F.);
#630 = EDGE_CURVE('',#506,#608,#631,.T.);
#631 = SURFACE_CURVE('',#632,(#637,#647),.PCURVE_S1.);
#632 = ELLIPSE('',#633,3.022053225739,3.);
#633 = AXIS2_PLACEMENT_3D('',#634,#635,#636);
#634 = CARTESIAN_POINT('',(-149.875,54.625,27.63557483731));
#635 = DIRECTION('',(0.,0.120588598369,-0.99270256872));
#636 = DIRECTION('',(0.,0.99270256872,0.120588598369));
#637 = PCURVE('',#199,#638);
#638 = DEFINITIONAL_REPRESENTATION('',(#639),#646);
#639 = B_SPLINE_CURVE_WITH_KNOTS('',5,(#640,#641,#642,#643,#644,#645),
  .UNSPECIFIED.,.F.,.F.,(6,6),(4.712388980385,6.28318530718),
  .PIECEWISE_BEZIER_KNOTS.);
#640 = CARTESIAN_POINT('',(-1.110223024625E-16,27.63557483731));
#641 = CARTESIAN_POINT('',(-0.314159265359,27.750062378699));
#642 = CARTESIAN_POINT('',(-0.628318335719,27.864653434912));
#643 = CARTESIAN_POINT('',(-0.942478257406,27.955164854295));
#644 = CARTESIAN_POINT('',(-1.256637061436,28.));
#645 = CARTESIAN_POINT('',(-1.570796326795,28.));
#646 = ( GEOMETRIC_REPRESENTATION_CONTEXT(2) 
PARAMETRIC_REPRESENTATION_CONTEXT() REPRESENTATION_CONTEXT('2D SPACE',''
  ) );
#647 = PCURVE('',#287,#648);
#648 = DEFINITIONAL_REPRESENTATION('',(#649),#653);
#649 = ELLIPSE('',#650,3.022053225739,3.);
#650 = AXIS2_PLACEMENT_2D('',#651,#652);
#651 = CARTESIAN_POINT('',(3.022053225739,149.875));
#652 = DIRECTION('',(-1.,0.));
#653 = ( GEOMETRIC_REPRESENTATION_CONTEXT(2) 
PARAMETRIC_REPRESENTATION_CONTEXT() REPRESENTATION_CONTEXT('2D SPACE',''
  ) );
#654 = ORIENTED_EDGE('',*,*,#505,.F.);
#655 = ADVANCED_FACE('',(#656,#682),#166,.F.);
#656 = FACE_BOUND('',#657,.F.);
#657 = EDGE_LOOP('',(#658,#679,#680,#681));
#658 = ORIENTED_EDGE('',*,*,#659,.F.);
#659 = EDGE_CURVE('',#608,#556,#660,.T.);
#660 = SURFACE_CURVE('',#661,(#665,#672),.PCURVE_S1.);
#661 = LINE('',#662,#663);
#662 = CARTESIAN_POINT('',(-152.875,57.625,28.));
#663 = VECTOR('',#664,1.);
#664 = DIRECTION('',(1.,0.,0.));
#665 = PCURVE('',#166,#666);
#666 = DEFINITIONAL_REPRESENTATION('',(#667),#671);
#667 = LINE('',#668,#669);
#668 = CARTESIAN_POINT('',(28.,152.875));
#669 = VECTOR('',#670,1.);
#670 = DIRECTION('',(0.,-1.));
#671 = ( GEOMETRIC_REPRESENTATION_CONTEXT(2) 
PARAMETRIC_REPRESENTATION_CONTEXT() REPRESENTATION_CONTEXT('2D SPACE',''
  ) );
#672 = PCURVE('',#287,#673);
#673 = DEFINITIONAL_REPRESENTATION('',(#674),#678);
#674 = LINE('',#675,#676);
#675 = CARTESIAN_POINT('',(-0.,152.875));
#676 = VECTOR('',#677,1.);
#677 = DIRECTION('',(0.,-1.));
#678 = ( GEOMETRIC_REPRESENTATION_CONTEXT(2) 
PARAMETRIC_REPRESENTATION_CONTEXT() REPRESENTATION_CONTEXT('2D SPACE',''
  ) );
#679 = ORIENTED_EDGE('',*,*,#607,.F.);
#680 = ORIENTED_EDGE('',*,*,#150,.T.);
#681 = ORIENTED_EDGE('',*,*,#582,.T.);
#682 = FACE_BOUND('',#683,.F.);
#683 = EDGE_LOOP('',(#684,#715,#741,#774,#800,#833,#859,#888));
#684 = ORIENTED_EDGE('',*,*,#685,.F.);
#685 = EDGE_CURVE('',#686,#688,#690,.T.);
#686 = VERTEX_POINT('',#687);
#687 = CARTESIAN_POINT('',(-113.,57.625,13.97114967462));
#688 = VERTEX_POINT('',#689);
#689 = CARTESIAN_POINT('',(-111.,57.625,15.97114967462));
#690 = SURFACE_CURVE('',#691,(#696,#703),.PCURVE_S1.);
#691 = CIRCLE('',#692,2.);
#692 = AXIS2_PLACEMENT_3D('',#693,#694,#695);
#693 = CARTESIAN_POINT('',(-113.,57.625,15.97114967462));
#694 = DIRECTION('',(0.,-1.,0.));
#695 = DIRECTION('',(0.,-0.,-1.));
#696 = PCURVE('',#166,#697);
#697 = DEFINITIONAL_REPRESENTATION('',(#698),#702);
#698 = CIRCLE('',#699,2.);
#699 = AXIS2_PLACEMENT_2D('',#700,#701);
#700 = CARTESIAN_POINT('',(15.97114967462,113.));
#701 = DIRECTION('',(-1.,-0.));
#702 = ( GEOMETRIC_REPRESENTATION_CONTEXT(2) 
PARAMETRIC_REPRESENTATION_CONTEXT() REPRESENTATION_CONTEXT('2D SPACE',''
  ) );
#703 = PCURVE('',#704,#709);
#704 = CYLINDRICAL_SURFACE('',#705,2.);
#705 = AXIS2_PLACEMENT_3D('',#706,#707,#708);
#706 = CARTESIAN_POINT('',(-113.,64.625,15.97114967462));
#707 = DIRECTION('',(0.,-1.,0.));
#708 = DIRECTION('',(0.,-0.,-1.));
#709 = DEFINITIONAL_REPRESENTATION('',(#710),#714);
#710 = LINE('',#711,#712);
#711 = CARTESIAN_POINT('',(0.,7.));
#712 = VECTOR('',#713,1.);
#713 = DIRECTION('',(1.,0.));
#714 = ( GEOMETRIC_REPRESENTATION_CONTEXT(2) 
PARAMETRIC_REPRESENTATION_CONTEXT() REPRESENTATION_CONTEXT('2D SPACE',''
  ) );
#715 = ORIENTED_EDGE('',*,*,#716,.T.);
#716 = EDGE_CURVE('',#686,#717,#719,.T.);
#717 = VERTEX_POINT('',#718);
#718 = CARTESIAN_POINT('',(-127.,57.625,13.97114967462));
#719 = SURFACE_CURVE('',#720,(#724,#730),.PCURVE_S1.);
#720 = LINE('',#721,#722);
#721 = CARTESIAN_POINT('',(-64.5,57.625,13.97114967462));
#722 = VECTOR('',#723,1.);
#723 = DIRECTION('',(-1.,-0.,0.));
#724 = PCURVE('',#166,#725);
#725 = DEFINITIONAL_REPRESENTATION('',(#726),#729);
#726 = B_SPLINE_CURVE_WITH_KNOTS('',1,(#727,#728),.UNSPECIFIED.,.F.,.F.,
  (2,2),(48.5,62.5),.PIECEWISE_BEZIER_KNOTS.);
#727 = CARTESIAN_POINT('',(13.97114967462,113.));
#728 = CARTESIAN_POINT('',(13.97114967462,127.));
#729 = ( GEOMETRIC_REPRESENTATION_CONTEXT(2) 
PARAMETRIC_REPRESENTATION_CONTEXT() REPRESENTATION_CONTEXT('2D SPACE',''
  ) );
#730 = PCURVE('',#731,#736);
#731 = PLANE('',#732);
#732 = AXIS2_PLACEMENT_3D('',#733,#734,#735);
#733 = CARTESIAN_POINT('',(-129.,57.625,13.97114967462));
#734 = DIRECTION('',(-0.,0.,1.));
#735 = DIRECTION('',(1.,0.,0.));
#736 = DEFINITIONAL_REPRESENTATION('',(#737),#740);
#737 = B_SPLINE_CURVE_WITH_KNOTS('',1,(#738,#739),.UNSPECIFIED.,.F.,.F.,
  (2,2),(48.5,62.5),.PIECEWISE_BEZIER_KNOTS.);
#738 = CARTESIAN_POINT('',(16.,0.));
#739 = CARTESIAN_POINT('',(2.,0.));
#740 = ( GEOMETRIC_REPRESENTATION_CONTEXT(2) 
PARAMETRIC_REPRESENTATION_CONTEXT() REPRESENTATION_CONTEXT('2D SPACE',''
  ) );
#741 = ORIENTED_EDGE('',*,*,#742,.T.);
#742 = EDGE_CURVE('',#717,#743,#745,.T.);
#743 = VERTEX_POINT('',#744);
#744 = CARTESIAN_POINT('',(-129.,57.625,15.97114967462));
#745 = SURFACE_CURVE('',#746,(#751,#762),.PCURVE_S1.);
#746 = CIRCLE('',#747,2.);
#747 = AXIS2_PLACEMENT_3D('',#748,#749,#750);
#748 = CARTESIAN_POINT('',(-127.,57.625,15.97114967462));
#749 = DIRECTION('',(0.,1.,0.));
#750 = DIRECTION('',(0.,0.,-1.));
#751 = PCURVE('',#166,#752);
#752 = DEFINITIONAL_REPRESENTATION('',(#753),#761);
#753 = ( BOUNDED_CURVE() B_SPLINE_CURVE(2,(#754,#755,#756,#757,#758,#759
,#760),.UNSPECIFIED.,.T.,.F.) B_SPLINE_CURVE_WITH_KNOTS((1,2,2,2,2,1),(
    -2.094395102393,0.,2.094395102393,4.188790204786,6.28318530718,
8.377580409573),.UNSPECIFIED.) CURVE() GEOMETRIC_REPRESENTATION_ITEM() 
RATIONAL_B_SPLINE_CURVE((1.,0.5,1.,0.5,1.,0.5,1.)) REPRESENTATION_ITEM(
  '') );
#754 = CARTESIAN_POINT('',(13.97114967462,127.));
#755 = CARTESIAN_POINT('',(13.97114967462,130.46410161513));
#756 = CARTESIAN_POINT('',(16.97114967462,128.73205080756));
#757 = CARTESIAN_POINT('',(19.97114967462,127.));
#758 = CARTESIAN_POINT('',(16.97114967462,125.26794919243));
#759 = CARTESIAN_POINT('',(13.97114967462,123.53589838486));
#760 = CARTESIAN_POINT('',(13.97114967462,127.));
#761 = ( GEOMETRIC_REPRESENTATION_CONTEXT(2) 
PARAMETRIC_REPRESENTATION_CONTEXT() REPRESENTATION_CONTEXT('2D SPACE',''
  ) );
#762 = PCURVE('',#763,#768);
#763 = CYLINDRICAL_SURFACE('',#764,2.);
#764 = AXIS2_PLACEMENT_3D('',#765,#766,#767);
#765 = CARTESIAN_POINT('',(-127.,50.625,15.97114967462));
#766 = DIRECTION('',(0.,1.,0.));
#767 = DIRECTION('',(0.,0.,-1.));
#768 = DEFINITIONAL_REPRESENTATION('',(#769),#773);
#769 = LINE('',#770,#771);
#770 = CARTESIAN_POINT('',(0.,7.));
#771 = VECTOR('',#772,1.);
#772 = DIRECTION('',(1.,0.));
#773 = ( GEOMETRIC_REPRESENTATION_CONTEXT(2) 
PARAMETRIC_REPRESENTATION_CONTEXT() REPRESENTATION_CONTEXT('2D SPACE',''
  ) );
#774 = ORIENTED_EDGE('',*,*,#775,.T.);
#775 = EDGE_CURVE('',#743,#776,#778,.T.);
#776 = VERTEX_POINT('',#777);
#777 = CARTESIAN_POINT('',(-129.,57.625,21.97114967462));
#778 = SURFACE_CURVE('',#779,(#783,#789),.PCURVE_S1.);
#779 = LINE('',#780,#781);
#780 = CARTESIAN_POINT('',(-129.,57.625,11.98557483731));
#781 = VECTOR('',#782,1.);
#782 = DIRECTION('',(-0.,0.,1.));
#783 = PCURVE('',#166,#784);
#784 = DEFINITIONAL_REPRESENTATION('',(#785),#788);
#785 = B_SPLINE_CURVE_WITH_KNOTS('',1,(#786,#787),.UNSPECIFIED.,.F.,.F.,
  (2,2),(3.98557483731,9.98557483731),.PIECEWISE_BEZIER_KNOTS.);
#786 = CARTESIAN_POINT('',(15.97114967462,129.));
#787 = CARTESIAN_POINT('',(21.97114967462,129.));
#788 = ( GEOMETRIC_REPRESENTATION_CONTEXT(2) 
PARAMETRIC_REPRESENTATION_CONTEXT() REPRESENTATION_CONTEXT('2D SPACE',''
  ) );
#789 = PCURVE('',#790,#795);
#790 = PLANE('',#791);
#791 = AXIS2_PLACEMENT_3D('',#792,#793,#794);
#792 = CARTESIAN_POINT('',(-129.,57.625,23.97114967462));
#793 = DIRECTION('',(1.,0.,0.));
#794 = DIRECTION('',(0.,0.,-1.));
#795 = DEFINITIONAL_REPRESENTATION('',(#796),#799);
#796 = B_SPLINE_CURVE_WITH_KNOTS('',1,(#797,#798),.UNSPECIFIED.,.F.,.F.,
  (2,2),(3.98557483731,9.98557483731),.PIECEWISE_BEZIER_KNOTS.);
#797 = CARTESIAN_POINT('',(8.,0.));
#798 = CARTESIAN_POINT('',(2.,0.));
#799 = ( GEOMETRIC_REPRESENTATION_CONTEXT(2) 
PARAMETRIC_REPRESENTATION_CONTEXT() REPRESENTATION_CONTEXT('2D SPACE',''
  ) );
#800 = ORIENTED_EDGE('',*,*,#801,.T.);
#801 = EDGE_CURVE('',#776,#802,#804,.T.);
#802 = VERTEX_POINT('',#803);
#803 = CARTESIAN_POINT('',(-127.,57.625,23.97114967462));
#804 = SURFACE_CURVE('',#805,(#810,#821),.PCURVE_S1.);
#805 = CIRCLE('',#806,2.);
#806 = AXIS2_PLACEMENT_3D('',#807,#808,#809);
#807 = CARTESIAN_POINT('',(-127.,57.625,21.97114967462));
#808 = DIRECTION('',(0.,1.,0.));
#809 = DIRECTION('',(0.,-0.,1.));
#810 = PCURVE('',#166,#811);
#811 = DEFINITIONAL_REPRESENTATION('',(#812),#820);
#812 = ( BOUNDED_CURVE() B_SPLINE_CURVE(2,(#813,#814,#815,#816,#817,#818
,#819),.UNSPECIFIED.,.T.,.F.) B_SPLINE_CURVE_WITH_KNOTS((1,2,2,2,2,1),(
    -2.094395102393,0.,2.094395102393,4.188790204786,6.28318530718,
8.377580409573),.UNSPECIFIED.) CURVE() GEOMETRIC_REPRESENTATION_ITEM() 
RATIONAL_B_SPLINE_CURVE((1.,0.5,1.,0.5,1.,0.5,1.)) REPRESENTATION_ITEM(
  '') );
#813 = CARTESIAN_POINT('',(23.97114967462,127.));
#814 = CARTESIAN_POINT('',(23.97114967462,123.53589838486));
#815 = CARTESIAN_POINT('',(20.97114967462,125.26794919243));
#816 = CARTESIAN_POINT('',(17.97114967462,127.));
#817 = CARTESIAN_POINT('',(20.97114967462,128.73205080756));
#818 = CARTESIAN_POINT('',(23.97114967462,130.46410161513));
#819 = CARTESIAN_POINT('',(23.97114967462,127.));
#820 = ( GEOMETRIC_REPRESENTATION_CONTEXT(2) 
PARAMETRIC_REPRESENTATION_CONTEXT() REPRESENTATION_CONTEXT('2D SPACE',''
  ) );
#821 = PCURVE('',#822,#827);
#822 = CYLINDRICAL_SURFACE('',#823,2.);
#823 = AXIS2_PLACEMENT_3D('',#824,#825,#826);
#824 = CARTESIAN_POINT('',(-127.,50.625,21.97114967462));
#825 = DIRECTION('',(0.,1.,0.));
#826 = DIRECTION('',(0.,-0.,1.));
#827 = DEFINITIONAL_REPRESENTATION('',(#828),#832);
#828 = LINE('',#829,#830);
#829 = CARTESIAN_POINT('',(-6.28318530718,7.));
#830 = VECTOR('',#831,1.);
#831 = DIRECTION('',(1.,-0.));
#832 = ( GEOMETRIC_REPRESENTATION_CONTEXT(2) 
PARAMETRIC_REPRESENTATION_CONTEXT() REPRESENTATION_CONTEXT('2D SPACE',''
  ) );
#833 = ORIENTED_EDGE('',*,*,#834,.T.);
#834 = EDGE_CURVE('',#802,#835,#837,.T.);
#835 = VERTEX_POINT('',#836);
#836 = CARTESIAN_POINT('',(-113.,57.625,23.97114967462));
#837 = SURFACE_CURVE('',#838,(#842,#848),.PCURVE_S1.);
#838 = LINE('',#839,#840);
#839 = CARTESIAN_POINT('',(-55.5,57.625,23.97114967462));
#840 = VECTOR('',#841,1.);
#841 = DIRECTION('',(1.,0.,-0.));
#842 = PCURVE('',#166,#843);
#843 = DEFINITIONAL_REPRESENTATION('',(#844),#847);
#844 = B_SPLINE_CURVE_WITH_KNOTS('',1,(#845,#846),.UNSPECIFIED.,.F.,.F.,
  (2,2),(-71.5,-57.5),.PIECEWISE_BEZIER_KNOTS.);
#845 = CARTESIAN_POINT('',(23.97114967462,127.));
#846 = CARTESIAN_POINT('',(23.97114967462,113.));
#847 = ( GEOMETRIC_REPRESENTATION_CONTEXT(2) 
PARAMETRIC_REPRESENTATION_CONTEXT() REPRESENTATION_CONTEXT('2D SPACE',''
  ) );
#848 = PCURVE('',#849,#854);
#849 = PLANE('',#850);
#850 = AXIS2_PLACEMENT_3D('',#851,#852,#853);
#851 = CARTESIAN_POINT('',(-111.,57.625,23.97114967462));
#852 = DIRECTION('',(-0.,-0.,-1.));
#853 = DIRECTION('',(-1.,0.,0.));
#854 = DEFINITIONAL_REPRESENTATION('',(#855),#858);
#855 = B_SPLINE_CURVE_WITH_KNOTS('',1,(#856,#857),.UNSPECIFIED.,.F.,.F.,
  (2,2),(-71.5,-57.5),.PIECEWISE_BEZIER_KNOTS.);
#856 = CARTESIAN_POINT('',(16.,0.));
#857 = CARTESIAN_POINT('',(2.,0.));
#858 = ( GEOMETRIC_REPRESENTATION_CONTEXT(2) 
PARAMETRIC_REPRESENTATION_CONTEXT() REPRESENTATION_CONTEXT('2D SPACE',''
  ) );
#859 = ORIENTED_EDGE('',*,*,#860,.F.);
#860 = EDGE_CURVE('',#861,#835,#863,.T.);
#861 = VERTEX_POINT('',#862);
#862 = CARTESIAN_POINT('',(-111.,57.625,21.97114967462));
#863 = SURFACE_CURVE('',#864,(#869,#876),.PCURVE_S1.);
#864 = CIRCLE('',#865,2.);
#865 = AXIS2_PLACEMENT_3D('',#866,#867,#868);
#866 = CARTESIAN_POINT('',(-113.,57.625,21.97114967462));
#867 = DIRECTION('',(0.,-1.,0.));
#868 = DIRECTION('',(-0.,0.,1.));
#869 = PCURVE('',#166,#870);
#870 = DEFINITIONAL_REPRESENTATION('',(#871),#875);
#871 = CIRCLE('',#872,2.);
#872 = AXIS2_PLACEMENT_2D('',#873,#874);
#873 = CARTESIAN_POINT('',(21.97114967462,113.));
#874 = DIRECTION('',(1.,0.));
#875 = ( GEOMETRIC_REPRESENTATION_CONTEXT(2) 
PARAMETRIC_REPRESENTATION_CONTEXT() REPRESENTATION_CONTEXT('2D SPACE',''
  ) );
#876 = PCURVE('',#877,#882);
#877 = CYLINDRICAL_SURFACE('',#878,2.);
#878 = AXIS2_PLACEMENT_3D('',#879,#880,#881);
#879 = CARTESIAN_POINT('',(-113.,64.625,21.97114967462));
#880 = DIRECTION('',(0.,-1.,0.));
#881 = DIRECTION('',(-0.,0.,1.));
#882 = DEFINITIONAL_REPRESENTATION('',(#883),#887);
#883 = LINE('',#884,#885);
#884 = CARTESIAN_POINT('',(-6.28318530718,7.));
#885 = VECTOR('',#886,1.);
#886 = DIRECTION('',(1.,-0.));
#887 = ( GEOMETRIC_REPRESENTATION_CONTEXT(2) 
PARAMETRIC_REPRESENTATION_CONTEXT() REPRESENTATION_CONTEXT('2D SPACE',''
  ) );
#888 = ORIENTED_EDGE('',*,*,#889,.T.);
#889 = EDGE_CURVE('',#861,#688,#890,.T.);
#890 = SURFACE_CURVE('',#891,(#895,#901),.PCURVE_S1.);
#891 = LINE('',#892,#893);
#892 = CARTESIAN_POINT('',(-111.,57.625,6.98557483731));
#893 = VECTOR('',#894,1.);
#894 = DIRECTION('',(-0.,-0.,-1.));
#895 = PCURVE('',#166,#896);
#896 = DEFINITIONAL_REPRESENTATION('',(#897),#900);
#897 = B_SPLINE_CURVE_WITH_KNOTS('',1,(#898,#899),.UNSPECIFIED.,.F.,.F.,
  (2,2),(-14.98557483731,-8.98557483731),.PIECEWISE_BEZIER_KNOTS.);
#898 = CARTESIAN_POINT('',(21.97114967462,111.));
#899 = CARTESIAN_POINT('',(15.97114967462,111.));
#900 = ( GEOMETRIC_REPRESENTATION_CONTEXT(2) 
PARAMETRIC_REPRESENTATION_CONTEXT() REPRESENTATION_CONTEXT('2D SPACE',''
  ) );
#901 = PCURVE('',#902,#907);
#902 = PLANE('',#903);
#903 = AXIS2_PLACEMENT_3D('',#904,#905,#906);
#904 = CARTESIAN_POINT('',(-111.,57.625,13.97114967462));
#905 = DIRECTION('',(-1.,0.,0.));
#906 = DIRECTION('',(0.,0.,1.));
#907 = DEFINITIONAL_REPRESENTATION('',(#908),#911);
#908 = B_SPLINE_CURVE_WITH_KNOTS('',1,(#909,#910),.UNSPECIFIED.,.F.,.F.,
  (2,2),(-14.98557483731,-8.98557483731),.PIECEWISE_BEZIER_KNOTS.);
#909 = CARTESIAN_POINT('',(8.,0.));
#910 = CARTESIAN_POINT('',(2.,0.));
#911 = ( GEOMETRIC_REPRESENTATION_CONTEXT(2) 
PARAMETRIC_REPRESENTATION_CONTEXT() REPRESENTATION_CONTEXT('2D SPACE',''
  ) );
#912 = ADVANCED_FACE('',(#913,#923),#287,.F.);
#913 = FACE_BOUND('',#914,.F.);
#914 = EDGE_LOOP('',(#915,#916,#917,#918,#919,#920,#921,#922));
#915 = ORIENTED_EDGE('',*,*,#479,.T.);
#916 = ORIENTED_EDGE('',*,*,#345,.T.);
#917 = ORIENTED_EDGE('',*,*,#269,.T.);
#918 = ORIENTED_EDGE('',*,*,#398,.F.);
#919 = ORIENTED_EDGE('',*,*,#528,.F.);
#920 = ORIENTED_EDGE('',*,*,#630,.T.);
#921 = ORIENTED_EDGE('',*,*,#659,.T.);
#922 = ORIENTED_EDGE('',*,*,#555,.T.);
#923 = FACE_BOUND('',#924,.F.);
#924 = EDGE_LOOP('',(#925,#953,#979,#1005));
#925 = ORIENTED_EDGE('',*,*,#926,.T.);
#926 = EDGE_CURVE('',#927,#929,#931,.T.);
#927 = VERTEX_POINT('',#928);
#928 = CARTESIAN_POINT('',(149.875,54.625,27.63557483731));
#929 = VERTEX_POINT('',#930);
#930 = CARTESIAN_POINT('',(-149.875,54.625,27.63557483731));
#931 = SURFACE_CURVE('',#932,(#936,#942),.PCURVE_S1.);
#932 = LINE('',#933,#934);
#933 = CARTESIAN_POINT('',(0.,54.625,27.63557483731));
#934 = VECTOR('',#935,1.);
#935 = DIRECTION('',(-1.,-0.,-0.));
#936 = PCURVE('',#287,#937);
#937 = DEFINITIONAL_REPRESENTATION('',(#938),#941);
#938 = B_SPLINE_CURVE_WITH_KNOTS('',1,(#939,#940),.UNSPECIFIED.,.F.,.F.,
  (2,2),(-149.875,149.875),.PIECEWISE_BEZIER_KNOTS.);
#939 = CARTESIAN_POINT('',(3.022053225739,-149.875));
#940 = CARTESIAN_POINT('',(3.022053225739,149.875));
#941 = ( GEOMETRIC_REPRESENTATION_CONTEXT(2) 
PARAMETRIC_REPRESENTATION_CONTEXT() REPRESENTATION_CONTEXT('2D SPACE',''
  ) );
#942 = PCURVE('',#943,#948);
#943 = PLANE('',#944);
#944 = AXIS2_PLACEMENT_3D('',#945,#946,#947);
#945 = CARTESIAN_POINT('',(0.,54.625,2.5));
#946 = DIRECTION('',(0.,-1.,0.));
#947 = DIRECTION('',(0.,0.,1.));
#948 = DEFINITIONAL_REPRESENTATION('',(#949),#952);
#949 = B_SPLINE_CURVE_WITH_KNOTS('',1,(#950,#951),.UNSPECIFIED.,.F.,.F.,
  (2,2),(-149.875,149.875),.PIECEWISE_BEZIER_KNOTS.);
#950 = CARTESIAN_POINT('',(25.13557483731,-149.875));
#951 = CARTESIAN_POINT('',(25.13557483731,149.875));
#952 = ( GEOMETRIC_REPRESENTATION_CONTEXT(2) 
PARAMETRIC_REPRESENTATION_CONTEXT() REPRESENTATION_CONTEXT('2D SPACE',''
  ) );
#953 = ORIENTED_EDGE('',*,*,#954,.T.);
#954 = EDGE_CURVE('',#929,#955,#957,.T.);
#955 = VERTEX_POINT('',#956);
#956 = CARTESIAN_POINT('',(-149.875,-54.625,14.36442516269));
#957 = SURFACE_CURVE('',#958,(#962,#968),.PCURVE_S1.);
#958 = LINE('',#959,#960);
#959 = CARTESIAN_POINT('',(-149.875,29.751911938643,24.614115116191));
#960 = VECTOR('',#961,1.);
#961 = DIRECTION('',(0.,-0.99270256872,-0.120588598369));
#962 = PCURVE('',#287,#963);
#963 = DEFINITIONAL_REPRESENTATION('',(#964),#967);
#964 = B_SPLINE_CURVE_WITH_KNOTS('',1,(#965,#966),.UNSPECIFIED.,.F.,.F.,
  (2,2),(-25.0559320033,84.997172967367),.PIECEWISE_BEZIER_KNOTS.);
#965 = CARTESIAN_POINT('',(3.022053225739,149.875));
#966 = CARTESIAN_POINT('',(113.07515819641,149.875));
#967 = ( GEOMETRIC_REPRESENTATION_CONTEXT(2) 
PARAMETRIC_REPRESENTATION_CONTEXT() REPRESENTATION_CONTEXT('2D SPACE',''
  ) );
#968 = PCURVE('',#969,#974);
#969 = PLANE('',#970);
#970 = AXIS2_PLACEMENT_3D('',#971,#972,#973);
#971 = CARTESIAN_POINT('',(-149.875,2.732484231786,14.200776242668));
#972 = DIRECTION('',(1.,0.,0.));
#973 = DIRECTION('',(-0.,0.,1.));
#974 = DEFINITIONAL_REPRESENTATION('',(#975),#978);
#975 = B_SPLINE_CURVE_WITH_KNOTS('',1,(#976,#977),.UNSPECIFIED.,.F.,.F.,
  (2,2),(-25.0559320033,84.997172967367),.PIECEWISE_BEZIER_KNOTS.);
#976 = CARTESIAN_POINT('',(13.434798594642,-51.89251576821));
#977 = CARTESIAN_POINT('',(0.163648920021,57.357484231786));
#978 = ( GEOMETRIC_REPRESENTATION_CONTEXT(2) 
PARAMETRIC_REPRESENTATION_CONTEXT() REPRESENTATION_CONTEXT('2D SPACE',''
  ) );
#979 = ORIENTED_EDGE('',*,*,#980,.T.);
#980 = EDGE_CURVE('',#955,#981,#983,.T.);
#981 = VERTEX_POINT('',#982);
#982 = CARTESIAN_POINT('',(149.875,-54.625,14.36442516269));
#983 = SURFACE_CURVE('',#984,(#988,#994),.PCURVE_S1.);
#984 = LINE('',#985,#986);
#985 = CARTESIAN_POINT('',(0.,-54.625,14.36442516269));
#986 = VECTOR('',#987,1.);
#987 = DIRECTION('',(1.,0.,0.));
#988 = PCURVE('',#287,#989);
#989 = DEFINITIONAL_REPRESENTATION('',(#990),#993);
#990 = B_SPLINE_CURVE_WITH_KNOTS('',1,(#991,#992),.UNSPECIFIED.,.F.,.F.,
  (2,2),(-149.875,149.875),.PIECEWISE_BEZIER_KNOTS.);
#991 = CARTESIAN_POINT('',(113.07515819641,149.875));
#992 = CARTESIAN_POINT('',(113.07515819641,-149.875));
#993 = ( GEOMETRIC_REPRESENTATION_CONTEXT(2) 
PARAMETRIC_REPRESENTATION_CONTEXT() REPRESENTATION_CONTEXT('2D SPACE',''
  ) );
#994 = PCURVE('',#995,#1000);
#995 = PLANE('',#996);
#996 = AXIS2_PLACEMENT_3D('',#997,#998,#999);
#997 = CARTESIAN_POINT('',(0.,-54.625,18.86442516269));
#998 = DIRECTION('',(-0.,1.,0.));
#999 = DIRECTION('',(0.,0.,-1.));
#1000 = DEFINITIONAL_REPRESENTATION('',(#1001),#1004);
#1001 = B_SPLINE_CURVE_WITH_KNOTS('',1,(#1002,#1003),.UNSPECIFIED.,.F.,
  .F.,(2,2),(-149.875,149.875),.PIECEWISE_BEZIER_KNOTS.);
#1002 = CARTESIAN_POINT('',(4.5,149.875));
#1003 = CARTESIAN_POINT('',(4.5,-149.875));
#1004 = ( GEOMETRIC_REPRESENTATION_CONTEXT(2) 
PARAMETRIC_REPRESENTATION_CONTEXT() REPRESENTATION_CONTEXT('2D SPACE',''
  ) );
#1005 = ORIENTED_EDGE('',*,*,#1006,.F.);
#1006 = EDGE_CURVE('',#927,#981,#1007,.T.);
#1007 = SURFACE_CURVE('',#1008,(#1012,#1018),.PCURVE_S1.);
#1008 = LINE('',#1009,#1010);
#1009 = CARTESIAN_POINT('',(149.875,29.751911938643,24.614115116191));
#1010 = VECTOR('',#1011,1.);
#1011 = DIRECTION('',(0.,-0.99270256872,-0.120588598369));
#1012 = PCURVE('',#287,#1013);
#1013 = DEFINITIONAL_REPRESENTATION('',(#1014),#1017);
#1014 = B_SPLINE_CURVE_WITH_KNOTS('',1,(#1015,#1016),.UNSPECIFIED.,.F.,
  .F.,(2,2),(-25.0559320033,84.997172967367),.PIECEWISE_BEZIER_KNOTS.);
#1015 = CARTESIAN_POINT('',(3.022053225739,-149.875));
#1016 = CARTESIAN_POINT('',(113.07515819641,-149.875));
#1017 = ( GEOMETRIC_REPRESENTATION_CONTEXT(2) 
PARAMETRIC_REPRESENTATION_CONTEXT() REPRESENTATION_CONTEXT('2D SPACE',''
  ) );
#1018 = PCURVE('',#1019,#1024);
#1019 = PLANE('',#1020);
#1020 = AXIS2_PLACEMENT_3D('',#1021,#1022,#1023);
#1021 = CARTESIAN_POINT('',(149.875,2.732484231786,14.200776242668));
#1022 = DIRECTION('',(1.,0.,0.));
#1023 = DIRECTION('',(-0.,0.,1.));
#1024 = DEFINITIONAL_REPRESENTATION('',(#1025),#1028);
#1025 = B_SPLINE_CURVE_WITH_KNOTS('',1,(#1026,#1027),.UNSPECIFIED.,.F.,
  .F.,(2,2),(-25.0559320033,84.997172967367),.PIECEWISE_BEZIER_KNOTS.);
#1026 = CARTESIAN_POINT('',(13.434798594642,-51.89251576821));
#1027 = CARTESIAN_POINT('',(0.163648920021,57.357484231786));
#1028 = ( GEOMETRIC_REPRESENTATION_CONTEXT(2) 
PARAMETRIC_REPRESENTATION_CONTEXT() REPRESENTATION_CONTEXT('2D SPACE',''
  ) );
#1029 = ADVANCED_FACE('',(#1030),#704,.F.);
#1030 = FACE_BOUND('',#1031,.F.);
#1031 = EDGE_LOOP('',(#1032,#1055,#1056,#1079));
#1032 = ORIENTED_EDGE('',*,*,#1033,.F.);
#1033 = EDGE_CURVE('',#686,#1034,#1036,.T.);
#1034 = VERTEX_POINT('',#1035);
#1035 = CARTESIAN_POINT('',(-113.,54.625,13.97114967462));
#1036 = SURFACE_CURVE('',#1037,(#1041,#1048),.PCURVE_S1.);
#1037 = LINE('',#1038,#1039);
#1038 = CARTESIAN_POINT('',(-113.,64.625,13.97114967462));
#1039 = VECTOR('',#1040,1.);
#1040 = DIRECTION('',(0.,-1.,0.));
#1041 = PCURVE('',#704,#1042);
#1042 = DEFINITIONAL_REPRESENTATION('',(#1043),#1047);
#1043 = LINE('',#1044,#1045);
#1044 = CARTESIAN_POINT('',(0.,0.));
#1045 = VECTOR('',#1046,1.);
#1046 = DIRECTION('',(0.,1.));
#1047 = ( GEOMETRIC_REPRESENTATION_CONTEXT(2) 
PARAMETRIC_REPRESENTATION_CONTEXT() REPRESENTATION_CONTEXT('2D SPACE',''
  ) );
#1048 = PCURVE('',#731,#1049);
#1049 = DEFINITIONAL_REPRESENTATION('',(#1050),#1054);
#1050 = LINE('',#1051,#1052);
#1051 = CARTESIAN_POINT('',(16.,7.));
#1052 = VECTOR('',#1053,1.);
#1053 = DIRECTION('',(0.,-1.));
#1054 = ( GEOMETRIC_REPRESENTATION_CONTEXT(2) 
PARAMETRIC_REPRESENTATION_CONTEXT() REPRESENTATION_CONTEXT('2D SPACE',''
  ) );
#1055 = ORIENTED_EDGE('',*,*,#685,.T.);
#1056 = ORIENTED_EDGE('',*,*,#1057,.T.);
#1057 = EDGE_CURVE('',#688,#1058,#1060,.T.);
#1058 = VERTEX_POINT('',#1059);
#1059 = CARTESIAN_POINT('',(-111.,54.625,15.97114967462));
#1060 = SURFACE_CURVE('',#1061,(#1065,#1072),.PCURVE_S1.);
#1061 = LINE('',#1062,#1063);
#1062 = CARTESIAN_POINT('',(-111.,64.625,15.97114967462));
#1063 = VECTOR('',#1064,1.);
#1064 = DIRECTION('',(0.,-1.,0.));
#1065 = PCURVE('',#704,#1066);
#1066 = DEFINITIONAL_REPRESENTATION('',(#1067),#1071);
#1067 = LINE('',#1068,#1069);
#1068 = CARTESIAN_POINT('',(1.570796326795,0.));
#1069 = VECTOR('',#1070,1.);
#1070 = DIRECTION('',(0.,1.));
#1071 = ( GEOMETRIC_REPRESENTATION_CONTEXT(2) 
PARAMETRIC_REPRESENTATION_CONTEXT() REPRESENTATION_CONTEXT('2D SPACE',''
  ) );
#1072 = PCURVE('',#902,#1073);
#1073 = DEFINITIONAL_REPRESENTATION('',(#1074),#1078);
#1074 = LINE('',#1075,#1076);
#1075 = CARTESIAN_POINT('',(2.,7.));
#1076 = VECTOR('',#1077,1.);
#1077 = DIRECTION('',(0.,-1.));
#1078 = ( GEOMETRIC_REPRESENTATION_CONTEXT(2) 
PARAMETRIC_REPRESENTATION_CONTEXT() REPRESENTATION_CONTEXT('2D SPACE',''
  ) );
#1079 = ORIENTED_EDGE('',*,*,#1080,.F.);
#1080 = EDGE_CURVE('',#1034,#1058,#1081,.T.);
#1081 = SURFACE_CURVE('',#1082,(#1087,#1094),.PCURVE_S1.);
#1082 = CIRCLE('',#1083,2.);
#1083 = AXIS2_PLACEMENT_3D('',#1084,#1085,#1086);
#1084 = CARTESIAN_POINT('',(-113.,54.625,15.97114967462));
#1085 = DIRECTION('',(0.,-1.,0.));
#1086 = DIRECTION('',(0.,-0.,-1.));
#1087 = PCURVE('',#704,#1088);
#1088 = DEFINITIONAL_REPRESENTATION('',(#1089),#1093);
#1089 = LINE('',#1090,#1091);
#1090 = CARTESIAN_POINT('',(0.,10.));
#1091 = VECTOR('',#1092,1.);
#1092 = DIRECTION('',(1.,0.));
#1093 = ( GEOMETRIC_REPRESENTATION_CONTEXT(2) 
PARAMETRIC_REPRESENTATION_CONTEXT() REPRESENTATION_CONTEXT('2D SPACE',''
  ) );
#1094 = PCURVE('',#943,#1095);
#1095 = DEFINITIONAL_REPRESENTATION('',(#1096),#1100);
#1096 = CIRCLE('',#1097,2.);
#1097 = AXIS2_PLACEMENT_2D('',#1098,#1099);
#1098 = CARTESIAN_POINT('',(13.47114967462,113.));
#1099 = DIRECTION('',(-1.,-0.));
#1100 = ( GEOMETRIC_REPRESENTATION_CONTEXT(2) 
PARAMETRIC_REPRESENTATION_CONTEXT() REPRESENTATION_CONTEXT('2D SPACE',''
  ) );
#1101 = ADVANCED_FACE('',(#1102),#902,.T.);
#1102 = FACE_BOUND('',#1103,.T.);
#1103 = EDGE_LOOP('',(#1104,#1105,#1126,#1147));
#1104 = ORIENTED_EDGE('',*,*,#1057,.T.);
#1105 = ORIENTED_EDGE('',*,*,#1106,.F.);
#1106 = EDGE_CURVE('',#1107,#1058,#1109,.T.);
#1107 = VERTEX_POINT('',#1108);
#1108 = CARTESIAN_POINT('',(-111.,54.625,21.97114967462));
#1109 = SURFACE_CURVE('',#1110,(#1114,#1120),.PCURVE_S1.);
#1110 = LINE('',#1111,#1112);
#1111 = CARTESIAN_POINT('',(-111.,54.625,8.23557483731));
#1112 = VECTOR('',#1113,1.);
#1113 = DIRECTION('',(-0.,-0.,-1.));
#1114 = PCURVE('',#902,#1115);
#1115 = DEFINITIONAL_REPRESENTATION('',(#1116),#1119);
#1116 = B_SPLINE_CURVE_WITH_KNOTS('',1,(#1117,#1118),.UNSPECIFIED.,.F.,
  .F.,(2,2),(-13.73557483731,-7.73557483731),.PIECEWISE_BEZIER_KNOTS.);
#1117 = CARTESIAN_POINT('',(8.,-3.));
#1118 = CARTESIAN_POINT('',(2.,-3.));
#1119 = ( GEOMETRIC_REPRESENTATION_CONTEXT(2) 
PARAMETRIC_REPRESENTATION_CONTEXT() REPRESENTATION_CONTEXT('2D SPACE',''
  ) );
#1120 = PCURVE('',#943,#1121);
#1121 = DEFINITIONAL_REPRESENTATION('',(#1122),#1125);
#1122 = B_SPLINE_CURVE_WITH_KNOTS('',1,(#1123,#1124),.UNSPECIFIED.,.F.,
  .F.,(2,2),(-13.73557483731,-7.73557483731),.PIECEWISE_BEZIER_KNOTS.);
#1123 = CARTESIAN_POINT('',(19.47114967462,111.));
#1124 = CARTESIAN_POINT('',(13.47114967462,111.));
#1125 = ( GEOMETRIC_REPRESENTATION_CONTEXT(2) 
PARAMETRIC_REPRESENTATION_CONTEXT() REPRESENTATION_CONTEXT('2D SPACE',''
  ) );
#1126 = ORIENTED_EDGE('',*,*,#1127,.F.);
#1127 = EDGE_CURVE('',#861,#1107,#1128,.T.);
#1128 = SURFACE_CURVE('',#1129,(#1133,#1140),.PCURVE_S1.);
#1129 = LINE('',#1130,#1131);
#1130 = CARTESIAN_POINT('',(-111.,64.625,21.97114967462));
#1131 = VECTOR('',#1132,1.);
#1132 = DIRECTION('',(0.,-1.,0.));
#1133 = PCURVE('',#902,#1134);
#1134 = DEFINITIONAL_REPRESENTATION('',(#1135),#1139);
#1135 = LINE('',#1136,#1137);
#1136 = CARTESIAN_POINT('',(8.,7.));
#1137 = VECTOR('',#1138,1.);
#1138 = DIRECTION('',(0.,-1.));
#1139 = ( GEOMETRIC_REPRESENTATION_CONTEXT(2) 
PARAMETRIC_REPRESENTATION_CONTEXT() REPRESENTATION_CONTEXT('2D SPACE',''
  ) );
#1140 = PCURVE('',#877,#1141);
#1141 = DEFINITIONAL_REPRESENTATION('',(#1142),#1146);
#1142 = LINE('',#1143,#1144);
#1143 = CARTESIAN_POINT('',(-1.570796326795,0.));
#1144 = VECTOR('',#1145,1.);
#1145 = DIRECTION('',(-0.,1.));
#1146 = ( GEOMETRIC_REPRESENTATION_CONTEXT(2) 
PARAMETRIC_REPRESENTATION_CONTEXT() REPRESENTATION_CONTEXT('2D SPACE',''
  ) );
#1147 = ORIENTED_EDGE('',*,*,#889,.T.);
#1148 = ADVANCED_FACE('',(#1149),#877,.F.);
#1149 = FACE_BOUND('',#1150,.T.);
#1150 = EDGE_LOOP('',(#1151,#1174,#1175,#1176));
#1151 = ORIENTED_EDGE('',*,*,#1152,.F.);
#1152 = EDGE_CURVE('',#835,#1153,#1155,.T.);
#1153 = VERTEX_POINT('',#1154);
#1154 = CARTESIAN_POINT('',(-113.,54.625,23.97114967462));
#1155 = SURFACE_CURVE('',#1156,(#1160,#1167),.PCURVE_S1.);
#1156 = LINE('',#1157,#1158);
#1157 = CARTESIAN_POINT('',(-113.,64.625,23.97114967462));
#1158 = VECTOR('',#1159,1.);
#1159 = DIRECTION('',(0.,-1.,0.));
#1160 = PCURVE('',#877,#1161);
#1161 = DEFINITIONAL_REPRESENTATION('',(#1162),#1166);
#1162 = LINE('',#1163,#1164);
#1163 = CARTESIAN_POINT('',(-0.,0.));
#1164 = VECTOR('',#1165,1.);
#1165 = DIRECTION('',(-0.,1.));
#1166 = ( GEOMETRIC_REPRESENTATION_CONTEXT(2) 
PARAMETRIC_REPRESENTATION_CONTEXT() REPRESENTATION_CONTEXT('2D SPACE',''
  ) );
#1167 = PCURVE('',#849,#1168);
#1168 = DEFINITIONAL_REPRESENTATION('',(#1169),#1173);
#1169 = LINE('',#1170,#1171);
#1170 = CARTESIAN_POINT('',(2.,7.));
#1171 = VECTOR('',#1172,1.);
#1172 = DIRECTION('',(0.,-1.));
#1173 = ( GEOMETRIC_REPRESENTATION_CONTEXT(2) 
PARAMETRIC_REPRESENTATION_CONTEXT() REPRESENTATION_CONTEXT('2D SPACE',''
  ) );
#1174 = ORIENTED_EDGE('',*,*,#860,.F.);
#1175 = ORIENTED_EDGE('',*,*,#1127,.T.);
#1176 = ORIENTED_EDGE('',*,*,#1177,.T.);
#1177 = EDGE_CURVE('',#1107,#1153,#1178,.T.);
#1178 = SURFACE_CURVE('',#1179,(#1184,#1191),.PCURVE_S1.);
#1179 = CIRCLE('',#1180,2.);
#1180 = AXIS2_PLACEMENT_3D('',#1181,#1182,#1183);
#1181 = CARTESIAN_POINT('',(-113.,54.625,21.97114967462));
#1182 = DIRECTION('',(0.,-1.,0.));
#1183 = DIRECTION('',(-0.,0.,1.));
#1184 = PCURVE('',#877,#1185);
#1185 = DEFINITIONAL_REPRESENTATION('',(#1186),#1190);
#1186 = LINE('',#1187,#1188);
#1187 = CARTESIAN_POINT('',(-6.28318530718,10.));
#1188 = VECTOR('',#1189,1.);
#1189 = DIRECTION('',(1.,-0.));
#1190 = ( GEOMETRIC_REPRESENTATION_CONTEXT(2) 
PARAMETRIC_REPRESENTATION_CONTEXT() REPRESENTATION_CONTEXT('2D SPACE',''
  ) );
#1191 = PCURVE('',#943,#1192);
#1192 = DEFINITIONAL_REPRESENTATION('',(#1193),#1197);
#1193 = CIRCLE('',#1194,2.);
#1194 = AXIS2_PLACEMENT_2D('',#1195,#1196);
#1195 = CARTESIAN_POINT('',(19.47114967462,113.));
#1196 = DIRECTION('',(1.,0.));
#1197 = ( GEOMETRIC_REPRESENTATION_CONTEXT(2) 
PARAMETRIC_REPRESENTATION_CONTEXT() REPRESENTATION_CONTEXT('2D SPACE',''
  ) );
#1198 = ADVANCED_FACE('',(#1199),#849,.T.);
#1199 = FACE_BOUND('',#1200,.T.);
#1200 = EDGE_LOOP('',(#1201,#1202,#1223,#1244));
#1201 = ORIENTED_EDGE('',*,*,#1152,.T.);
#1202 = ORIENTED_EDGE('',*,*,#1203,.F.);
#1203 = EDGE_CURVE('',#1204,#1153,#1206,.T.);
#1204 = VERTEX_POINT('',#1205);
#1205 = CARTESIAN_POINT('',(-127.,54.625,23.97114967462));
#1206 = SURFACE_CURVE('',#1207,(#1211,#1217),.PCURVE_S1.);
#1207 = LINE('',#1208,#1209);
#1208 = CARTESIAN_POINT('',(-55.5,54.625,23.97114967462));
#1209 = VECTOR('',#1210,1.);
#1210 = DIRECTION('',(1.,0.,-0.));
#1211 = PCURVE('',#849,#1212);
#1212 = DEFINITIONAL_REPRESENTATION('',(#1213),#1216);
#1213 = B_SPLINE_CURVE_WITH_KNOTS('',1,(#1214,#1215),.UNSPECIFIED.,.F.,
  .F.,(2,2),(-71.5,-57.5),.PIECEWISE_BEZIER_KNOTS.);
#1214 = CARTESIAN_POINT('',(16.,-3.));
#1215 = CARTESIAN_POINT('',(2.,-3.));
#1216 = ( GEOMETRIC_REPRESENTATION_CONTEXT(2) 
PARAMETRIC_REPRESENTATION_CONTEXT() REPRESENTATION_CONTEXT('2D SPACE',''
  ) );
#1217 = PCURVE('',#943,#1218);
#1218 = DEFINITIONAL_REPRESENTATION('',(#1219),#1222);
#1219 = B_SPLINE_CURVE_WITH_KNOTS('',1,(#1220,#1221),.UNSPECIFIED.,.F.,
  .F.,(2,2),(-71.5,-57.5),.PIECEWISE_BEZIER_KNOTS.);
#1220 = CARTESIAN_POINT('',(21.47114967462,127.));
#1221 = CARTESIAN_POINT('',(21.47114967462,113.));
#1222 = ( GEOMETRIC_REPRESENTATION_CONTEXT(2) 
PARAMETRIC_REPRESENTATION_CONTEXT() REPRESENTATION_CONTEXT('2D SPACE',''
  ) );
#1223 = ORIENTED_EDGE('',*,*,#1224,.T.);
#1224 = EDGE_CURVE('',#1204,#802,#1225,.T.);
#1225 = SURFACE_CURVE('',#1226,(#1230,#1237),.PCURVE_S1.);
#1226 = LINE('',#1227,#1228);
#1227 = CARTESIAN_POINT('',(-127.,50.625,23.97114967462));
#1228 = VECTOR('',#1229,1.);
#1229 = DIRECTION('',(0.,1.,0.));
#1230 = PCURVE('',#849,#1231);
#1231 = DEFINITIONAL_REPRESENTATION('',(#1232),#1236);
#1232 = LINE('',#1233,#1234);
#1233 = CARTESIAN_POINT('',(16.,-7.));
#1234 = VECTOR('',#1235,1.);
#1235 = DIRECTION('',(0.,1.));
#1236 = ( GEOMETRIC_REPRESENTATION_CONTEXT(2) 
PARAMETRIC_REPRESENTATION_CONTEXT() REPRESENTATION_CONTEXT('2D SPACE',''
  ) );
#1237 = PCURVE('',#822,#1238);
#1238 = DEFINITIONAL_REPRESENTATION('',(#1239),#1243);
#1239 = LINE('',#1240,#1241);
#1240 = CARTESIAN_POINT('',(-0.,0.));
#1241 = VECTOR('',#1242,1.);
#1242 = DIRECTION('',(-0.,1.));
#1243 = ( GEOMETRIC_REPRESENTATION_CONTEXT(2) 
PARAMETRIC_REPRESENTATION_CONTEXT() REPRESENTATION_CONTEXT('2D SPACE',''
  ) );
#1244 = ORIENTED_EDGE('',*,*,#834,.T.);
#1245 = ADVANCED_FACE('',(#1246),#822,.F.);
#1246 = FACE_BOUND('',#1247,.T.);
#1247 = EDGE_LOOP('',(#1248,#1249,#1277,#1298));
#1248 = ORIENTED_EDGE('',*,*,#1224,.F.);
#1249 = ORIENTED_EDGE('',*,*,#1250,.F.);
#1250 = EDGE_CURVE('',#1251,#1204,#1253,.T.);
#1251 = VERTEX_POINT('',#1252);
#1252 = CARTESIAN_POINT('',(-129.,54.625,21.97114967462));
#1253 = SURFACE_CURVE('',#1254,(#1259,#1266),.PCURVE_S1.);
#1254 = CIRCLE('',#1255,2.);
#1255 = AXIS2_PLACEMENT_3D('',#1256,#1257,#1258);
#1256 = CARTESIAN_POINT('',(-127.,54.625,21.97114967462));
#1257 = DIRECTION('',(0.,1.,0.));
#1258 = DIRECTION('',(0.,-0.,1.));
#1259 = PCURVE('',#822,#1260);
#1260 = DEFINITIONAL_REPRESENTATION('',(#1261),#1265);
#1261 = LINE('',#1262,#1263);
#1262 = CARTESIAN_POINT('',(-6.28318530718,4.));
#1263 = VECTOR('',#1264,1.);
#1264 = DIRECTION('',(1.,-0.));
#1265 = ( GEOMETRIC_REPRESENTATION_CONTEXT(2) 
PARAMETRIC_REPRESENTATION_CONTEXT() REPRESENTATION_CONTEXT('2D SPACE',''
  ) );
#1266 = PCURVE('',#943,#1267);
#1267 = DEFINITIONAL_REPRESENTATION('',(#1268),#1276);
#1268 = ( BOUNDED_CURVE() B_SPLINE_CURVE(2,(#1269,#1270,#1271,#1272,
#1273,#1274,#1275),.UNSPECIFIED.,.T.,.F.) B_SPLINE_CURVE_WITH_KNOTS((1,2
    ,2,2,2,1),(-2.094395102393,0.,2.094395102393,4.188790204786,
6.28318530718,8.377580409573),.UNSPECIFIED.) CURVE() 
GEOMETRIC_REPRESENTATION_ITEM() RATIONAL_B_SPLINE_CURVE((1.,0.5,1.,0.5,
1.,0.5,1.)) REPRESENTATION_ITEM('') );
#1269 = CARTESIAN_POINT('',(21.47114967462,127.));
#1270 = CARTESIAN_POINT('',(21.47114967462,123.53589838486));
#1271 = CARTESIAN_POINT('',(18.47114967462,125.26794919243));
#1272 = CARTESIAN_POINT('',(15.47114967462,127.));
#1273 = CARTESIAN_POINT('',(18.47114967462,128.73205080756));
#1274 = CARTESIAN_POINT('',(21.47114967462,130.46410161513));
#1275 = CARTESIAN_POINT('',(21.47114967462,127.));
#1276 = ( GEOMETRIC_REPRESENTATION_CONTEXT(2) 
PARAMETRIC_REPRESENTATION_CONTEXT() REPRESENTATION_CONTEXT('2D SPACE',''
  ) );
#1277 = ORIENTED_EDGE('',*,*,#1278,.T.);
#1278 = EDGE_CURVE('',#1251,#776,#1279,.T.);
#1279 = SURFACE_CURVE('',#1280,(#1284,#1291),.PCURVE_S1.);
#1280 = LINE('',#1281,#1282);
#1281 = CARTESIAN_POINT('',(-129.,50.625,21.97114967462));
#1282 = VECTOR('',#1283,1.);
#1283 = DIRECTION('',(0.,1.,0.));
#1284 = PCURVE('',#822,#1285);
#1285 = DEFINITIONAL_REPRESENTATION('',(#1286),#1290);
#1286 = LINE('',#1287,#1288);
#1287 = CARTESIAN_POINT('',(-1.570796326795,0.));
#1288 = VECTOR('',#1289,1.);
#1289 = DIRECTION('',(-0.,1.));
#1290 = ( GEOMETRIC_REPRESENTATION_CONTEXT(2) 
PARAMETRIC_REPRESENTATION_CONTEXT() REPRESENTATION_CONTEXT('2D SPACE',''
  ) );
#1291 = PCURVE('',#790,#1292);
#1292 = DEFINITIONAL_REPRESENTATION('',(#1293),#1297);
#1293 = LINE('',#1294,#1295);
#1294 = CARTESIAN_POINT('',(2.,-7.));
#1295 = VECTOR('',#1296,1.);
#1296 = DIRECTION('',(0.,1.));
#1297 = ( GEOMETRIC_REPRESENTATION_CONTEXT(2) 
PARAMETRIC_REPRESENTATION_CONTEXT() REPRESENTATION_CONTEXT('2D SPACE',''
  ) );
#1298 = ORIENTED_EDGE('',*,*,#801,.T.);
#1299 = ADVANCED_FACE('',(#1300),#790,.T.);
#1300 = FACE_BOUND('',#1301,.T.);
#1301 = EDGE_LOOP('',(#1302,#1303,#1324,#1345));
#1302 = ORIENTED_EDGE('',*,*,#1278,.F.);
#1303 = ORIENTED_EDGE('',*,*,#1304,.F.);
#1304 = EDGE_CURVE('',#1305,#1251,#1307,.T.);
#1305 = VERTEX_POINT('',#1306);
#1306 = CARTESIAN_POINT('',(-129.,54.625,15.97114967462));
#1307 = SURFACE_CURVE('',#1308,(#1312,#1318),.PCURVE_S1.);
#1308 = LINE('',#1309,#1310);
#1309 = CARTESIAN_POINT('',(-129.,54.625,13.23557483731));
#1310 = VECTOR('',#1311,1.);
#1311 = DIRECTION('',(-0.,0.,1.));
#1312 = PCURVE('',#790,#1313);
#1313 = DEFINITIONAL_REPRESENTATION('',(#1314),#1317);
#1314 = B_SPLINE_CURVE_WITH_KNOTS('',1,(#1315,#1316),.UNSPECIFIED.,.F.,
  .F.,(2,2),(2.73557483731,8.73557483731),.PIECEWISE_BEZIER_KNOTS.);
#1315 = CARTESIAN_POINT('',(8.,-3.));
#1316 = CARTESIAN_POINT('',(2.,-3.));
#1317 = ( GEOMETRIC_REPRESENTATION_CONTEXT(2) 
PARAMETRIC_REPRESENTATION_CONTEXT() REPRESENTATION_CONTEXT('2D SPACE',''
  ) );
#1318 = PCURVE('',#943,#1319);
#1319 = DEFINITIONAL_REPRESENTATION('',(#1320),#1323);
#1320 = B_SPLINE_CURVE_WITH_KNOTS('',1,(#1321,#1322),.UNSPECIFIED.,.F.,
  .F.,(2,2),(2.73557483731,8.73557483731),.PIECEWISE_BEZIER_KNOTS.);
#1321 = CARTESIAN_POINT('',(13.47114967462,129.));
#1322 = CARTESIAN_POINT('',(19.47114967462,129.));
#1323 = ( GEOMETRIC_REPRESENTATION_CONTEXT(2) 
PARAMETRIC_REPRESENTATION_CONTEXT() REPRESENTATION_CONTEXT('2D SPACE',''
  ) );
#1324 = ORIENTED_EDGE('',*,*,#1325,.T.);
#1325 = EDGE_CURVE('',#1305,#743,#1326,.T.);
#1326 = SURFACE_CURVE('',#1327,(#1331,#1338),.PCURVE_S1.);
#1327 = LINE('',#1328,#1329);
#1328 = CARTESIAN_POINT('',(-129.,50.625,15.97114967462));
#1329 = VECTOR('',#1330,1.);
#1330 = DIRECTION('',(0.,1.,0.));
#1331 = PCURVE('',#790,#1332);
#1332 = DEFINITIONAL_REPRESENTATION('',(#1333),#1337);
#1333 = LINE('',#1334,#1335);
#1334 = CARTESIAN_POINT('',(8.,-7.));
#1335 = VECTOR('',#1336,1.);
#1336 = DIRECTION('',(0.,1.));
#1337 = ( GEOMETRIC_REPRESENTATION_CONTEXT(2) 
PARAMETRIC_REPRESENTATION_CONTEXT() REPRESENTATION_CONTEXT('2D SPACE',''
  ) );
#1338 = PCURVE('',#763,#1339);
#1339 = DEFINITIONAL_REPRESENTATION('',(#1340),#1344);
#1340 = LINE('',#1341,#1342);
#1341 = CARTESIAN_POINT('',(1.570796326795,0.));
#1342 = VECTOR('',#1343,1.);
#1343 = DIRECTION('',(0.,1.));
#1344 = ( GEOMETRIC_REPRESENTATION_CONTEXT(2) 
PARAMETRIC_REPRESENTATION_CONTEXT() REPRESENTATION_CONTEXT('2D SPACE',''
  ) );
#1345 = ORIENTED_EDGE('',*,*,#775,.T.);
#1346 = ADVANCED_FACE('',(#1347),#763,.F.);
#1347 = FACE_BOUND('',#1348,.F.);
#1348 = EDGE_LOOP('',(#1349,#1372,#1398,#1399));
#1349 = ORIENTED_EDGE('',*,*,#1350,.F.);
#1350 = EDGE_CURVE('',#1351,#717,#1353,.T.);
#1351 = VERTEX_POINT('',#1352);
#1352 = CARTESIAN_POINT('',(-127.,54.625,13.97114967462));
#1353 = SURFACE_CURVE('',#1354,(#1358,#1365),.PCURVE_S1.);
#1354 = LINE('',#1355,#1356);
#1355 = CARTESIAN_POINT('',(-127.,50.625,13.97114967462));
#1356 = VECTOR('',#1357,1.);
#1357 = DIRECTION('',(0.,1.,0.));
#1358 = PCURVE('',#763,#1359);
#1359 = DEFINITIONAL_REPRESENTATION('',(#1360),#1364);
#1360 = LINE('',#1361,#1362);
#1361 = CARTESIAN_POINT('',(0.,0.));
#1362 = VECTOR('',#1363,1.);
#1363 = DIRECTION('',(0.,1.));
#1364 = ( GEOMETRIC_REPRESENTATION_CONTEXT(2) 
PARAMETRIC_REPRESENTATION_CONTEXT() REPRESENTATION_CONTEXT('2D SPACE',''
  ) );
#1365 = PCURVE('',#731,#1366);
#1366 = DEFINITIONAL_REPRESENTATION('',(#1367),#1371);
#1367 = LINE('',#1368,#1369);
#1368 = CARTESIAN_POINT('',(2.,-7.));
#1369 = VECTOR('',#1370,1.);
#1370 = DIRECTION('',(0.,1.));
#1371 = ( GEOMETRIC_REPRESENTATION_CONTEXT(2) 
PARAMETRIC_REPRESENTATION_CONTEXT() REPRESENTATION_CONTEXT('2D SPACE',''
  ) );
#1372 = ORIENTED_EDGE('',*,*,#1373,.T.);
#1373 = EDGE_CURVE('',#1351,#1305,#1374,.T.);
#1374 = SURFACE_CURVE('',#1375,(#1380,#1387),.PCURVE_S1.);
#1375 = CIRCLE('',#1376,2.);
#1376 = AXIS2_PLACEMENT_3D('',#1377,#1378,#1379);
#1377 = CARTESIAN_POINT('',(-127.,54.625,15.97114967462));
#1378 = DIRECTION('',(0.,1.,0.));
#1379 = DIRECTION('',(0.,0.,-1.));
#1380 = PCURVE('',#763,#1381);
#1381 = DEFINITIONAL_REPRESENTATION('',(#1382),#1386);
#1382 = LINE('',#1383,#1384);
#1383 = CARTESIAN_POINT('',(0.,4.));
#1384 = VECTOR('',#1385,1.);
#1385 = DIRECTION('',(1.,0.));
#1386 = ( GEOMETRIC_REPRESENTATION_CONTEXT(2) 
PARAMETRIC_REPRESENTATION_CONTEXT() REPRESENTATION_CONTEXT('2D SPACE',''
  ) );
#1387 = PCURVE('',#943,#1388);
#1388 = DEFINITIONAL_REPRESENTATION('',(#1389),#1397);
#1389 = ( BOUNDED_CURVE() B_SPLINE_CURVE(2,(#1390,#1391,#1392,#1393,
#1394,#1395,#1396),.UNSPECIFIED.,.T.,.F.) B_SPLINE_CURVE_WITH_KNOTS((1,2
    ,2,2,2,1),(-2.094395102393,0.,2.094395102393,4.188790204786,
6.28318530718,8.377580409573),.UNSPECIFIED.) CURVE() 
GEOMETRIC_REPRESENTATION_ITEM() RATIONAL_B_SPLINE_CURVE((1.,0.5,1.,0.5,
1.,0.5,1.)) REPRESENTATION_ITEM('') );
#1390 = CARTESIAN_POINT('',(11.47114967462,127.));
#1391 = CARTESIAN_POINT('',(11.47114967462,130.46410161513));
#1392 = CARTESIAN_POINT('',(14.47114967462,128.73205080756));
#1393 = CARTESIAN_POINT('',(17.47114967462,127.));
#1394 = CARTESIAN_POINT('',(14.47114967462,125.26794919243));
#1395 = CARTESIAN_POINT('',(11.47114967462,123.53589838486));
#1396 = CARTESIAN_POINT('',(11.47114967462,127.));
#1397 = ( GEOMETRIC_REPRESENTATION_CONTEXT(2) 
PARAMETRIC_REPRESENTATION_CONTEXT() REPRESENTATION_CONTEXT('2D SPACE',''
  ) );
#1398 = ORIENTED_EDGE('',*,*,#1325,.T.);
#1399 = ORIENTED_EDGE('',*,*,#742,.F.);
#1400 = ADVANCED_FACE('',(#1401),#731,.T.);
#1401 = FACE_BOUND('',#1402,.T.);
#1402 = EDGE_LOOP('',(#1403,#1404,#1423,#1424));
#1403 = ORIENTED_EDGE('',*,*,#1350,.F.);
#1404 = ORIENTED_EDGE('',*,*,#1405,.F.);
#1405 = EDGE_CURVE('',#1034,#1351,#1406,.T.);
#1406 = SURFACE_CURVE('',#1407,(#1411,#1417),.PCURVE_S1.);
#1407 = LINE('',#1408,#1409);
#1408 = CARTESIAN_POINT('',(-64.5,54.625,13.97114967462));
#1409 = VECTOR('',#1410,1.);
#1410 = DIRECTION('',(-1.,-0.,0.));
#1411 = PCURVE('',#731,#1412);
#1412 = DEFINITIONAL_REPRESENTATION('',(#1413),#1416);
#1413 = B_SPLINE_CURVE_WITH_KNOTS('',1,(#1414,#1415),.UNSPECIFIED.,.F.,
  .F.,(2,2),(48.5,62.5),.PIECEWISE_BEZIER_KNOTS.);
#1414 = CARTESIAN_POINT('',(16.,-3.));
#1415 = CARTESIAN_POINT('',(2.,-3.));
#1416 = ( GEOMETRIC_REPRESENTATION_CONTEXT(2) 
PARAMETRIC_REPRESENTATION_CONTEXT() REPRESENTATION_CONTEXT('2D SPACE',''
  ) );
#1417 = PCURVE('',#943,#1418);
#1418 = DEFINITIONAL_REPRESENTATION('',(#1419),#1422);
#1419 = B_SPLINE_CURVE_WITH_KNOTS('',1,(#1420,#1421),.UNSPECIFIED.,.F.,
  .F.,(2,2),(48.5,62.5),.PIECEWISE_BEZIER_KNOTS.);
#1420 = CARTESIAN_POINT('',(11.47114967462,113.));
#1421 = CARTESIAN_POINT('',(11.47114967462,127.));
#1422 = ( GEOMETRIC_REPRESENTATION_CONTEXT(2) 
PARAMETRIC_REPRESENTATION_CONTEXT() REPRESENTATION_CONTEXT('2D SPACE',''
  ) );
#1423 = ORIENTED_EDGE('',*,*,#1033,.F.);
#1424 = ORIENTED_EDGE('',*,*,#716,.T.);
#1425 = ADVANCED_FACE('',(#1426,#2001),#943,.T.);
#1426 = FACE_BOUND('',#1427,.T.);
#1427 = EDGE_LOOP('',(#1428,#1451,#1479,#1505,#1531,#1557,#1585,#1611,
    #1637,#1658,#1681,#1707,#1733,#1754,#1777,#1803,#1829,#1850,#1873,
    #1899,#1925,#1951,#1979,#2000));
#1428 = ORIENTED_EDGE('',*,*,#1429,.F.);
#1429 = EDGE_CURVE('',#1430,#929,#1432,.T.);
#1430 = VERTEX_POINT('',#1431);
#1431 = CARTESIAN_POINT('',(-149.875,54.625,2.5));
#1432 = SURFACE_CURVE('',#1433,(#1437,#1444),.PCURVE_S1.);
#1433 = LINE('',#1434,#1435);
#1434 = CARTESIAN_POINT('',(-149.875,54.625,2.5));
#1435 = VECTOR('',#1436,1.);
#1436 = DIRECTION('',(0.,0.,1.));
#1437 = PCURVE('',#943,#1438);
#1438 = DEFINITIONAL_REPRESENTATION('',(#1439),#1443);
#1439 = LINE('',#1440,#1441);
#1440 = CARTESIAN_POINT('',(0.,149.875));
#1441 = VECTOR('',#1442,1.);
#1442 = DIRECTION('',(1.,0.));
#1443 = ( GEOMETRIC_REPRESENTATION_CONTEXT(2) 
PARAMETRIC_REPRESENTATION_CONTEXT() REPRESENTATION_CONTEXT('2D SPACE',''
  ) );
#1444 = PCURVE('',#969,#1445);
#1445 = DEFINITIONAL_REPRESENTATION('',(#1446),#1450);
#1446 = LINE('',#1447,#1448);
#1447 = CARTESIAN_POINT('',(-11.70077624266,-51.89251576821));
#1448 = VECTOR('',#1449,1.);
#1449 = DIRECTION('',(1.,0.));
#1450 = ( GEOMETRIC_REPRESENTATION_CONTEXT(2) 
PARAMETRIC_REPRESENTATION_CONTEXT() REPRESENTATION_CONTEXT('2D SPACE',''
  ) );
#1451 = ORIENTED_EDGE('',*,*,#1452,.T.);
#1452 = EDGE_CURVE('',#1430,#1453,#1455,.T.);
#1453 = VERTEX_POINT('',#1454);
#1454 = CARTESIAN_POINT('',(-148.875,54.625,2.5));
#1455 = SURFACE_CURVE('',#1456,(#1460,#1467),.PCURVE_S1.);
#1456 = LINE('',#1457,#1458);
#1457 = CARTESIAN_POINT('',(-149.875,54.625,2.5));
#1458 = VECTOR('',#1459,1.);
#1459 = DIRECTION('',(1.,0.,0.));
#1460 = PCURVE('',#943,#1461);
#1461 = DEFINITIONAL_REPRESENTATION('',(#1462),#1466);
#1462 = LINE('',#1463,#1464);
#1463 = CARTESIAN_POINT('',(0.,149.875));
#1464 = VECTOR('',#1465,1.);
#1465 = DIRECTION('',(0.,-1.));
#1466 = ( GEOMETRIC_REPRESENTATION_CONTEXT(2) 
PARAMETRIC_REPRESENTATION_CONTEXT() REPRESENTATION_CONTEXT('2D SPACE',''
  ) );
#1467 = PCURVE('',#1468,#1473);
#1468 = PLANE('',#1469);
#1469 = AXIS2_PLACEMENT_3D('',#1470,#1471,#1472);
#1470 = CARTESIAN_POINT('',(0.,-54.625,2.5));
#1471 = DIRECTION('',(0.,0.,1.));
#1472 = DIRECTION('',(0.,1.,0.));
#1473 = DEFINITIONAL_REPRESENTATION('',(#1474),#1478);
#1474 = LINE('',#1475,#1476);
#1475 = CARTESIAN_POINT('',(109.25,149.875));
#1476 = VECTOR('',#1477,1.);
#1477 = DIRECTION('',(0.,-1.));
#1478 = ( GEOMETRIC_REPRESENTATION_CONTEXT(2) 
PARAMETRIC_REPRESENTATION_CONTEXT() REPRESENTATION_CONTEXT('2D SPACE',''
  ) );
#1479 = ORIENTED_EDGE('',*,*,#1480,.F.);
#1480 = EDGE_CURVE('',#1481,#1453,#1483,.T.);
#1481 = VERTEX_POINT('',#1482);
#1482 = CARTESIAN_POINT('',(-148.875,54.625,26.34967462039));
#1483 = SURFACE_CURVE('',#1484,(#1488,#1494),.PCURVE_S1.);
#1484 = LINE('',#1485,#1486);
#1485 = CARTESIAN_POINT('',(-148.875,54.625,2.5));
#1486 = VECTOR('',#1487,1.);
#1487 = DIRECTION('',(-0.,-0.,-1.));
#1488 = PCURVE('',#943,#1489);
#1489 = DEFINITIONAL_REPRESENTATION('',(#1490),#1493);
#1490 = B_SPLINE_CURVE_WITH_KNOTS('',1,(#1491,#1492),.UNSPECIFIED.,.F.,
  .F.,(2,2),(-23.84967522039,5.999999999062E-07),
  .PIECEWISE_BEZIER_KNOTS.);
#1491 = CARTESIAN_POINT('',(23.84967522039,148.875));
#1492 = CARTESIAN_POINT('',(-5.999999999062E-07,148.875));
#1493 = ( GEOMETRIC_REPRESENTATION_CONTEXT(2) 
PARAMETRIC_REPRESENTATION_CONTEXT() REPRESENTATION_CONTEXT('2D SPACE',''
  ) );
#1494 = PCURVE('',#1495,#1500);
#1495 = CYLINDRICAL_SURFACE('',#1496,5.);
#1496 = AXIS2_PLACEMENT_3D('',#1497,#1498,#1499);
#1497 = CARTESIAN_POINT('',(-145.875,50.625,2.5));
#1498 = DIRECTION('',(-0.,-0.,-1.));
#1499 = DIRECTION('',(1.,0.,0.));
#1500 = DEFINITIONAL_REPRESENTATION('',(#1501),#1504);
#1501 = B_SPLINE_CURVE_WITH_KNOTS('',1,(#1502,#1503),.UNSPECIFIED.,.F.,
  .F.,(2,2),(-23.84967522039,5.999999999062E-07),
  .PIECEWISE_BEZIER_KNOTS.);
#1502 = CARTESIAN_POINT('',(-2.214297435588,-23.84967522039));
#1503 = CARTESIAN_POINT('',(-2.214297435588,5.999999999062E-07));
#1504 = ( GEOMETRIC_REPRESENTATION_CONTEXT(2) 
PARAMETRIC_REPRESENTATION_CONTEXT() REPRESENTATION_CONTEXT('2D SPACE',''
  ) );
#1505 = ORIENTED_EDGE('',*,*,#1506,.F.);
#1506 = EDGE_CURVE('',#1507,#1481,#1509,.T.);
#1507 = VERTEX_POINT('',#1508);
#1508 = CARTESIAN_POINT('',(-142.875,54.625,26.34967462039));
#1509 = SURFACE_CURVE('',#1510,(#1514,#1520),.PCURVE_S1.);
#1510 = LINE('',#1511,#1512);
#1511 = CARTESIAN_POINT('',(-72.9375,54.625,26.34967462039));
#1512 = VECTOR('',#1513,1.);
#1513 = DIRECTION('',(-1.,0.,0.));
#1514 = PCURVE('',#943,#1515);
#1515 = DEFINITIONAL_REPRESENTATION('',(#1516),#1519);
#1516 = B_SPLINE_CURVE_WITH_KNOTS('',1,(#1517,#1518),.UNSPECIFIED.,.F.,
  .F.,(2,2),(67.9375,76.9375),.PIECEWISE_BEZIER_KNOTS.);
#1517 = CARTESIAN_POINT('',(23.84967462039,140.875));
#1518 = CARTESIAN_POINT('',(23.84967462039,149.875));
#1519 = ( GEOMETRIC_REPRESENTATION_CONTEXT(2) 
PARAMETRIC_REPRESENTATION_CONTEXT() REPRESENTATION_CONTEXT('2D SPACE',''
  ) );
#1520 = PCURVE('',#1521,#1526);
#1521 = PLANE('',#1522);
#1522 = AXIS2_PLACEMENT_3D('',#1523,#1524,#1525);
#1523 = CARTESIAN_POINT('',(-145.875,50.625,26.34967462039));
#1524 = DIRECTION('',(0.,0.,1.));
#1525 = DIRECTION('',(1.,0.,-0.));
#1526 = DEFINITIONAL_REPRESENTATION('',(#1527),#1530);
#1527 = B_SPLINE_CURVE_WITH_KNOTS('',1,(#1528,#1529),.UNSPECIFIED.,.F.,
  .F.,(2,2),(67.9375,76.9375),.PIECEWISE_BEZIER_KNOTS.);
#1528 = CARTESIAN_POINT('',(5.,4.));
#1529 = CARTESIAN_POINT('',(-4.,4.));
#1530 = ( GEOMETRIC_REPRESENTATION_CONTEXT(2) 
PARAMETRIC_REPRESENTATION_CONTEXT() REPRESENTATION_CONTEXT('2D SPACE',''
  ) );
#1531 = ORIENTED_EDGE('',*,*,#1532,.T.);
#1532 = EDGE_CURVE('',#1507,#1533,#1535,.T.);
#1533 = VERTEX_POINT('',#1534);
#1534 = CARTESIAN_POINT('',(-142.875,54.625,2.5));
#1535 = SURFACE_CURVE('',#1536,(#1540,#1546),.PCURVE_S1.);
#1536 = LINE('',#1537,#1538);
#1537 = CARTESIAN_POINT('',(-142.875,54.625,2.5));
#1538 = VECTOR('',#1539,1.);
#1539 = DIRECTION('',(-0.,-0.,-1.));
#1540 = PCURVE('',#943,#1541);
#1541 = DEFINITIONAL_REPRESENTATION('',(#1542),#1545);
#1542 = B_SPLINE_CURVE_WITH_KNOTS('',1,(#1543,#1544),.UNSPECIFIED.,.F.,
  .F.,(2,2),(-23.84967522039,5.999999999062E-07),
  .PIECEWISE_BEZIER_KNOTS.);
#1543 = CARTESIAN_POINT('',(23.84967522039,142.875));
#1544 = CARTESIAN_POINT('',(-5.999999999062E-07,142.875));
#1545 = ( GEOMETRIC_REPRESENTATION_CONTEXT(2) 
PARAMETRIC_REPRESENTATION_CONTEXT() REPRESENTATION_CONTEXT('2D SPACE',''
  ) );
#1546 = PCURVE('',#1547,#1552);
#1547 = CYLINDRICAL_SURFACE('',#1548,5.);
#1548 = AXIS2_PLACEMENT_3D('',#1549,#1550,#1551);
#1549 = CARTESIAN_POINT('',(-145.875,50.625,2.5));
#1550 = DIRECTION('',(-0.,-0.,-1.));
#1551 = DIRECTION('',(1.,0.,0.));
#1552 = DEFINITIONAL_REPRESENTATION('',(#1553),#1556);
#1553 = B_SPLINE_CURVE_WITH_KNOTS('',1,(#1554,#1555),.UNSPECIFIED.,.F.,
  .F.,(2,2),(-23.84967462039,0.),.PIECEWISE_BEZIER_KNOTS.);
#1554 = CARTESIAN_POINT('',(-7.210480525181,-23.84967462039));
#1555 = CARTESIAN_POINT('',(-7.210480525181,0.));
#1556 = ( GEOMETRIC_REPRESENTATION_CONTEXT(2) 
PARAMETRIC_REPRESENTATION_CONTEXT() REPRESENTATION_CONTEXT('2D SPACE',''
  ) );
#1557 = ORIENTED_EDGE('',*,*,#1558,.T.);
#1558 = EDGE_CURVE('',#1533,#1559,#1561,.T.);
#1559 = VERTEX_POINT('',#1560);
#1560 = CARTESIAN_POINT('',(-73.,54.625,2.5));
#1561 = SURFACE_CURVE('',#1562,(#1566,#1573),.PCURVE_S1.);
#1562 = LINE('',#1563,#1564);
#1563 = CARTESIAN_POINT('',(-149.875,54.625,2.5));
#1564 = VECTOR('',#1565,1.);
#1565 = DIRECTION('',(1.,0.,0.));
#1566 = PCURVE('',#943,#1567);
#1567 = DEFINITIONAL_REPRESENTATION('',(#1568),#1572);
#1568 = LINE('',#1569,#1570);
#1569 = CARTESIAN_POINT('',(0.,149.875));
#1570 = VECTOR('',#1571,1.);
#1571 = DIRECTION('',(0.,-1.));
#1572 = ( GEOMETRIC_REPRESENTATION_CONTEXT(2) 
PARAMETRIC_REPRESENTATION_CONTEXT() REPRESENTATION_CONTEXT('2D SPACE',''
  ) );
#1573 = PCURVE('',#1574,#1579);
#1574 = PLANE('',#1575);
#1575 = AXIS2_PLACEMENT_3D('',#1576,#1577,#1578);
#1576 = CARTESIAN_POINT('',(0.,-54.625,2.5));
#1577 = DIRECTION('',(0.,0.,1.));
#1578 = DIRECTION('',(0.,1.,0.));
#1579 = DEFINITIONAL_REPRESENTATION('',(#1580),#1584);
#1580 = LINE('',#1581,#1582);
#1581 = CARTESIAN_POINT('',(109.25,149.875));
#1582 = VECTOR('',#1583,1.);
#1583 = DIRECTION('',(0.,-1.));
#1584 = ( GEOMETRIC_REPRESENTATION_CONTEXT(2) 
PARAMETRIC_REPRESENTATION_CONTEXT() REPRESENTATION_CONTEXT('2D SPACE',''
  ) );
#1585 = ORIENTED_EDGE('',*,*,#1586,.F.);
#1586 = EDGE_CURVE('',#1587,#1559,#1589,.T.);
#1587 = VERTEX_POINT('',#1588);
#1588 = CARTESIAN_POINT('',(-73.,54.625,26.34967462039));
#1589 = SURFACE_CURVE('',#1590,(#1594,#1600),.PCURVE_S1.);
#1590 = LINE('',#1591,#1592);
#1591 = CARTESIAN_POINT('',(-73.,54.625,2.5));
#1592 = VECTOR('',#1593,1.);
#1593 = DIRECTION('',(-0.,-0.,-1.));
#1594 = PCURVE('',#943,#1595);
#1595 = DEFINITIONAL_REPRESENTATION('',(#1596),#1599);
#1596 = B_SPLINE_CURVE_WITH_KNOTS('',1,(#1597,#1598),.UNSPECIFIED.,.F.,
  .F.,(2,2),(-23.84967522039,5.999999999062E-07),
  .PIECEWISE_BEZIER_KNOTS.);
#1597 = CARTESIAN_POINT('',(23.84967522039,73.));
#1598 = CARTESIAN_POINT('',(-5.999999999062E-07,73.));
#1599 = ( GEOMETRIC_REPRESENTATION_CONTEXT(2) 
PARAMETRIC_REPRESENTATION_CONTEXT() REPRESENTATION_CONTEXT('2D SPACE',''
  ) );
#1600 = PCURVE('',#1601,#1606);
#1601 = CYLINDRICAL_SURFACE('',#1602,5.);
#1602 = AXIS2_PLACEMENT_3D('',#1603,#1604,#1605);
#1603 = CARTESIAN_POINT('',(-70.,50.625,2.5));
#1604 = DIRECTION('',(-0.,-0.,-1.));
#1605 = DIRECTION('',(1.,0.,0.));
#1606 = DEFINITIONAL_REPRESENTATION('',(#1607),#1610);
#1607 = B_SPLINE_CURVE_WITH_KNOTS('',1,(#1608,#1609),.UNSPECIFIED.,.F.,
  .F.,(2,2),(-23.84967462039,0.),.PIECEWISE_BEZIER_KNOTS.);
#1608 = CARTESIAN_POINT('',(-2.214297435588,-23.84967462039));
#1609 = CARTESIAN_POINT('',(-2.214297435588,0.));
#1610 = ( GEOMETRIC_REPRESENTATION_CONTEXT(2) 
PARAMETRIC_REPRESENTATION_CONTEXT() REPRESENTATION_CONTEXT('2D SPACE',''
  ) );
#1611 = ORIENTED_EDGE('',*,*,#1612,.F.);
#1612 = EDGE_CURVE('',#1613,#1587,#1615,.T.);
#1613 = VERTEX_POINT('',#1614);
#1614 = CARTESIAN_POINT('',(-67.,54.625,26.34967462039));
#1615 = SURFACE_CURVE('',#1616,(#1620,#1626),.PCURVE_S1.);
#1616 = LINE('',#1617,#1618);
#1617 = CARTESIAN_POINT('',(-35.,54.625,26.34967462039));
#1618 = VECTOR('',#1619,1.);
#1619 = DIRECTION('',(-1.,0.,0.));
#1620 = PCURVE('',#943,#1621);
#1621 = DEFINITIONAL_REPRESENTATION('',(#1622),#1625);
#1622 = B_SPLINE_CURVE_WITH_KNOTS('',1,(#1623,#1624),.UNSPECIFIED.,.F.,
  .F.,(2,2),(30.,40.),.PIECEWISE_BEZIER_KNOTS.);
#1623 = CARTESIAN_POINT('',(23.84967462039,65.));
#1624 = CARTESIAN_POINT('',(23.84967462039,75.));
#1625 = ( GEOMETRIC_REPRESENTATION_CONTEXT(2) 
PARAMETRIC_REPRESENTATION_CONTEXT() REPRESENTATION_CONTEXT('2D SPACE',''
  ) );
#1626 = PCURVE('',#1627,#1632);
#1627 = PLANE('',#1628);
#1628 = AXIS2_PLACEMENT_3D('',#1629,#1630,#1631);
#1629 = CARTESIAN_POINT('',(-70.,50.625,26.34967462039));
#1630 = DIRECTION('',(0.,0.,1.));
#1631 = DIRECTION('',(1.,0.,-0.));
#1632 = DEFINITIONAL_REPRESENTATION('',(#1633),#1636);
#1633 = B_SPLINE_CURVE_WITH_KNOTS('',1,(#1634,#1635),.UNSPECIFIED.,.F.,
  .F.,(2,2),(30.,40.),.PIECEWISE_BEZIER_KNOTS.);
#1634 = CARTESIAN_POINT('',(5.,4.));
#1635 = CARTESIAN_POINT('',(-5.,4.));
#1636 = ( GEOMETRIC_REPRESENTATION_CONTEXT(2) 
PARAMETRIC_REPRESENTATION_CONTEXT() REPRESENTATION_CONTEXT('2D SPACE',''
  ) );
#1637 = ORIENTED_EDGE('',*,*,#1638,.T.);
#1638 = EDGE_CURVE('',#1613,#1639,#1641,.T.);
#1639 = VERTEX_POINT('',#1640);
#1640 = CARTESIAN_POINT('',(-67.,54.625,2.5));
#1641 = SURFACE_CURVE('',#1642,(#1646,#1652),.PCURVE_S1.);
#1642 = LINE('',#1643,#1644);
#1643 = CARTESIAN_POINT('',(-67.,54.625,2.5));
#1644 = VECTOR('',#1645,1.);
#1645 = DIRECTION('',(-0.,-0.,-1.));
#1646 = PCURVE('',#943,#1647);
#1647 = DEFINITIONAL_REPRESENTATION('',(#1648),#1651);
#1648 = B_SPLINE_CURVE_WITH_KNOTS('',1,(#1649,#1650),.UNSPECIFIED.,.F.,
  .F.,(2,2),(-23.84967522039,5.999999999062E-07),
  .PIECEWISE_BEZIER_KNOTS.);
#1649 = CARTESIAN_POINT('',(23.84967522039,67.));
#1650 = CARTESIAN_POINT('',(-5.999999999062E-07,67.));
#1651 = ( GEOMETRIC_REPRESENTATION_CONTEXT(2) 
PARAMETRIC_REPRESENTATION_CONTEXT() REPRESENTATION_CONTEXT('2D SPACE',''
  ) );
#1652 = PCURVE('',#1601,#1653);
#1653 = DEFINITIONAL_REPRESENTATION('',(#1654),#1657);
#1654 = B_SPLINE_CURVE_WITH_KNOTS('',1,(#1655,#1656),.UNSPECIFIED.,.F.,
  .F.,(2,2),(-23.84967462039,0.),.PIECEWISE_BEZIER_KNOTS.);
#1655 = CARTESIAN_POINT('',(-7.210480525181,-23.84967462039));
#1656 = CARTESIAN_POINT('',(-7.210480525181,0.));
#1657 = ( GEOMETRIC_REPRESENTATION_CONTEXT(2) 
PARAMETRIC_REPRESENTATION_CONTEXT() REPRESENTATION_CONTEXT('2D SPACE',''
  ) );
#1658 = ORIENTED_EDGE('',*,*,#1659,.T.);
#1659 = EDGE_CURVE('',#1639,#1660,#1662,.T.);
#1660 = VERTEX_POINT('',#1661);
#1661 = CARTESIAN_POINT('',(-3.,54.625,2.5));
#1662 = SURFACE_CURVE('',#1663,(#1667,#1674),.PCURVE_S1.);
#1663 = LINE('',#1664,#1665);
#1664 = CARTESIAN_POINT('',(-149.875,54.625,2.5));
#1665 = VECTOR('',#1666,1.);
#1666 = DIRECTION('',(1.,0.,0.));
#1667 = PCURVE('',#943,#1668);
#1668 = DEFINITIONAL_REPRESENTATION('',(#1669),#1673);
#1669 = LINE('',#1670,#1671);
#1670 = CARTESIAN_POINT('',(0.,149.875));
#1671 = VECTOR('',#1672,1.);
#1672 = DIRECTION('',(0.,-1.));
#1673 = ( GEOMETRIC_REPRESENTATION_CONTEXT(2) 
PARAMETRIC_REPRESENTATION_CONTEXT() REPRESENTATION_CONTEXT('2D SPACE',''
  ) );
#1674 = PCURVE('',#1574,#1675);
#1675 = DEFINITIONAL_REPRESENTATION('',(#1676),#1680);
#1676 = LINE('',#1677,#1678);
#1677 = CARTESIAN_POINT('',(109.25,149.875));
#1678 = VECTOR('',#1679,1.);
#1679 = DIRECTION('',(0.,-1.));
#1680 = ( GEOMETRIC_REPRESENTATION_CONTEXT(2) 
PARAMETRIC_REPRESENTATION_CONTEXT() REPRESENTATION_CONTEXT('2D SPACE',''
  ) );
#1681 = ORIENTED_EDGE('',*,*,#1682,.F.);
#1682 = EDGE_CURVE('',#1683,#1660,#1685,.T.);
#1683 = VERTEX_POINT('',#1684);
#1684 = CARTESIAN_POINT('',(-3.,54.625,26.34967462039));
#1685 = SURFACE_CURVE('',#1686,(#1690,#1696),.PCURVE_S1.);
#1686 = LINE('',#1687,#1688);
#1687 = CARTESIAN_POINT('',(-3.,54.625,2.5));
#1688 = VECTOR('',#1689,1.);
#1689 = DIRECTION('',(-0.,-0.,-1.));
#1690 = PCURVE('',#943,#1691);
#1691 = DEFINITIONAL_REPRESENTATION('',(#1692),#1695);
#1692 = B_SPLINE_CURVE_WITH_KNOTS('',1,(#1693,#1694),.UNSPECIFIED.,.F.,
  .F.,(2,2),(-23.84967522039,5.999999999062E-07),
  .PIECEWISE_BEZIER_KNOTS.);
#1693 = CARTESIAN_POINT('',(23.84967522039,3.));
#1694 = CARTESIAN_POINT('',(-5.999999999062E-07,3.));
#1695 = ( GEOMETRIC_REPRESENTATION_CONTEXT(2) 
PARAMETRIC_REPRESENTATION_CONTEXT() REPRESENTATION_CONTEXT('2D SPACE',''
  ) );
#1696 = PCURVE('',#1697,#1702);
#1697 = CYLINDRICAL_SURFACE('',#1698,5.);
#1698 = AXIS2_PLACEMENT_3D('',#1699,#1700,#1701);
#1699 = CARTESIAN_POINT('',(0.,50.625,2.5));
#1700 = DIRECTION('',(-0.,-0.,-1.));
#1701 = DIRECTION('',(1.,0.,0.));
#1702 = DEFINITIONAL_REPRESENTATION('',(#1703),#1706);
#1703 = B_SPLINE_CURVE_WITH_KNOTS('',1,(#1704,#1705),.UNSPECIFIED.,.F.,
  .F.,(2,2),(-23.84967462039,0.),.PIECEWISE_BEZIER_KNOTS.);
#1704 = CARTESIAN_POINT('',(-2.214297435588,-23.84967462039));
#1705 = CARTESIAN_POINT('',(-2.214297435588,0.));
#1706 = ( GEOMETRIC_REPRESENTATION_CONTEXT(2) 
PARAMETRIC_REPRESENTATION_CONTEXT() REPRESENTATION_CONTEXT('2D SPACE',''
  ) );
#1707 = ORIENTED_EDGE('',*,*,#1708,.F.);
#1708 = EDGE_CURVE('',#1709,#1683,#1711,.T.);
#1709 = VERTEX_POINT('',#1710);
#1710 = CARTESIAN_POINT('',(3.,54.625,26.34967462039));
#1711 = SURFACE_CURVE('',#1712,(#1716,#1722),.PCURVE_S1.);
#1712 = LINE('',#1713,#1714);
#1713 = CARTESIAN_POINT('',(-6.837200662697E-17,54.625,26.34967462039));
#1714 = VECTOR('',#1715,1.);
#1715 = DIRECTION('',(-1.,0.,0.));
#1716 = PCURVE('',#943,#1717);
#1717 = DEFINITIONAL_REPRESENTATION('',(#1718),#1721);
#1718 = B_SPLINE_CURVE_WITH_KNOTS('',1,(#1719,#1720),.UNSPECIFIED.,.F.,
  .F.,(2,2),(-5.,5.),.PIECEWISE_BEZIER_KNOTS.);
#1719 = CARTESIAN_POINT('',(23.84967462039,-5.));
#1720 = CARTESIAN_POINT('',(23.84967462039,5.));
#1721 = ( GEOMETRIC_REPRESENTATION_CONTEXT(2) 
PARAMETRIC_REPRESENTATION_CONTEXT() REPRESENTATION_CONTEXT('2D SPACE',''
  ) );
#1722 = PCURVE('',#1723,#1728);
#1723 = PLANE('',#1724);
#1724 = AXIS2_PLACEMENT_3D('',#1725,#1726,#1727);
#1725 = CARTESIAN_POINT('',(-1.367440132539E-16,50.625,26.34967462039));
#1726 = DIRECTION('',(0.,0.,1.));
#1727 = DIRECTION('',(1.,0.,-0.));
#1728 = DEFINITIONAL_REPRESENTATION('',(#1729),#1732);
#1729 = B_SPLINE_CURVE_WITH_KNOTS('',1,(#1730,#1731),.UNSPECIFIED.,.F.,
  .F.,(2,2),(-5.,5.),.PIECEWISE_BEZIER_KNOTS.);
#1730 = CARTESIAN_POINT('',(5.,4.));
#1731 = CARTESIAN_POINT('',(-5.,4.));
#1732 = ( GEOMETRIC_REPRESENTATION_CONTEXT(2) 
PARAMETRIC_REPRESENTATION_CONTEXT() REPRESENTATION_CONTEXT('2D SPACE',''
  ) );
#1733 = ORIENTED_EDGE('',*,*,#1734,.T.);
#1734 = EDGE_CURVE('',#1709,#1735,#1737,.T.);
#1735 = VERTEX_POINT('',#1736);
#1736 = CARTESIAN_POINT('',(3.,54.625,2.5));
#1737 = SURFACE_CURVE('',#1738,(#1742,#1748),.PCURVE_S1.);
#1738 = LINE('',#1739,#1740);
#1739 = CARTESIAN_POINT('',(3.,54.625,2.5));
#1740 = VECTOR('',#1741,1.);
#1741 = DIRECTION('',(-0.,-0.,-1.));
#1742 = PCURVE('',#943,#1743);
#1743 = DEFINITIONAL_REPRESENTATION('',(#1744),#1747);
#1744 = B_SPLINE_CURVE_WITH_KNOTS('',1,(#1745,#1746),.UNSPECIFIED.,.F.,
  .F.,(2,2),(-23.84967522039,5.999999999062E-07),
  .PIECEWISE_BEZIER_KNOTS.);
#1745 = CARTESIAN_POINT('',(23.84967522039,-3.));
#1746 = CARTESIAN_POINT('',(-5.999999999062E-07,-3.));
#1747 = ( GEOMETRIC_REPRESENTATION_CONTEXT(2) 
PARAMETRIC_REPRESENTATION_CONTEXT() REPRESENTATION_CONTEXT('2D SPACE',''
  ) );
#1748 = PCURVE('',#1697,#1749);
#1749 = DEFINITIONAL_REPRESENTATION('',(#1750),#1753);
#1750 = B_SPLINE_CURVE_WITH_KNOTS('',1,(#1751,#1752),.UNSPECIFIED.,.F.,
  .F.,(2,2),(-23.84967462039,0.),.PIECEWISE_BEZIER_KNOTS.);
#1751 = CARTESIAN_POINT('',(-7.210480525181,-23.84967462039));
#1752 = CARTESIAN_POINT('',(-7.210480525181,0.));
#1753 = ( GEOMETRIC_REPRESENTATION_CONTEXT(2) 
PARAMETRIC_REPRESENTATION_CONTEXT() REPRESENTATION_CONTEXT('2D SPACE',''
  ) );
#1754 = ORIENTED_EDGE('',*,*,#1755,.T.);
#1755 = EDGE_CURVE('',#1735,#1756,#1758,.T.);
#1756 = VERTEX_POINT('',#1757);
#1757 = CARTESIAN_POINT('',(73.4375,54.625,2.5));
#1758 = SURFACE_CURVE('',#1759,(#1763,#1770),.PCURVE_S1.);
#1759 = LINE('',#1760,#1761);
#1760 = CARTESIAN_POINT('',(-149.875,54.625,2.5));
#1761 = VECTOR('',#1762,1.);
#1762 = DIRECTION('',(1.,0.,0.));
#1763 = PCURVE('',#943,#1764);
#1764 = DEFINITIONAL_REPRESENTATION('',(#1765),#1769);
#1765 = LINE('',#1766,#1767);
#1766 = CARTESIAN_POINT('',(0.,149.875));
#1767 = VECTOR('',#1768,1.);
#1768 = DIRECTION('',(0.,-1.));
#1769 = ( GEOMETRIC_REPRESENTATION_CONTEXT(2) 
PARAMETRIC_REPRESENTATION_CONTEXT() REPRESENTATION_CONTEXT('2D SPACE',''
  ) );
#1770 = PCURVE('',#1574,#1771);
#1771 = DEFINITIONAL_REPRESENTATION('',(#1772),#1776);
#1772 = LINE('',#1773,#1774);
#1773 = CARTESIAN_POINT('',(109.25,149.875));
#1774 = VECTOR('',#1775,1.);
#1775 = DIRECTION('',(0.,-1.));
#1776 = ( GEOMETRIC_REPRESENTATION_CONTEXT(2) 
PARAMETRIC_REPRESENTATION_CONTEXT() REPRESENTATION_CONTEXT('2D SPACE',''
  ) );
#1777 = ORIENTED_EDGE('',*,*,#1778,.F.);
#1778 = EDGE_CURVE('',#1779,#1756,#1781,.T.);
#1779 = VERTEX_POINT('',#1780);
#1780 = CARTESIAN_POINT('',(73.4375,54.625,26.34967462039));
#1781 = SURFACE_CURVE('',#1782,(#1786,#1792),.PCURVE_S1.);
#1782 = LINE('',#1783,#1784);
#1783 = CARTESIAN_POINT('',(73.4375,54.625,2.5));
#1784 = VECTOR('',#1785,1.);
#1785 = DIRECTION('',(-0.,-0.,-1.));
#1786 = PCURVE('',#943,#1787);
#1787 = DEFINITIONAL_REPRESENTATION('',(#1788),#1791);
#1788 = B_SPLINE_CURVE_WITH_KNOTS('',1,(#1789,#1790),.UNSPECIFIED.,.F.,
  .F.,(2,2),(-23.84967522039,5.999999999062E-07),
  .PIECEWISE_BEZIER_KNOTS.);
#1789 = CARTESIAN_POINT('',(23.84967522039,-73.4375));
#1790 = CARTESIAN_POINT('',(-5.999999999062E-07,-73.4375));
#1791 = ( GEOMETRIC_REPRESENTATION_CONTEXT(2) 
PARAMETRIC_REPRESENTATION_CONTEXT() REPRESENTATION_CONTEXT('2D SPACE',''
  ) );
#1792 = PCURVE('',#1793,#1798);
#1793 = CYLINDRICAL_SURFACE('',#1794,5.);
#1794 = AXIS2_PLACEMENT_3D('',#1795,#1796,#1797);
#1795 = CARTESIAN_POINT('',(76.4375,50.625,2.5));
#1796 = DIRECTION('',(-0.,-0.,-1.));
#1797 = DIRECTION('',(1.,0.,0.));
#1798 = DEFINITIONAL_REPRESENTATION('',(#1799),#1802);
#1799 = B_SPLINE_CURVE_WITH_KNOTS('',1,(#1800,#1801),.UNSPECIFIED.,.F.,
  .F.,(2,2),(-23.84967462039,0.),.PIECEWISE_BEZIER_KNOTS.);
#1800 = CARTESIAN_POINT('',(-2.214297435588,-23.84967462039));
#1801 = CARTESIAN_POINT('',(-2.214297435588,0.));
#1802 = ( GEOMETRIC_REPRESENTATION_CONTEXT(2) 
PARAMETRIC_REPRESENTATION_CONTEXT() REPRESENTATION_CONTEXT('2D SPACE',''
  ) );
#1803 = ORIENTED_EDGE('',*,*,#1804,.F.);
#1804 = EDGE_CURVE('',#1805,#1779,#1807,.T.);
#1805 = VERTEX_POINT('',#1806);
#1806 = CARTESIAN_POINT('',(79.4375,54.625,26.34967462039));
#1807 = SURFACE_CURVE('',#1808,(#1812,#1818),.PCURVE_S1.);
#1808 = LINE('',#1809,#1810);
#1809 = CARTESIAN_POINT('',(38.21875,54.625,26.34967462039));
#1810 = VECTOR('',#1811,1.);
#1811 = DIRECTION('',(-1.,0.,0.));
#1812 = PCURVE('',#943,#1813);
#1813 = DEFINITIONAL_REPRESENTATION('',(#1814),#1817);
#1814 = B_SPLINE_CURVE_WITH_KNOTS('',1,(#1815,#1816),.UNSPECIFIED.,.F.,
  .F.,(2,2),(-43.21875,-33.21875),.PIECEWISE_BEZIER_KNOTS.);
#1815 = CARTESIAN_POINT('',(23.84967462039,-81.4375));
#1816 = CARTESIAN_POINT('',(23.84967462039,-71.4375));
#1817 = ( GEOMETRIC_REPRESENTATION_CONTEXT(2) 
PARAMETRIC_REPRESENTATION_CONTEXT() REPRESENTATION_CONTEXT('2D SPACE',''
  ) );
#1818 = PCURVE('',#1819,#1824);
#1819 = PLANE('',#1820);
#1820 = AXIS2_PLACEMENT_3D('',#1821,#1822,#1823);
#1821 = CARTESIAN_POINT('',(76.4375,50.625,26.34967462039));
#1822 = DIRECTION('',(0.,0.,1.));
#1823 = DIRECTION('',(1.,0.,-0.));
#1824 = DEFINITIONAL_REPRESENTATION('',(#1825),#1828);
#1825 = B_SPLINE_CURVE_WITH_KNOTS('',1,(#1826,#1827),.UNSPECIFIED.,.F.,
  .F.,(2,2),(-43.21875,-33.21875),.PIECEWISE_BEZIER_KNOTS.);
#1826 = CARTESIAN_POINT('',(5.,4.));
#1827 = CARTESIAN_POINT('',(-5.,4.));
#1828 = ( GEOMETRIC_REPRESENTATION_CONTEXT(2) 
PARAMETRIC_REPRESENTATION_CONTEXT() REPRESENTATION_CONTEXT('2D SPACE',''
  ) );
#1829 = ORIENTED_EDGE('',*,*,#1830,.T.);
#1830 = EDGE_CURVE('',#1805,#1831,#1833,.T.);
#1831 = VERTEX_POINT('',#1832);
#1832 = CARTESIAN_POINT('',(79.4375,54.625,2.5));
#1833 = SURFACE_CURVE('',#1834,(#1838,#1844),.PCURVE_S1.);
#1834 = LINE('',#1835,#1836);
#1835 = CARTESIAN_POINT('',(79.4375,54.625,2.5));
#1836 = VECTOR('',#1837,1.);
#1837 = DIRECTION('',(-0.,-0.,-1.));
#1838 = PCURVE('',#943,#1839);
#1839 = DEFINITIONAL_REPRESENTATION('',(#1840),#1843);
#1840 = B_SPLINE_CURVE_WITH_KNOTS('',1,(#1841,#1842),.UNSPECIFIED.,.F.,
  .F.,(2,2),(-23.84967522039,5.999999999062E-07),
  .PIECEWISE_BEZIER_KNOTS.);
#1841 = CARTESIAN_POINT('',(23.84967522039,-79.4375));
#1842 = CARTESIAN_POINT('',(-5.999999999062E-07,-79.4375));
#1843 = ( GEOMETRIC_REPRESENTATION_CONTEXT(2) 
PARAMETRIC_REPRESENTATION_CONTEXT() REPRESENTATION_CONTEXT('2D SPACE',''
  ) );
#1844 = PCURVE('',#1793,#1845);
#1845 = DEFINITIONAL_REPRESENTATION('',(#1846),#1849);
#1846 = B_SPLINE_CURVE_WITH_KNOTS('',1,(#1847,#1848),.UNSPECIFIED.,.F.,
  .F.,(2,2),(-23.84967462039,0.),.PIECEWISE_BEZIER_KNOTS.);
#1847 = CARTESIAN_POINT('',(-7.210480525181,-23.84967462039));
#1848 = CARTESIAN_POINT('',(-7.210480525181,0.));
#1849 = ( GEOMETRIC_REPRESENTATION_CONTEXT(2) 
PARAMETRIC_REPRESENTATION_CONTEXT() REPRESENTATION_CONTEXT('2D SPACE',''
  ) );
#1850 = ORIENTED_EDGE('',*,*,#1851,.T.);
#1851 = EDGE_CURVE('',#1831,#1852,#1854,.T.);
#1852 = VERTEX_POINT('',#1853);
#1853 = CARTESIAN_POINT('',(142.875,54.625,2.5));
#1854 = SURFACE_CURVE('',#1855,(#1859,#1866),.PCURVE_S1.);
#1855 = LINE('',#1856,#1857);
#1856 = CARTESIAN_POINT('',(-149.875,54.625,2.5));
#1857 = VECTOR('',#1858,1.);
#1858 = DIRECTION('',(1.,0.,0.));
#1859 = PCURVE('',#943,#1860);
#1860 = DEFINITIONAL_REPRESENTATION('',(#1861),#1865);
#1861 = LINE('',#1862,#1863);
#1862 = CARTESIAN_POINT('',(0.,149.875));
#1863 = VECTOR('',#1864,1.);
#1864 = DIRECTION('',(0.,-1.));
#1865 = ( GEOMETRIC_REPRESENTATION_CONTEXT(2) 
PARAMETRIC_REPRESENTATION_CONTEXT() REPRESENTATION_CONTEXT('2D SPACE',''
  ) );
#1866 = PCURVE('',#1574,#1867);
#1867 = DEFINITIONAL_REPRESENTATION('',(#1868),#1872);
#1868 = LINE('',#1869,#1870);
#1869 = CARTESIAN_POINT('',(109.25,149.875));
#1870 = VECTOR('',#1871,1.);
#1871 = DIRECTION('',(0.,-1.));
#1872 = ( GEOMETRIC_REPRESENTATION_CONTEXT(2) 
PARAMETRIC_REPRESENTATION_CONTEXT() REPRESENTATION_CONTEXT('2D SPACE',''
  ) );
#1873 = ORIENTED_EDGE('',*,*,#1874,.F.);
#1874 = EDGE_CURVE('',#1875,#1852,#1877,.T.);
#1875 = VERTEX_POINT('',#1876);
#1876 = CARTESIAN_POINT('',(142.875,54.625,26.34967462039));
#1877 = SURFACE_CURVE('',#1878,(#1882,#1888),.PCURVE_S1.);
#1878 = LINE('',#1879,#1880);
#1879 = CARTESIAN_POINT('',(142.875,54.625,2.5));
#1880 = VECTOR('',#1881,1.);
#1881 = DIRECTION('',(-0.,-0.,-1.));
#1882 = PCURVE('',#943,#1883);
#1883 = DEFINITIONAL_REPRESENTATION('',(#1884),#1887);
#1884 = B_SPLINE_CURVE_WITH_KNOTS('',1,(#1885,#1886),.UNSPECIFIED.,.F.,
  .F.,(2,2),(-23.84967522039,5.999999999062E-07),
  .PIECEWISE_BEZIER_KNOTS.);
#1885 = CARTESIAN_POINT('',(23.84967522039,-142.875));
#1886 = CARTESIAN_POINT('',(-5.999999999062E-07,-142.875));
#1887 = ( GEOMETRIC_REPRESENTATION_CONTEXT(2) 
PARAMETRIC_REPRESENTATION_CONTEXT() REPRESENTATION_CONTEXT('2D SPACE',''
  ) );
#1888 = PCURVE('',#1889,#1894);
#1889 = CYLINDRICAL_SURFACE('',#1890,5.);
#1890 = AXIS2_PLACEMENT_3D('',#1891,#1892,#1893);
#1891 = CARTESIAN_POINT('',(145.875,50.625,2.5));
#1892 = DIRECTION('',(-0.,-0.,-1.));
#1893 = DIRECTION('',(1.,0.,0.));
#1894 = DEFINITIONAL_REPRESENTATION('',(#1895),#1898);
#1895 = B_SPLINE_CURVE_WITH_KNOTS('',1,(#1896,#1897),.UNSPECIFIED.,.F.,
  .F.,(2,2),(-23.84967522039,5.999999999062E-07),
  .PIECEWISE_BEZIER_KNOTS.);
#1896 = CARTESIAN_POINT('',(-2.214297435588,-23.84967522039));
#1897 = CARTESIAN_POINT('',(-2.214297435588,5.999999999062E-07));
#1898 = ( GEOMETRIC_REPRESENTATION_CONTEXT(2) 
PARAMETRIC_REPRESENTATION_CONTEXT() REPRESENTATION_CONTEXT('2D SPACE',''
  ) );
#1899 = ORIENTED_EDGE('',*,*,#1900,.F.);
#1900 = EDGE_CURVE('',#1901,#1875,#1903,.T.);
#1901 = VERTEX_POINT('',#1902);
#1902 = CARTESIAN_POINT('',(148.875,54.625,26.34967462039));
#1903 = SURFACE_CURVE('',#1904,(#1908,#1914),.PCURVE_S1.);
#1904 = LINE('',#1905,#1906);
#1905 = CARTESIAN_POINT('',(72.9375,54.625,26.34967462039));
#1906 = VECTOR('',#1907,1.);
#1907 = DIRECTION('',(-1.,0.,0.));
#1908 = PCURVE('',#943,#1909);
#1909 = DEFINITIONAL_REPRESENTATION('',(#1910),#1913);
#1910 = B_SPLINE_CURVE_WITH_KNOTS('',1,(#1911,#1912),.UNSPECIFIED.,.F.,
  .F.,(2,2),(-76.9375,-67.9375),.PIECEWISE_BEZIER_KNOTS.);
#1911 = CARTESIAN_POINT('',(23.84967462039,-149.875));
#1912 = CARTESIAN_POINT('',(23.84967462039,-140.875));
#1913 = ( GEOMETRIC_REPRESENTATION_CONTEXT(2) 
PARAMETRIC_REPRESENTATION_CONTEXT() REPRESENTATION_CONTEXT('2D SPACE',''
  ) );
#1914 = PCURVE('',#1915,#1920);
#1915 = PLANE('',#1916);
#1916 = AXIS2_PLACEMENT_3D('',#1917,#1918,#1919);
#1917 = CARTESIAN_POINT('',(145.875,50.625,26.34967462039));
#1918 = DIRECTION('',(0.,0.,1.));
#1919 = DIRECTION('',(1.,0.,-0.));
#1920 = DEFINITIONAL_REPRESENTATION('',(#1921),#1924);
#1921 = B_SPLINE_CURVE_WITH_KNOTS('',1,(#1922,#1923),.UNSPECIFIED.,.F.,
  .F.,(2,2),(-76.9375,-67.9375),.PIECEWISE_BEZIER_KNOTS.);
#1922 = CARTESIAN_POINT('',(4.,4.));
#1923 = CARTESIAN_POINT('',(-5.,4.));
#1924 = ( GEOMETRIC_REPRESENTATION_CONTEXT(2) 
PARAMETRIC_REPRESENTATION_CONTEXT() REPRESENTATION_CONTEXT('2D SPACE',''
  ) );
#1925 = ORIENTED_EDGE('',*,*,#1926,.T.);
#1926 = EDGE_CURVE('',#1901,#1927,#1929,.T.);
#1927 = VERTEX_POINT('',#1928);
#1928 = CARTESIAN_POINT('',(148.875,54.625,2.5));
#1929 = SURFACE_CURVE('',#1930,(#1934,#1940),.PCURVE_S1.);
#1930 = LINE('',#1931,#1932);
#1931 = CARTESIAN_POINT('',(148.875,54.625,2.5));
#1932 = VECTOR('',#1933,1.);
#1933 = DIRECTION('',(-0.,-0.,-1.));
#1934 = PCURVE('',#943,#1935);
#1935 = DEFINITIONAL_REPRESENTATION('',(#1936),#1939);
#1936 = B_SPLINE_CURVE_WITH_KNOTS('',1,(#1937,#1938),.UNSPECIFIED.,.F.,
  .F.,(2,2),(-23.84967522039,5.999999999062E-07),
  .PIECEWISE_BEZIER_KNOTS.);
#1937 = CARTESIAN_POINT('',(23.84967522039,-148.875));
#1938 = CARTESIAN_POINT('',(-5.999999999062E-07,-148.875));
#1939 = ( GEOMETRIC_REPRESENTATION_CONTEXT(2) 
PARAMETRIC_REPRESENTATION_CONTEXT() REPRESENTATION_CONTEXT('2D SPACE',''
  ) );
#1940 = PCURVE('',#1941,#1946);
#1941 = CYLINDRICAL_SURFACE('',#1942,5.);
#1942 = AXIS2_PLACEMENT_3D('',#1943,#1944,#1945);
#1943 = CARTESIAN_POINT('',(145.875,50.625,2.5));
#1944 = DIRECTION('',(-0.,-0.,-1.));
#1945 = DIRECTION('',(1.,0.,0.));
#1946 = DEFINITIONAL_REPRESENTATION('',(#1947),#1950);
#1947 = B_SPLINE_CURVE_WITH_KNOTS('',1,(#1948,#1949),.UNSPECIFIED.,.F.,
  .F.,(2,2),(-23.84967522039,5.999999999062E-07),
  .PIECEWISE_BEZIER_KNOTS.);
#1948 = CARTESIAN_POINT('',(-0.927295218002,-23.84967522039));
#1949 = CARTESIAN_POINT('',(-0.927295218002,5.999999999062E-07));
#1950 = ( GEOMETRIC_REPRESENTATION_CONTEXT(2) 
PARAMETRIC_REPRESENTATION_CONTEXT() REPRESENTATION_CONTEXT('2D SPACE',''
  ) );
#1951 = ORIENTED_EDGE('',*,*,#1952,.T.);
#1952 = EDGE_CURVE('',#1927,#1953,#1955,.T.);
#1953 = VERTEX_POINT('',#1954);
#1954 = CARTESIAN_POINT('',(149.875,54.625,2.5));
#1955 = SURFACE_CURVE('',#1956,(#1960,#1967),.PCURVE_S1.);
#1956 = LINE('',#1957,#1958);
#1957 = CARTESIAN_POINT('',(-149.875,54.625,2.5));
#1958 = VECTOR('',#1959,1.);
#1959 = DIRECTION('',(1.,0.,0.));
#1960 = PCURVE('',#943,#1961);
#1961 = DEFINITIONAL_REPRESENTATION('',(#1962),#1966);
#1962 = LINE('',#1963,#1964);
#1963 = CARTESIAN_POINT('',(0.,149.875));
#1964 = VECTOR('',#1965,1.);
#1965 = DIRECTION('',(0.,-1.));
#1966 = ( GEOMETRIC_REPRESENTATION_CONTEXT(2) 
PARAMETRIC_REPRESENTATION_CONTEXT() REPRESENTATION_CONTEXT('2D SPACE',''
  ) );
#1967 = PCURVE('',#1968,#1973);
#1968 = PLANE('',#1969);
#1969 = AXIS2_PLACEMENT_3D('',#1970,#1971,#1972);
#1970 = CARTESIAN_POINT('',(0.,-54.625,2.5));
#1971 = DIRECTION('',(0.,0.,1.));
#1972 = DIRECTION('',(0.,1.,0.));
#1973 = DEFINITIONAL_REPRESENTATION('',(#1974),#1978);
#1974 = LINE('',#1975,#1976);
#1975 = CARTESIAN_POINT('',(109.25,149.875));
#1976 = VECTOR('',#1977,1.);
#1977 = DIRECTION('',(0.,-1.));
#1978 = ( GEOMETRIC_REPRESENTATION_CONTEXT(2) 
PARAMETRIC_REPRESENTATION_CONTEXT() REPRESENTATION_CONTEXT('2D SPACE',''
  ) );
#1979 = ORIENTED_EDGE('',*,*,#1980,.T.);
#1980 = EDGE_CURVE('',#1953,#927,#1981,.T.);
#1981 = SURFACE_CURVE('',#1982,(#1986,#1993),.PCURVE_S1.);
#1982 = LINE('',#1983,#1984);
#1983 = CARTESIAN_POINT('',(149.875,54.625,2.5));
#1984 = VECTOR('',#1985,1.);
#1985 = DIRECTION('',(0.,0.,1.));
#1986 = PCURVE('',#943,#1987);
#1987 = DEFINITIONAL_REPRESENTATION('',(#1988),#1992);
#1988 = LINE('',#1989,#1990);
#1989 = CARTESIAN_POINT('',(0.,-149.875));
#1990 = VECTOR('',#1991,1.);
#1991 = DIRECTION('',(1.,0.));
#1992 = ( GEOMETRIC_REPRESENTATION_CONTEXT(2) 
PARAMETRIC_REPRESENTATION_CONTEXT() REPRESENTATION_CONTEXT('2D SPACE',''
  ) );
#1993 = PCURVE('',#1019,#1994);
#1994 = DEFINITIONAL_REPRESENTATION('',(#1995),#1999);
#1995 = LINE('',#1996,#1997);
#1996 = CARTESIAN_POINT('',(-11.70077624266,-51.89251576821));
#1997 = VECTOR('',#1998,1.);
#1998 = DIRECTION('',(1.,0.));
#1999 = ( GEOMETRIC_REPRESENTATION_CONTEXT(2) 
PARAMETRIC_REPRESENTATION_CONTEXT() REPRESENTATION_CONTEXT('2D SPACE',''
  ) );
#2000 = ORIENTED_EDGE('',*,*,#926,.T.);
#2001 = FACE_BOUND('',#2002,.T.);
#2002 = EDGE_LOOP('',(#2003,#2004,#2005,#2006,#2007,#2008,#2009,#2010));
#2003 = ORIENTED_EDGE('',*,*,#1080,.F.);
#2004 = ORIENTED_EDGE('',*,*,#1405,.T.);
#2005 = ORIENTED_EDGE('',*,*,#1373,.T.);
#2006 = ORIENTED_EDGE('',*,*,#1304,.T.);
#2007 = ORIENTED_EDGE('',*,*,#1250,.T.);
#2008 = ORIENTED_EDGE('',*,*,#1203,.T.);
#2009 = ORIENTED_EDGE('',*,*,#1177,.F.);
#2010 = ORIENTED_EDGE('',*,*,#1106,.T.);
#2011 = ADVANCED_FACE('',(#2012),#1019,.F.);
#2012 = FACE_BOUND('',#2013,.F.);
#2013 = EDGE_LOOP('',(#2014,#2037,#2038,#2039,#2062,#2090,#2116,#2142,
    #2168,#2191,#2217,#2243,#2264,#2287,#2308,#2329));
#2014 = ORIENTED_EDGE('',*,*,#2015,.T.);
#2015 = EDGE_CURVE('',#2016,#1953,#2018,.T.);
#2016 = VERTEX_POINT('',#2017);
#2017 = CARTESIAN_POINT('',(149.875,53.625,2.5));
#2018 = SURFACE_CURVE('',#2019,(#2023,#2030),.PCURVE_S1.);
#2019 = LINE('',#2020,#2021);
#2020 = CARTESIAN_POINT('',(149.875,-54.625,2.5));
#2021 = VECTOR('',#2022,1.);
#2022 = DIRECTION('',(0.,1.,0.));
#2023 = PCURVE('',#1019,#2024);
#2024 = DEFINITIONAL_REPRESENTATION('',(#2025),#2029);
#2025 = LINE('',#2026,#2027);
#2026 = CARTESIAN_POINT('',(-11.70077624266,57.357484231786));
#2027 = VECTOR('',#2028,1.);
#2028 = DIRECTION('',(0.,-1.));
#2029 = ( GEOMETRIC_REPRESENTATION_CONTEXT(2) 
PARAMETRIC_REPRESENTATION_CONTEXT() REPRESENTATION_CONTEXT('2D SPACE',''
  ) );
#2030 = PCURVE('',#1968,#2031);
#2031 = DEFINITIONAL_REPRESENTATION('',(#2032),#2036);
#2032 = LINE('',#2033,#2034);
#2033 = CARTESIAN_POINT('',(0.,-149.875));
#2034 = VECTOR('',#2035,1.);
#2035 = DIRECTION('',(1.,0.));
#2036 = ( GEOMETRIC_REPRESENTATION_CONTEXT(2) 
PARAMETRIC_REPRESENTATION_CONTEXT() REPRESENTATION_CONTEXT('2D SPACE',''
  ) );
#2037 = ORIENTED_EDGE('',*,*,#1980,.T.);
#2038 = ORIENTED_EDGE('',*,*,#1006,.T.);
#2039 = ORIENTED_EDGE('',*,*,#2040,.T.);
#2040 = EDGE_CURVE('',#981,#2041,#2043,.T.);
#2041 = VERTEX_POINT('',#2042);
#2042 = CARTESIAN_POINT('',(149.875,-54.625,2.5));
#2043 = SURFACE_CURVE('',#2044,(#2048,#2055),.PCURVE_S1.);
#2044 = LINE('',#2045,#2046);
#2045 = CARTESIAN_POINT('',(149.875,-54.625,18.86442516269));
#2046 = VECTOR('',#2047,1.);
#2047 = DIRECTION('',(0.,0.,-1.));
#2048 = PCURVE('',#1019,#2049);
#2049 = DEFINITIONAL_REPRESENTATION('',(#2050),#2054);
#2050 = LINE('',#2051,#2052);
#2051 = CARTESIAN_POINT('',(4.663648920021,57.357484231786));
#2052 = VECTOR('',#2053,1.);
#2053 = DIRECTION('',(-1.,0.));
#2054 = ( GEOMETRIC_REPRESENTATION_CONTEXT(2) 
PARAMETRIC_REPRESENTATION_CONTEXT() REPRESENTATION_CONTEXT('2D SPACE',''
  ) );
#2055 = PCURVE('',#995,#2056);
#2056 = DEFINITIONAL_REPRESENTATION('',(#2057),#2061);
#2057 = LINE('',#2058,#2059);
#2058 = CARTESIAN_POINT('',(0.,-149.875));
#2059 = VECTOR('',#2060,1.);
#2060 = DIRECTION('',(1.,0.));
#2061 = ( GEOMETRIC_REPRESENTATION_CONTEXT(2) 
PARAMETRIC_REPRESENTATION_CONTEXT() REPRESENTATION_CONTEXT('2D SPACE',''
  ) );
#2062 = ORIENTED_EDGE('',*,*,#2063,.T.);
#2063 = EDGE_CURVE('',#2041,#2064,#2066,.T.);
#2064 = VERTEX_POINT('',#2065);
#2065 = CARTESIAN_POINT('',(149.875,-53.625,2.5));
#2066 = SURFACE_CURVE('',#2067,(#2071,#2078),.PCURVE_S1.);
#2067 = LINE('',#2068,#2069);
#2068 = CARTESIAN_POINT('',(149.875,-54.625,2.5));
#2069 = VECTOR('',#2070,1.);
#2070 = DIRECTION('',(0.,1.,0.));
#2071 = PCURVE('',#1019,#2072);
#2072 = DEFINITIONAL_REPRESENTATION('',(#2073),#2077);
#2073 = LINE('',#2074,#2075);
#2074 = CARTESIAN_POINT('',(-11.70077624266,57.357484231786));
#2075 = VECTOR('',#2076,1.);
#2076 = DIRECTION('',(0.,-1.));
#2077 = ( GEOMETRIC_REPRESENTATION_CONTEXT(2) 
PARAMETRIC_REPRESENTATION_CONTEXT() REPRESENTATION_CONTEXT('2D SPACE',''
  ) );
#2078 = PCURVE('',#2079,#2084);
#2079 = PLANE('',#2080);
#2080 = AXIS2_PLACEMENT_3D('',#2081,#2082,#2083);
#2081 = CARTESIAN_POINT('',(0.,-54.625,2.5));
#2082 = DIRECTION('',(0.,0.,1.));
#2083 = DIRECTION('',(0.,1.,0.));
#2084 = DEFINITIONAL_REPRESENTATION('',(#2085),#2089);
#2085 = LINE('',#2086,#2087);
#2086 = CARTESIAN_POINT('',(0.,-149.875));
#2087 = VECTOR('',#2088,1.);
#2088 = DIRECTION('',(1.,0.));
#2089 = ( GEOMETRIC_REPRESENTATION_CONTEXT(2) 
PARAMETRIC_REPRESENTATION_CONTEXT() REPRESENTATION_CONTEXT('2D SPACE',''
  ) );
#2090 = ORIENTED_EDGE('',*,*,#2091,.F.);
#2091 = EDGE_CURVE('',#2092,#2064,#2094,.T.);
#2092 = VERTEX_POINT('',#2093);
#2093 = CARTESIAN_POINT('',(149.875,-53.625,14.05032537961));
#2094 = SURFACE_CURVE('',#2095,(#2099,#2105),.PCURVE_S1.);
#2095 = LINE('',#2096,#2097);
#2096 = CARTESIAN_POINT('',(149.875,-53.625,2.5));
#2097 = VECTOR('',#2098,1.);
#2098 = DIRECTION('',(-0.,-0.,-1.));
#2099 = PCURVE('',#1019,#2100);
#2100 = DEFINITIONAL_REPRESENTATION('',(#2101),#2104);
#2101 = B_SPLINE_CURVE_WITH_KNOTS('',1,(#2102,#2103),.UNSPECIFIED.,.F.,
  .F.,(2,2),(-11.55032597961,5.999999999062E-07),
  .PIECEWISE_BEZIER_KNOTS.);
#2102 = CARTESIAN_POINT('',(-0.150450263059,56.357484231786));
#2103 = CARTESIAN_POINT('',(-11.70077684266,56.357484231786));
#2104 = ( GEOMETRIC_REPRESENTATION_CONTEXT(2) 
PARAMETRIC_REPRESENTATION_CONTEXT() REPRESENTATION_CONTEXT('2D SPACE',''
  ) );
#2105 = PCURVE('',#2106,#2111);
#2106 = CYLINDRICAL_SURFACE('',#2107,5.);
#2107 = AXIS2_PLACEMENT_3D('',#2108,#2109,#2110);
#2108 = CARTESIAN_POINT('',(145.875,-50.625,2.5));
#2109 = DIRECTION('',(-0.,-0.,-1.));
#2110 = DIRECTION('',(1.,0.,0.));
#2111 = DEFINITIONAL_REPRESENTATION('',(#2112),#2115);
#2112 = B_SPLINE_CURVE_WITH_KNOTS('',1,(#2113,#2114),.UNSPECIFIED.,.F.,
  .F.,(2,2),(-11.55032597961,5.999999999062E-07),
  .PIECEWISE_BEZIER_KNOTS.);
#2113 = CARTESIAN_POINT('',(-5.639684198386,-11.55032597961));
#2114 = CARTESIAN_POINT('',(-5.639684198386,5.999999999062E-07));
#2115 = ( GEOMETRIC_REPRESENTATION_CONTEXT(2) 
PARAMETRIC_REPRESENTATION_CONTEXT() REPRESENTATION_CONTEXT('2D SPACE',''
  ) );
#2116 = ORIENTED_EDGE('',*,*,#2117,.F.);
#2117 = EDGE_CURVE('',#2118,#2092,#2120,.T.);
#2118 = VERTEX_POINT('',#2119);
#2119 = CARTESIAN_POINT('',(149.875,-47.625,14.05032537961));
#2120 = SURFACE_CURVE('',#2121,(#2125,#2131),.PCURVE_S1.);
#2121 = LINE('',#2122,#2123);
#2122 = CARTESIAN_POINT('',(149.875,-23.9462578841,14.05032537961));
#2123 = VECTOR('',#2124,1.);
#2124 = DIRECTION('',(0.,-1.,0.));
#2125 = PCURVE('',#1019,#2126);
#2126 = DEFINITIONAL_REPRESENTATION('',(#2127),#2130);
#2127 = B_SPLINE_CURVE_WITH_KNOTS('',1,(#2128,#2129),.UNSPECIFIED.,.F.,
  .F.,(2,2),(21.678742115893,30.678742115893),.PIECEWISE_BEZIER_KNOTS.);
#2128 = CARTESIAN_POINT('',(-0.150450863059,48.357484231786));
#2129 = CARTESIAN_POINT('',(-0.150450863059,57.357484231786));
#2130 = ( GEOMETRIC_REPRESENTATION_CONTEXT(2) 
PARAMETRIC_REPRESENTATION_CONTEXT() REPRESENTATION_CONTEXT('2D SPACE',''
  ) );
#2131 = PCURVE('',#2132,#2137);
#2132 = PLANE('',#2133);
#2133 = AXIS2_PLACEMENT_3D('',#2134,#2135,#2136);
#2134 = CARTESIAN_POINT('',(145.875,-50.625,14.05032537961));
#2135 = DIRECTION('',(0.,0.,1.));
#2136 = DIRECTION('',(1.,0.,-0.));
#2137 = DEFINITIONAL_REPRESENTATION('',(#2138),#2141);
#2138 = B_SPLINE_CURVE_WITH_KNOTS('',1,(#2139,#2140),.UNSPECIFIED.,.F.,
  .F.,(2,2),(21.678742115893,30.678742115893),.PIECEWISE_BEZIER_KNOTS.);
#2139 = CARTESIAN_POINT('',(4.,5.));
#2140 = CARTESIAN_POINT('',(4.,-4.));
#2141 = ( GEOMETRIC_REPRESENTATION_CONTEXT(2) 
PARAMETRIC_REPRESENTATION_CONTEXT() REPRESENTATION_CONTEXT('2D SPACE',''
  ) );
#2142 = ORIENTED_EDGE('',*,*,#2143,.T.);
#2143 = EDGE_CURVE('',#2118,#2144,#2146,.T.);
#2144 = VERTEX_POINT('',#2145);
#2145 = CARTESIAN_POINT('',(149.875,-47.625,2.5));
#2146 = SURFACE_CURVE('',#2147,(#2151,#2157),.PCURVE_S1.);
#2147 = LINE('',#2148,#2149);
#2148 = CARTESIAN_POINT('',(149.875,-47.625,2.5));
#2149 = VECTOR('',#2150,1.);
#2150 = DIRECTION('',(-0.,-0.,-1.));
#2151 = PCURVE('',#1019,#2152);
#2152 = DEFINITIONAL_REPRESENTATION('',(#2153),#2156);
#2153 = B_SPLINE_CURVE_WITH_KNOTS('',1,(#2154,#2155),.UNSPECIFIED.,.F.,
  .F.,(2,2),(-11.55032597961,5.999999999062E-07),
  .PIECEWISE_BEZIER_KNOTS.);
#2154 = CARTESIAN_POINT('',(-0.150450263059,50.357484231786));
#2155 = CARTESIAN_POINT('',(-11.70077684266,50.357484231786));
#2156 = ( GEOMETRIC_REPRESENTATION_CONTEXT(2) 
PARAMETRIC_REPRESENTATION_CONTEXT() REPRESENTATION_CONTEXT('2D SPACE',''
  ) );
#2157 = PCURVE('',#2158,#2163);
#2158 = CYLINDRICAL_SURFACE('',#2159,5.);
#2159 = AXIS2_PLACEMENT_3D('',#2160,#2161,#2162);
#2160 = CARTESIAN_POINT('',(145.875,-50.625,2.5));
#2161 = DIRECTION('',(-0.,-0.,-1.));
#2162 = DIRECTION('',(1.,0.,0.));
#2163 = DEFINITIONAL_REPRESENTATION('',(#2164),#2167);
#2164 = B_SPLINE_CURVE_WITH_KNOTS('',1,(#2165,#2166),.UNSPECIFIED.,.F.,
  .F.,(2,2),(-11.55032597961,5.999999999062E-07),
  .PIECEWISE_BEZIER_KNOTS.);
#2165 = CARTESIAN_POINT('',(-0.643501108793,-11.55032597961));
#2166 = CARTESIAN_POINT('',(-0.643501108793,5.999999999062E-07));
#2167 = ( GEOMETRIC_REPRESENTATION_CONTEXT(2) 
PARAMETRIC_REPRESENTATION_CONTEXT() REPRESENTATION_CONTEXT('2D SPACE',''
  ) );
#2168 = ORIENTED_EDGE('',*,*,#2169,.T.);
#2169 = EDGE_CURVE('',#2144,#2170,#2172,.T.);
#2170 = VERTEX_POINT('',#2171);
#2171 = CARTESIAN_POINT('',(149.875,-3.,2.5));
#2172 = SURFACE_CURVE('',#2173,(#2177,#2184),.PCURVE_S1.);
#2173 = LINE('',#2174,#2175);
#2174 = CARTESIAN_POINT('',(149.875,-54.625,2.5));
#2175 = VECTOR('',#2176,1.);
#2176 = DIRECTION('',(0.,1.,0.));
#2177 = PCURVE('',#1019,#2178);
#2178 = DEFINITIONAL_REPRESENTATION('',(#2179),#2183);
#2179 = LINE('',#2180,#2181);
#2180 = CARTESIAN_POINT('',(-11.70077624266,57.357484231786));
#2181 = VECTOR('',#2182,1.);
#2182 = DIRECTION('',(0.,-1.));
#2183 = ( GEOMETRIC_REPRESENTATION_CONTEXT(2) 
PARAMETRIC_REPRESENTATION_CONTEXT() REPRESENTATION_CONTEXT('2D SPACE',''
  ) );
#2184 = PCURVE('',#1574,#2185);
#2185 = DEFINITIONAL_REPRESENTATION('',(#2186),#2190);
#2186 = LINE('',#2187,#2188);
#2187 = CARTESIAN_POINT('',(0.,-149.875));
#2188 = VECTOR('',#2189,1.);
#2189 = DIRECTION('',(1.,0.));
#2190 = ( GEOMETRIC_REPRESENTATION_CONTEXT(2) 
PARAMETRIC_REPRESENTATION_CONTEXT() REPRESENTATION_CONTEXT('2D SPACE',''
  ) );
#2191 = ORIENTED_EDGE('',*,*,#2192,.F.);
#2192 = EDGE_CURVE('',#2193,#2170,#2195,.T.);
#2193 = VERTEX_POINT('',#2194);
#2194 = CARTESIAN_POINT('',(149.875,-3.,20.2));
#2195 = SURFACE_CURVE('',#2196,(#2200,#2206),.PCURVE_S1.);
#2196 = LINE('',#2197,#2198);
#2197 = CARTESIAN_POINT('',(149.875,-3.,2.5));
#2198 = VECTOR('',#2199,1.);
#2199 = DIRECTION('',(-0.,-0.,-1.));
#2200 = PCURVE('',#1019,#2201);
#2201 = DEFINITIONAL_REPRESENTATION('',(#2202),#2205);
#2202 = B_SPLINE_CURVE_WITH_KNOTS('',1,(#2203,#2204),.UNSPECIFIED.,.F.,
  .F.,(2,2),(-17.7000006,5.999999999062E-07),.PIECEWISE_BEZIER_KNOTS.);
#2203 = CARTESIAN_POINT('',(5.999224357332,5.732484231786));
#2204 = CARTESIAN_POINT('',(-11.70077684266,5.732484231786));
#2205 = ( GEOMETRIC_REPRESENTATION_CONTEXT(2) 
PARAMETRIC_REPRESENTATION_CONTEXT() REPRESENTATION_CONTEXT('2D SPACE',''
  ) );
#2206 = PCURVE('',#2207,#2212);
#2207 = CYLINDRICAL_SURFACE('',#2208,5.);
#2208 = AXIS2_PLACEMENT_3D('',#2209,#2210,#2211);
#2209 = CARTESIAN_POINT('',(145.875,0.,2.5));
#2210 = DIRECTION('',(-0.,-0.,-1.));
#2211 = DIRECTION('',(1.,0.,0.));
#2212 = DEFINITIONAL_REPRESENTATION('',(#2213),#2216);
#2213 = B_SPLINE_CURVE_WITH_KNOTS('',1,(#2214,#2215),.UNSPECIFIED.,.F.,
  .F.,(2,2),(-17.7000006,5.999999999062E-07),.PIECEWISE_BEZIER_KNOTS.);
#2214 = CARTESIAN_POINT('',(-5.639684198386,-17.7000006));
#2215 = CARTESIAN_POINT('',(-5.639684198386,5.999999999062E-07));
#2216 = ( GEOMETRIC_REPRESENTATION_CONTEXT(2) 
PARAMETRIC_REPRESENTATION_CONTEXT() REPRESENTATION_CONTEXT('2D SPACE',''
  ) );
#2217 = ORIENTED_EDGE('',*,*,#2218,.F.);
#2218 = EDGE_CURVE('',#2219,#2193,#2221,.T.);
#2219 = VERTEX_POINT('',#2220);
#2220 = CARTESIAN_POINT('',(149.875,3.,20.2));
#2221 = SURFACE_CURVE('',#2222,(#2226,#2232),.PCURVE_S1.);
#2222 = LINE('',#2223,#2224);
#2223 = CARTESIAN_POINT('',(149.875,1.366242115893,20.2));
#2224 = VECTOR('',#2225,1.);
#2225 = DIRECTION('',(0.,-1.,0.));
#2226 = PCURVE('',#1019,#2227);
#2227 = DEFINITIONAL_REPRESENTATION('',(#2228),#2231);
#2228 = B_SPLINE_CURVE_WITH_KNOTS('',1,(#2229,#2230),.UNSPECIFIED.,.F.,
  .F.,(2,2),(-3.633757884107,6.366242115893),.PIECEWISE_BEZIER_KNOTS.);
#2229 = CARTESIAN_POINT('',(5.999223757332,-2.267515768214));
#2230 = CARTESIAN_POINT('',(5.999223757332,7.732484231786));
#2231 = ( GEOMETRIC_REPRESENTATION_CONTEXT(2) 
PARAMETRIC_REPRESENTATION_CONTEXT() REPRESENTATION_CONTEXT('2D SPACE',''
  ) );
#2232 = PCURVE('',#2233,#2238);
#2233 = PLANE('',#2234);
#2234 = AXIS2_PLACEMENT_3D('',#2235,#2236,#2237);
#2235 = CARTESIAN_POINT('',(145.875,6.938022664999E-17,20.2));
#2236 = DIRECTION('',(0.,0.,1.));
#2237 = DIRECTION('',(1.,0.,-0.));
#2238 = DEFINITIONAL_REPRESENTATION('',(#2239),#2242);
#2239 = B_SPLINE_CURVE_WITH_KNOTS('',1,(#2240,#2241),.UNSPECIFIED.,.F.,
  .F.,(2,2),(-3.633757884107,6.366242115893),.PIECEWISE_BEZIER_KNOTS.);
#2240 = CARTESIAN_POINT('',(4.,5.));
#2241 = CARTESIAN_POINT('',(4.,-5.));
#2242 = ( GEOMETRIC_REPRESENTATION_CONTEXT(2) 
PARAMETRIC_REPRESENTATION_CONTEXT() REPRESENTATION_CONTEXT('2D SPACE',''
  ) );
#2243 = ORIENTED_EDGE('',*,*,#2244,.T.);
#2244 = EDGE_CURVE('',#2219,#2245,#2247,.T.);
#2245 = VERTEX_POINT('',#2246);
#2246 = CARTESIAN_POINT('',(149.875,3.,2.5));
#2247 = SURFACE_CURVE('',#2248,(#2252,#2258),.PCURVE_S1.);
#2248 = LINE('',#2249,#2250);
#2249 = CARTESIAN_POINT('',(149.875,3.,2.5));
#2250 = VECTOR('',#2251,1.);
#2251 = DIRECTION('',(-0.,-0.,-1.));
#2252 = PCURVE('',#1019,#2253);
#2253 = DEFINITIONAL_REPRESENTATION('',(#2254),#2257);
#2254 = B_SPLINE_CURVE_WITH_KNOTS('',1,(#2255,#2256),.UNSPECIFIED.,.F.,
  .F.,(2,2),(-17.7000006,5.999999999062E-07),.PIECEWISE_BEZIER_KNOTS.);
#2255 = CARTESIAN_POINT('',(5.999224357332,-0.267515768214));
#2256 = CARTESIAN_POINT('',(-11.70077684266,-0.267515768214));
#2257 = ( GEOMETRIC_REPRESENTATION_CONTEXT(2) 
PARAMETRIC_REPRESENTATION_CONTEXT() REPRESENTATION_CONTEXT('2D SPACE',''
  ) );
#2258 = PCURVE('',#2207,#2259);
#2259 = DEFINITIONAL_REPRESENTATION('',(#2260),#2263);
#2260 = B_SPLINE_CURVE_WITH_KNOTS('',1,(#2261,#2262),.UNSPECIFIED.,.F.,
  .F.,(2,2),(-17.7000006,5.999999999062E-07),.PIECEWISE_BEZIER_KNOTS.);
#2261 = CARTESIAN_POINT('',(-0.643501108793,-17.7000006));
#2262 = CARTESIAN_POINT('',(-0.643501108793,5.999999999062E-07));
#2263 = ( GEOMETRIC_REPRESENTATION_CONTEXT(2) 
PARAMETRIC_REPRESENTATION_CONTEXT() REPRESENTATION_CONTEXT('2D SPACE',''
  ) );
#2264 = ORIENTED_EDGE('',*,*,#2265,.T.);
#2265 = EDGE_CURVE('',#2245,#2266,#2268,.T.);
#2266 = VERTEX_POINT('',#2267);
#2267 = CARTESIAN_POINT('',(149.875,47.625,2.5));
#2268 = SURFACE_CURVE('',#2269,(#2273,#2280),.PCURVE_S1.);
#2269 = LINE('',#2270,#2271);
#2270 = CARTESIAN_POINT('',(149.875,-54.625,2.5));
#2271 = VECTOR('',#2272,1.);
#2272 = DIRECTION('',(0.,1.,0.));
#2273 = PCURVE('',#1019,#2274);
#2274 = DEFINITIONAL_REPRESENTATION('',(#2275),#2279);
#2275 = LINE('',#2276,#2277);
#2276 = CARTESIAN_POINT('',(-11.70077624266,57.357484231786));
#2277 = VECTOR('',#2278,1.);
#2278 = DIRECTION('',(0.,-1.));
#2279 = ( GEOMETRIC_REPRESENTATION_CONTEXT(2) 
PARAMETRIC_REPRESENTATION_CONTEXT() REPRESENTATION_CONTEXT('2D SPACE',''
  ) );
#2280 = PCURVE('',#1574,#2281);
#2281 = DEFINITIONAL_REPRESENTATION('',(#2282),#2286);
#2282 = LINE('',#2283,#2284);
#2283 = CARTESIAN_POINT('',(0.,-149.875));
#2284 = VECTOR('',#2285,1.);
#2285 = DIRECTION('',(1.,0.));
#2286 = ( GEOMETRIC_REPRESENTATION_CONTEXT(2) 
PARAMETRIC_REPRESENTATION_CONTEXT() REPRESENTATION_CONTEXT('2D SPACE',''
  ) );
#2287 = ORIENTED_EDGE('',*,*,#2288,.F.);
#2288 = EDGE_CURVE('',#2289,#2266,#2291,.T.);
#2289 = VERTEX_POINT('',#2290);
#2290 = CARTESIAN_POINT('',(149.875,47.625,26.34967462039));
#2291 = SURFACE_CURVE('',#2292,(#2296,#2302),.PCURVE_S1.);
#2292 = LINE('',#2293,#2294);
#2293 = CARTESIAN_POINT('',(149.875,47.625,2.5));
#2294 = VECTOR('',#2295,1.);
#2295 = DIRECTION('',(-0.,-0.,-1.));
#2296 = PCURVE('',#1019,#2297);
#2297 = DEFINITIONAL_REPRESENTATION('',(#2298),#2301);
#2298 = B_SPLINE_CURVE_WITH_KNOTS('',1,(#2299,#2300),.UNSPECIFIED.,.F.,
  .F.,(2,2),(-23.84967522039,5.999999999062E-07),
  .PIECEWISE_BEZIER_KNOTS.);
#2299 = CARTESIAN_POINT('',(12.148898977722,-44.89251576821));
#2300 = CARTESIAN_POINT('',(-11.70077684266,-44.89251576821));
#2301 = ( GEOMETRIC_REPRESENTATION_CONTEXT(2) 
PARAMETRIC_REPRESENTATION_CONTEXT() REPRESENTATION_CONTEXT('2D SPACE',''
  ) );
#2302 = PCURVE('',#1889,#2303);
#2303 = DEFINITIONAL_REPRESENTATION('',(#2304),#2307);
#2304 = B_SPLINE_CURVE_WITH_KNOTS('',1,(#2305,#2306),.UNSPECIFIED.,.F.,
  .F.,(2,2),(-23.84967522039,5.999999999062E-07),
  .PIECEWISE_BEZIER_KNOTS.);
#2305 = CARTESIAN_POINT('',(-5.639684198386,-23.84967522039));
#2306 = CARTESIAN_POINT('',(-5.639684198386,5.999999999062E-07));
#2307 = ( GEOMETRIC_REPRESENTATION_CONTEXT(2) 
PARAMETRIC_REPRESENTATION_CONTEXT() REPRESENTATION_CONTEXT('2D SPACE',''
  ) );
#2308 = ORIENTED_EDGE('',*,*,#2309,.F.);
#2309 = EDGE_CURVE('',#2310,#2289,#2312,.T.);
#2310 = VERTEX_POINT('',#2311);
#2311 = CARTESIAN_POINT('',(149.875,53.625,26.34967462039));
#2312 = SURFACE_CURVE('',#2313,(#2317,#2323),.PCURVE_S1.);
#2313 = LINE('',#2314,#2315);
#2314 = CARTESIAN_POINT('',(149.875,26.678742115893,26.34967462039));
#2315 = VECTOR('',#2316,1.);
#2316 = DIRECTION('',(0.,-1.,0.));
#2317 = PCURVE('',#1019,#2318);
#2318 = DEFINITIONAL_REPRESENTATION('',(#2319),#2322);
#2319 = B_SPLINE_CURVE_WITH_KNOTS('',1,(#2320,#2321),.UNSPECIFIED.,.F.,
  .F.,(2,2),(-27.9462578841,-18.9462578841),.PIECEWISE_BEZIER_KNOTS.);
#2320 = CARTESIAN_POINT('',(12.148898377722,-51.89251576821));
#2321 = CARTESIAN_POINT('',(12.148898377722,-42.89251576821));
#2322 = ( GEOMETRIC_REPRESENTATION_CONTEXT(2) 
PARAMETRIC_REPRESENTATION_CONTEXT() REPRESENTATION_CONTEXT('2D SPACE',''
  ) );
#2323 = PCURVE('',#1915,#2324);
#2324 = DEFINITIONAL_REPRESENTATION('',(#2325),#2328);
#2325 = B_SPLINE_CURVE_WITH_KNOTS('',1,(#2326,#2327),.UNSPECIFIED.,.F.,
  .F.,(2,2),(-27.9462578841,-18.9462578841),.PIECEWISE_BEZIER_KNOTS.);
#2326 = CARTESIAN_POINT('',(4.,4.));
#2327 = CARTESIAN_POINT('',(4.,-5.));
#2328 = ( GEOMETRIC_REPRESENTATION_CONTEXT(2) 
PARAMETRIC_REPRESENTATION_CONTEXT() REPRESENTATION_CONTEXT('2D SPACE',''
  ) );
#2329 = ORIENTED_EDGE('',*,*,#2330,.T.);
#2330 = EDGE_CURVE('',#2310,#2016,#2331,.T.);
#2331 = SURFACE_CURVE('',#2332,(#2336,#2342),.PCURVE_S1.);
#2332 = LINE('',#2333,#2334);
#2333 = CARTESIAN_POINT('',(149.875,53.625,2.5));
#2334 = VECTOR('',#2335,1.);
#2335 = DIRECTION('',(-0.,-0.,-1.));
#2336 = PCURVE('',#1019,#2337);
#2337 = DEFINITIONAL_REPRESENTATION('',(#2338),#2341);
#2338 = B_SPLINE_CURVE_WITH_KNOTS('',1,(#2339,#2340),.UNSPECIFIED.,.F.,
  .F.,(2,2),(-23.84967522039,5.999999999062E-07),
  .PIECEWISE_BEZIER_KNOTS.);
#2339 = CARTESIAN_POINT('',(12.148898977722,-50.89251576821));
#2340 = CARTESIAN_POINT('',(-11.70077684266,-50.89251576821));
#2341 = ( GEOMETRIC_REPRESENTATION_CONTEXT(2) 
PARAMETRIC_REPRESENTATION_CONTEXT() REPRESENTATION_CONTEXT('2D SPACE',''
  ) );
#2342 = PCURVE('',#1941,#2343);
#2343 = DEFINITIONAL_REPRESENTATION('',(#2344),#2347);
#2344 = B_SPLINE_CURVE_WITH_KNOTS('',1,(#2345,#2346),.UNSPECIFIED.,.F.,
  .F.,(2,2),(-23.84967522039,5.999999999062E-07),
  .PIECEWISE_BEZIER_KNOTS.);
#2345 = CARTESIAN_POINT('',(-0.643501108793,-23.84967522039));
#2346 = CARTESIAN_POINT('',(-0.643501108793,5.999999999062E-07));
#2347 = ( GEOMETRIC_REPRESENTATION_CONTEXT(2) 
PARAMETRIC_REPRESENTATION_CONTEXT() REPRESENTATION_CONTEXT('2D SPACE',''
  ) );
#2348 = ADVANCED_FACE('',(#2349),#995,.T.);
#2349 = FACE_BOUND('',#2350,.T.);
#2350 = EDGE_LOOP('',(#2351,#2374,#2375,#2376,#2399,#2420,#2441,#2462,
    #2485,#2511,#2537,#2558,#2581,#2607,#2633,#2654,#2677,#2703,#2729,
    #2750,#2773,#2799,#2825,#2851));
#2351 = ORIENTED_EDGE('',*,*,#2352,.F.);
#2352 = EDGE_CURVE('',#955,#2353,#2355,.T.);
#2353 = VERTEX_POINT('',#2354);
#2354 = CARTESIAN_POINT('',(-149.875,-54.625,2.5));
#2355 = SURFACE_CURVE('',#2356,(#2360,#2367),.PCURVE_S1.);
#2356 = LINE('',#2357,#2358);
#2357 = CARTESIAN_POINT('',(-149.875,-54.625,18.86442516269));
#2358 = VECTOR('',#2359,1.);
#2359 = DIRECTION('',(0.,0.,-1.));
#2360 = PCURVE('',#995,#2361);
#2361 = DEFINITIONAL_REPRESENTATION('',(#2362),#2366);
#2362 = LINE('',#2363,#2364);
#2363 = CARTESIAN_POINT('',(0.,149.875));
#2364 = VECTOR('',#2365,1.);
#2365 = DIRECTION('',(1.,0.));
#2366 = ( GEOMETRIC_REPRESENTATION_CONTEXT(2) 
PARAMETRIC_REPRESENTATION_CONTEXT() REPRESENTATION_CONTEXT('2D SPACE',''
  ) );
#2367 = PCURVE('',#969,#2368);
#2368 = DEFINITIONAL_REPRESENTATION('',(#2369),#2373);
#2369 = LINE('',#2370,#2371);
#2370 = CARTESIAN_POINT('',(4.663648920021,57.357484231786));
#2371 = VECTOR('',#2372,1.);
#2372 = DIRECTION('',(-1.,0.));
#2373 = ( GEOMETRIC_REPRESENTATION_CONTEXT(2) 
PARAMETRIC_REPRESENTATION_CONTEXT() REPRESENTATION_CONTEXT('2D SPACE',''
  ) );
#2374 = ORIENTED_EDGE('',*,*,#980,.T.);
#2375 = ORIENTED_EDGE('',*,*,#2040,.T.);
#2376 = ORIENTED_EDGE('',*,*,#2377,.T.);
#2377 = EDGE_CURVE('',#2041,#2378,#2380,.T.);
#2378 = VERTEX_POINT('',#2379);
#2379 = CARTESIAN_POINT('',(148.875,-54.625,2.5));
#2380 = SURFACE_CURVE('',#2381,(#2385,#2392),.PCURVE_S1.);
#2381 = LINE('',#2382,#2383);
#2382 = CARTESIAN_POINT('',(149.875,-54.625,2.5));
#2383 = VECTOR('',#2384,1.);
#2384 = DIRECTION('',(-1.,0.,0.));
#2385 = PCURVE('',#995,#2386);
#2386 = DEFINITIONAL_REPRESENTATION('',(#2387),#2391);
#2387 = LINE('',#2388,#2389);
#2388 = CARTESIAN_POINT('',(16.36442516269,-149.875));
#2389 = VECTOR('',#2390,1.);
#2390 = DIRECTION('',(0.,1.));
#2391 = ( GEOMETRIC_REPRESENTATION_CONTEXT(2) 
PARAMETRIC_REPRESENTATION_CONTEXT() REPRESENTATION_CONTEXT('2D SPACE',''
  ) );
#2392 = PCURVE('',#2079,#2393);
#2393 = DEFINITIONAL_REPRESENTATION('',(#2394),#2398);
#2394 = LINE('',#2395,#2396);
#2395 = CARTESIAN_POINT('',(0.,-149.875));
#2396 = VECTOR('',#2397,1.);
#2397 = DIRECTION('',(0.,1.));
#2398 = ( GEOMETRIC_REPRESENTATION_CONTEXT(2) 
PARAMETRIC_REPRESENTATION_CONTEXT() REPRESENTATION_CONTEXT('2D SPACE',''
  ) );
#2399 = ORIENTED_EDGE('',*,*,#2400,.F.);
#2400 = EDGE_CURVE('',#2401,#2378,#2403,.T.);
#2401 = VERTEX_POINT('',#2402);
#2402 = CARTESIAN_POINT('',(148.875,-54.625,14.05032537961));
#2403 = SURFACE_CURVE('',#2404,(#2408,#2414),.PCURVE_S1.);
#2404 = LINE('',#2405,#2406);
#2405 = CARTESIAN_POINT('',(148.875,-54.625,2.5));
#2406 = VECTOR('',#2407,1.);
#2407 = DIRECTION('',(-0.,-0.,-1.));
#2408 = PCURVE('',#995,#2409);
#2409 = DEFINITIONAL_REPRESENTATION('',(#2410),#2413);
#2410 = B_SPLINE_CURVE_WITH_KNOTS('',1,(#2411,#2412),.UNSPECIFIED.,.F.,
  .F.,(2,2),(-11.55032597961,5.999999999062E-07),
  .PIECEWISE_BEZIER_KNOTS.);
#2411 = CARTESIAN_POINT('',(4.81409918308,-148.875));
#2412 = CARTESIAN_POINT('',(16.36442576269,-148.875));
#2413 = ( GEOMETRIC_REPRESENTATION_CONTEXT(2) 
PARAMETRIC_REPRESENTATION_CONTEXT() REPRESENTATION_CONTEXT('2D SPACE',''
  ) );
#2414 = PCURVE('',#2106,#2415);
#2415 = DEFINITIONAL_REPRESENTATION('',(#2416),#2419);
#2416 = B_SPLINE_CURVE_WITH_KNOTS('',1,(#2417,#2418),.UNSPECIFIED.,.F.,
  .F.,(2,2),(-11.55032597961,5.999999999062E-07),
  .PIECEWISE_BEZIER_KNOTS.);
#2417 = CARTESIAN_POINT('',(-5.355890089178,-11.55032597961));
#2418 = CARTESIAN_POINT('',(-5.355890089178,5.999999999062E-07));
#2419 = ( GEOMETRIC_REPRESENTATION_CONTEXT(2) 
PARAMETRIC_REPRESENTATION_CONTEXT() REPRESENTATION_CONTEXT('2D SPACE',''
  ) );
#2420 = ORIENTED_EDGE('',*,*,#2421,.F.);
#2421 = EDGE_CURVE('',#2422,#2401,#2424,.T.);
#2422 = VERTEX_POINT('',#2423);
#2423 = CARTESIAN_POINT('',(142.875,-54.625,14.05032537961));
#2424 = SURFACE_CURVE('',#2425,(#2429,#2435),.PCURVE_S1.);
#2425 = LINE('',#2426,#2427);
#2426 = CARTESIAN_POINT('',(72.9375,-54.625,14.05032537961));
#2427 = VECTOR('',#2428,1.);
#2428 = DIRECTION('',(1.,0.,-0.));
#2429 = PCURVE('',#995,#2430);
#2430 = DEFINITIONAL_REPRESENTATION('',(#2431),#2434);
#2431 = B_SPLINE_CURVE_WITH_KNOTS('',1,(#2432,#2433),.UNSPECIFIED.,.F.,
  .F.,(2,2),(67.9375,76.9375),.PIECEWISE_BEZIER_KNOTS.);
#2432 = CARTESIAN_POINT('',(4.81409978308,-140.875));
#2433 = CARTESIAN_POINT('',(4.81409978308,-149.875));
#2434 = ( GEOMETRIC_REPRESENTATION_CONTEXT(2) 
PARAMETRIC_REPRESENTATION_CONTEXT() REPRESENTATION_CONTEXT('2D SPACE',''
  ) );
#2435 = PCURVE('',#2132,#2436);
#2436 = DEFINITIONAL_REPRESENTATION('',(#2437),#2440);
#2437 = B_SPLINE_CURVE_WITH_KNOTS('',1,(#2438,#2439),.UNSPECIFIED.,.F.,
  .F.,(2,2),(67.9375,76.9375),.PIECEWISE_BEZIER_KNOTS.);
#2438 = CARTESIAN_POINT('',(-5.,-4.));
#2439 = CARTESIAN_POINT('',(4.,-4.));
#2440 = ( GEOMETRIC_REPRESENTATION_CONTEXT(2) 
PARAMETRIC_REPRESENTATION_CONTEXT() REPRESENTATION_CONTEXT('2D SPACE',''
  ) );
#2441 = ORIENTED_EDGE('',*,*,#2442,.T.);
#2442 = EDGE_CURVE('',#2422,#2443,#2445,.T.);
#2443 = VERTEX_POINT('',#2444);
#2444 = CARTESIAN_POINT('',(142.875,-54.625,2.5));
#2445 = SURFACE_CURVE('',#2446,(#2450,#2456),.PCURVE_S1.);
#2446 = LINE('',#2447,#2448);
#2447 = CARTESIAN_POINT('',(142.875,-54.625,2.5));
#2448 = VECTOR('',#2449,1.);
#2449 = DIRECTION('',(-0.,-0.,-1.));
#2450 = PCURVE('',#995,#2451);
#2451 = DEFINITIONAL_REPRESENTATION('',(#2452),#2455);
#2452 = B_SPLINE_CURVE_WITH_KNOTS('',1,(#2453,#2454),.UNSPECIFIED.,.F.,
  .F.,(2,2),(-11.55032597961,5.999999999062E-07),
  .PIECEWISE_BEZIER_KNOTS.);
#2453 = CARTESIAN_POINT('',(4.81409918308,-142.875));
#2454 = CARTESIAN_POINT('',(16.36442576269,-142.875));
#2455 = ( GEOMETRIC_REPRESENTATION_CONTEXT(2) 
PARAMETRIC_REPRESENTATION_CONTEXT() REPRESENTATION_CONTEXT('2D SPACE',''
  ) );
#2456 = PCURVE('',#2158,#2457);
#2457 = DEFINITIONAL_REPRESENTATION('',(#2458),#2461);
#2458 = B_SPLINE_CURVE_WITH_KNOTS('',1,(#2459,#2460),.UNSPECIFIED.,.F.,
  .F.,(2,2),(-11.55032597961,5.999999999062E-07),
  .PIECEWISE_BEZIER_KNOTS.);
#2459 = CARTESIAN_POINT('',(-4.068887871591,-11.55032597961));
#2460 = CARTESIAN_POINT('',(-4.068887871591,5.999999999062E-07));
#2461 = ( GEOMETRIC_REPRESENTATION_CONTEXT(2) 
PARAMETRIC_REPRESENTATION_CONTEXT() REPRESENTATION_CONTEXT('2D SPACE',''
  ) );
#2462 = ORIENTED_EDGE('',*,*,#2463,.T.);
#2463 = EDGE_CURVE('',#2443,#2464,#2466,.T.);
#2464 = VERTEX_POINT('',#2465);
#2465 = CARTESIAN_POINT('',(79.4375,-54.625,2.5));
#2466 = SURFACE_CURVE('',#2467,(#2471,#2478),.PCURVE_S1.);
#2467 = LINE('',#2468,#2469);
#2468 = CARTESIAN_POINT('',(149.875,-54.625,2.5));
#2469 = VECTOR('',#2470,1.);
#2470 = DIRECTION('',(-1.,0.,0.));
#2471 = PCURVE('',#995,#2472);
#2472 = DEFINITIONAL_REPRESENTATION('',(#2473),#2477);
#2473 = LINE('',#2474,#2475);
#2474 = CARTESIAN_POINT('',(16.36442516269,-149.875));
#2475 = VECTOR('',#2476,1.);
#2476 = DIRECTION('',(0.,1.));
#2477 = ( GEOMETRIC_REPRESENTATION_CONTEXT(2) 
PARAMETRIC_REPRESENTATION_CONTEXT() REPRESENTATION_CONTEXT('2D SPACE',''
  ) );
#2478 = PCURVE('',#1574,#2479);
#2479 = DEFINITIONAL_REPRESENTATION('',(#2480),#2484);
#2480 = LINE('',#2481,#2482);
#2481 = CARTESIAN_POINT('',(0.,-149.875));
#2482 = VECTOR('',#2483,1.);
#2483 = DIRECTION('',(0.,1.));
#2484 = ( GEOMETRIC_REPRESENTATION_CONTEXT(2) 
PARAMETRIC_REPRESENTATION_CONTEXT() REPRESENTATION_CONTEXT('2D SPACE',''
  ) );
#2485 = ORIENTED_EDGE('',*,*,#2486,.F.);
#2486 = EDGE_CURVE('',#2487,#2464,#2489,.T.);
#2487 = VERTEX_POINT('',#2488);
#2488 = CARTESIAN_POINT('',(79.4375,-54.625,14.05032537961));
#2489 = SURFACE_CURVE('',#2490,(#2494,#2500),.PCURVE_S1.);
#2490 = LINE('',#2491,#2492);
#2491 = CARTESIAN_POINT('',(79.4375,-54.625,2.5));
#2492 = VECTOR('',#2493,1.);
#2493 = DIRECTION('',(-0.,-0.,-1.));
#2494 = PCURVE('',#995,#2495);
#2495 = DEFINITIONAL_REPRESENTATION('',(#2496),#2499);
#2496 = B_SPLINE_CURVE_WITH_KNOTS('',1,(#2497,#2498),.UNSPECIFIED.,.F.,
  .F.,(2,2),(-11.55032597961,5.999999999062E-07),
  .PIECEWISE_BEZIER_KNOTS.);
#2497 = CARTESIAN_POINT('',(4.81409918308,-79.4375));
#2498 = CARTESIAN_POINT('',(16.36442576269,-79.4375));
#2499 = ( GEOMETRIC_REPRESENTATION_CONTEXT(2) 
PARAMETRIC_REPRESENTATION_CONTEXT() REPRESENTATION_CONTEXT('2D SPACE',''
  ) );
#2500 = PCURVE('',#2501,#2506);
#2501 = CYLINDRICAL_SURFACE('',#2502,5.);
#2502 = AXIS2_PLACEMENT_3D('',#2503,#2504,#2505);
#2503 = CARTESIAN_POINT('',(76.4375,-50.625,2.5));
#2504 = DIRECTION('',(-0.,-0.,-1.));
#2505 = DIRECTION('',(1.,0.,0.));
#2506 = DEFINITIONAL_REPRESENTATION('',(#2507),#2510);
#2507 = B_SPLINE_CURVE_WITH_KNOTS('',1,(#2508,#2509),.UNSPECIFIED.,.F.,
  .F.,(2,2),(-11.55032537961,-0.),.PIECEWISE_BEZIER_KNOTS.);
#2508 = CARTESIAN_POINT('',(-5.355890089178,-11.55032537961));
#2509 = CARTESIAN_POINT('',(-5.355890089178,0.));
#2510 = ( GEOMETRIC_REPRESENTATION_CONTEXT(2) 
PARAMETRIC_REPRESENTATION_CONTEXT() REPRESENTATION_CONTEXT('2D SPACE',''
  ) );
#2511 = ORIENTED_EDGE('',*,*,#2512,.F.);
#2512 = EDGE_CURVE('',#2513,#2487,#2515,.T.);
#2513 = VERTEX_POINT('',#2514);
#2514 = CARTESIAN_POINT('',(73.4375,-54.625,14.05032537961));
#2515 = SURFACE_CURVE('',#2516,(#2520,#2526),.PCURVE_S1.);
#2516 = LINE('',#2517,#2518);
#2517 = CARTESIAN_POINT('',(38.21875,-54.625,14.05032537961));
#2518 = VECTOR('',#2519,1.);
#2519 = DIRECTION('',(1.,0.,-0.));
#2520 = PCURVE('',#995,#2521);
#2521 = DEFINITIONAL_REPRESENTATION('',(#2522),#2525);
#2522 = B_SPLINE_CURVE_WITH_KNOTS('',1,(#2523,#2524),.UNSPECIFIED.,.F.,
  .F.,(2,2),(33.21875,43.21875),.PIECEWISE_BEZIER_KNOTS.);
#2523 = CARTESIAN_POINT('',(4.81409978308,-71.4375));
#2524 = CARTESIAN_POINT('',(4.81409978308,-81.4375));
#2525 = ( GEOMETRIC_REPRESENTATION_CONTEXT(2) 
PARAMETRIC_REPRESENTATION_CONTEXT() REPRESENTATION_CONTEXT('2D SPACE',''
  ) );
#2526 = PCURVE('',#2527,#2532);
#2527 = PLANE('',#2528);
#2528 = AXIS2_PLACEMENT_3D('',#2529,#2530,#2531);
#2529 = CARTESIAN_POINT('',(76.4375,-50.625,14.05032537961));
#2530 = DIRECTION('',(0.,0.,1.));
#2531 = DIRECTION('',(1.,0.,-0.));
#2532 = DEFINITIONAL_REPRESENTATION('',(#2533),#2536);
#2533 = B_SPLINE_CURVE_WITH_KNOTS('',1,(#2534,#2535),.UNSPECIFIED.,.F.,
  .F.,(2,2),(33.21875,43.21875),.PIECEWISE_BEZIER_KNOTS.);
#2534 = CARTESIAN_POINT('',(-5.,-4.));
#2535 = CARTESIAN_POINT('',(5.,-4.));
#2536 = ( GEOMETRIC_REPRESENTATION_CONTEXT(2) 
PARAMETRIC_REPRESENTATION_CONTEXT() REPRESENTATION_CONTEXT('2D SPACE',''
  ) );
#2537 = ORIENTED_EDGE('',*,*,#2538,.T.);
#2538 = EDGE_CURVE('',#2513,#2539,#2541,.T.);
#2539 = VERTEX_POINT('',#2540);
#2540 = CARTESIAN_POINT('',(73.4375,-54.625,2.5));
#2541 = SURFACE_CURVE('',#2542,(#2546,#2552),.PCURVE_S1.);
#2542 = LINE('',#2543,#2544);
#2543 = CARTESIAN_POINT('',(73.4375,-54.625,2.5));
#2544 = VECTOR('',#2545,1.);
#2545 = DIRECTION('',(-0.,-0.,-1.));
#2546 = PCURVE('',#995,#2547);
#2547 = DEFINITIONAL_REPRESENTATION('',(#2548),#2551);
#2548 = B_SPLINE_CURVE_WITH_KNOTS('',1,(#2549,#2550),.UNSPECIFIED.,.F.,
  .F.,(2,2),(-11.55032597961,5.999999999062E-07),
  .PIECEWISE_BEZIER_KNOTS.);
#2549 = CARTESIAN_POINT('',(4.81409918308,-73.4375));
#2550 = CARTESIAN_POINT('',(16.36442576269,-73.4375));
#2551 = ( GEOMETRIC_REPRESENTATION_CONTEXT(2) 
PARAMETRIC_REPRESENTATION_CONTEXT() REPRESENTATION_CONTEXT('2D SPACE',''
  ) );
#2552 = PCURVE('',#2501,#2553);
#2553 = DEFINITIONAL_REPRESENTATION('',(#2554),#2557);
#2554 = B_SPLINE_CURVE_WITH_KNOTS('',1,(#2555,#2556),.UNSPECIFIED.,.F.,
  .F.,(2,2),(-11.55032537961,0.),.PIECEWISE_BEZIER_KNOTS.);
#2555 = CARTESIAN_POINT('',(-10.35207317877,-11.55032537961));
#2556 = CARTESIAN_POINT('',(-10.35207317877,0.));
#2557 = ( GEOMETRIC_REPRESENTATION_CONTEXT(2) 
PARAMETRIC_REPRESENTATION_CONTEXT() REPRESENTATION_CONTEXT('2D SPACE',''
  ) );
#2558 = ORIENTED_EDGE('',*,*,#2559,.T.);
#2559 = EDGE_CURVE('',#2539,#2560,#2562,.T.);
#2560 = VERTEX_POINT('',#2561);
#2561 = CARTESIAN_POINT('',(3.,-54.625,2.5));
#2562 = SURFACE_CURVE('',#2563,(#2567,#2574),.PCURVE_S1.);
#2563 = LINE('',#2564,#2565);
#2564 = CARTESIAN_POINT('',(149.875,-54.625,2.5));
#2565 = VECTOR('',#2566,1.);
#2566 = DIRECTION('',(-1.,0.,0.));
#2567 = PCURVE('',#995,#2568);
#2568 = DEFINITIONAL_REPRESENTATION('',(#2569),#2573);
#2569 = LINE('',#2570,#2571);
#2570 = CARTESIAN_POINT('',(16.36442516269,-149.875));
#2571 = VECTOR('',#2572,1.);
#2572 = DIRECTION('',(0.,1.));
#2573 = ( GEOMETRIC_REPRESENTATION_CONTEXT(2) 
PARAMETRIC_REPRESENTATION_CONTEXT() REPRESENTATION_CONTEXT('2D SPACE',''
  ) );
#2574 = PCURVE('',#1574,#2575);
#2575 = DEFINITIONAL_REPRESENTATION('',(#2576),#2580);
#2576 = LINE('',#2577,#2578);
#2577 = CARTESIAN_POINT('',(0.,-149.875));
#2578 = VECTOR('',#2579,1.);
#2579 = DIRECTION('',(0.,1.));
#2580 = ( GEOMETRIC_REPRESENTATION_CONTEXT(2) 
PARAMETRIC_REPRESENTATION_CONTEXT() REPRESENTATION_CONTEXT('2D SPACE',''
  ) );
#2581 = ORIENTED_EDGE('',*,*,#2582,.F.);
#2582 = EDGE_CURVE('',#2583,#2560,#2585,.T.);
#2583 = VERTEX_POINT('',#2584);
#2584 = CARTESIAN_POINT('',(3.,-54.625,14.05032537961));
#2585 = SURFACE_CURVE('',#2586,(#2590,#2596),.PCURVE_S1.);
#2586 = LINE('',#2587,#2588);
#2587 = CARTESIAN_POINT('',(3.,-54.625,2.5));
#2588 = VECTOR('',#2589,1.);
#2589 = DIRECTION('',(-0.,-0.,-1.));
#2590 = PCURVE('',#995,#2591);
#2591 = DEFINITIONAL_REPRESENTATION('',(#2592),#2595);
#2592 = B_SPLINE_CURVE_WITH_KNOTS('',1,(#2593,#2594),.UNSPECIFIED.,.F.,
  .F.,(2,2),(-11.55032597961,5.999999999062E-07),
  .PIECEWISE_BEZIER_KNOTS.);
#2593 = CARTESIAN_POINT('',(4.81409918308,-3.));
#2594 = CARTESIAN_POINT('',(16.36442576269,-3.));
#2595 = ( GEOMETRIC_REPRESENTATION_CONTEXT(2) 
PARAMETRIC_REPRESENTATION_CONTEXT() REPRESENTATION_CONTEXT('2D SPACE',''
  ) );
#2596 = PCURVE('',#2597,#2602);
#2597 = CYLINDRICAL_SURFACE('',#2598,5.);
#2598 = AXIS2_PLACEMENT_3D('',#2599,#2600,#2601);
#2599 = CARTESIAN_POINT('',(0.,-50.625,2.5));
#2600 = DIRECTION('',(-0.,-0.,-1.));
#2601 = DIRECTION('',(1.,0.,0.));
#2602 = DEFINITIONAL_REPRESENTATION('',(#2603),#2606);
#2603 = B_SPLINE_CURVE_WITH_KNOTS('',1,(#2604,#2605),.UNSPECIFIED.,.F.,
  .F.,(2,2),(-11.55032537961,-0.),.PIECEWISE_BEZIER_KNOTS.);
#2604 = CARTESIAN_POINT('',(-5.355890089178,-11.55032537961));
#2605 = CARTESIAN_POINT('',(-5.355890089178,0.));
#2606 = ( GEOMETRIC_REPRESENTATION_CONTEXT(2) 
PARAMETRIC_REPRESENTATION_CONTEXT() REPRESENTATION_CONTEXT('2D SPACE',''
  ) );
#2607 = ORIENTED_EDGE('',*,*,#2608,.F.);
#2608 = EDGE_CURVE('',#2609,#2583,#2611,.T.);
#2609 = VERTEX_POINT('',#2610);
#2610 = CARTESIAN_POINT('',(-3.,-54.625,14.05032537961));
#2611 = SURFACE_CURVE('',#2612,(#2616,#2622),.PCURVE_S1.);
#2612 = LINE('',#2613,#2614);
#2613 = CARTESIAN_POINT('',(-6.837200662697E-17,-54.625,14.05032537961)
  );
#2614 = VECTOR('',#2615,1.);
#2615 = DIRECTION('',(1.,0.,-0.));
#2616 = PCURVE('',#995,#2617);
#2617 = DEFINITIONAL_REPRESENTATION('',(#2618),#2621);
#2618 = B_SPLINE_CURVE_WITH_KNOTS('',1,(#2619,#2620),.UNSPECIFIED.,.F.,
  .F.,(2,2),(-5.,5.),.PIECEWISE_BEZIER_KNOTS.);
#2619 = CARTESIAN_POINT('',(4.81409978308,5.));
#2620 = CARTESIAN_POINT('',(4.81409978308,-5.));
#2621 = ( GEOMETRIC_REPRESENTATION_CONTEXT(2) 
PARAMETRIC_REPRESENTATION_CONTEXT() REPRESENTATION_CONTEXT('2D SPACE',''
  ) );
#2622 = PCURVE('',#2623,#2628);
#2623 = PLANE('',#2624);
#2624 = AXIS2_PLACEMENT_3D('',#2625,#2626,#2627);
#2625 = CARTESIAN_POINT('',(-1.367440132539E-16,-50.625,14.05032537961)
  );
#2626 = DIRECTION('',(0.,0.,1.));
#2627 = DIRECTION('',(1.,0.,-0.));
#2628 = DEFINITIONAL_REPRESENTATION('',(#2629),#2632);
#2629 = B_SPLINE_CURVE_WITH_KNOTS('',1,(#2630,#2631),.UNSPECIFIED.,.F.,
  .F.,(2,2),(-5.,5.),.PIECEWISE_BEZIER_KNOTS.);
#2630 = CARTESIAN_POINT('',(-5.,-4.));
#2631 = CARTESIAN_POINT('',(5.,-4.));
#2632 = ( GEOMETRIC_REPRESENTATION_CONTEXT(2) 
PARAMETRIC_REPRESENTATION_CONTEXT() REPRESENTATION_CONTEXT('2D SPACE',''
  ) );
#2633 = ORIENTED_EDGE('',*,*,#2634,.T.);
#2634 = EDGE_CURVE('',#2609,#2635,#2637,.T.);
#2635 = VERTEX_POINT('',#2636);
#2636 = CARTESIAN_POINT('',(-3.,-54.625,2.5));
#2637 = SURFACE_CURVE('',#2638,(#2642,#2648),.PCURVE_S1.);
#2638 = LINE('',#2639,#2640);
#2639 = CARTESIAN_POINT('',(-3.,-54.625,2.5));
#2640 = VECTOR('',#2641,1.);
#2641 = DIRECTION('',(-0.,-0.,-1.));
#2642 = PCURVE('',#995,#2643);
#2643 = DEFINITIONAL_REPRESENTATION('',(#2644),#2647);
#2644 = B_SPLINE_CURVE_WITH_KNOTS('',1,(#2645,#2646),.UNSPECIFIED.,.F.,
  .F.,(2,2),(-11.55032597961,5.999999999062E-07),
  .PIECEWISE_BEZIER_KNOTS.);
#2645 = CARTESIAN_POINT('',(4.81409918308,3.));
#2646 = CARTESIAN_POINT('',(16.36442576269,3.));
#2647 = ( GEOMETRIC_REPRESENTATION_CONTEXT(2) 
PARAMETRIC_REPRESENTATION_CONTEXT() REPRESENTATION_CONTEXT('2D SPACE',''
  ) );
#2648 = PCURVE('',#2597,#2649);
#2649 = DEFINITIONAL_REPRESENTATION('',(#2650),#2653);
#2650 = B_SPLINE_CURVE_WITH_KNOTS('',1,(#2651,#2652),.UNSPECIFIED.,.F.,
  .F.,(2,2),(-11.55032537961,0.),.PIECEWISE_BEZIER_KNOTS.);
#2651 = CARTESIAN_POINT('',(-10.35207317877,-11.55032537961));
#2652 = CARTESIAN_POINT('',(-10.35207317877,0.));
#2653 = ( GEOMETRIC_REPRESENTATION_CONTEXT(2) 
PARAMETRIC_REPRESENTATION_CONTEXT() REPRESENTATION_CONTEXT('2D SPACE',''
  ) );
#2654 = ORIENTED_EDGE('',*,*,#2655,.T.);
#2655 = EDGE_CURVE('',#2635,#2656,#2658,.T.);
#2656 = VERTEX_POINT('',#2657);
#2657 = CARTESIAN_POINT('',(-73.4375,-54.625,2.5));
#2658 = SURFACE_CURVE('',#2659,(#2663,#2670),.PCURVE_S1.);
#2659 = LINE('',#2660,#2661);
#2660 = CARTESIAN_POINT('',(149.875,-54.625,2.5));
#2661 = VECTOR('',#2662,1.);
#2662 = DIRECTION('',(-1.,0.,0.));
#2663 = PCURVE('',#995,#2664);
#2664 = DEFINITIONAL_REPRESENTATION('',(#2665),#2669);
#2665 = LINE('',#2666,#2667);
#2666 = CARTESIAN_POINT('',(16.36442516269,-149.875));
#2667 = VECTOR('',#2668,1.);
#2668 = DIRECTION('',(0.,1.));
#2669 = ( GEOMETRIC_REPRESENTATION_CONTEXT(2) 
PARAMETRIC_REPRESENTATION_CONTEXT() REPRESENTATION_CONTEXT('2D SPACE',''
  ) );
#2670 = PCURVE('',#1574,#2671);
#2671 = DEFINITIONAL_REPRESENTATION('',(#2672),#2676);
#2672 = LINE('',#2673,#2674);
#2673 = CARTESIAN_POINT('',(0.,-149.875));
#2674 = VECTOR('',#2675,1.);
#2675 = DIRECTION('',(0.,1.));
#2676 = ( GEOMETRIC_REPRESENTATION_CONTEXT(2) 
PARAMETRIC_REPRESENTATION_CONTEXT() REPRESENTATION_CONTEXT('2D SPACE',''
  ) );
#2677 = ORIENTED_EDGE('',*,*,#2678,.F.);
#2678 = EDGE_CURVE('',#2679,#2656,#2681,.T.);
#2679 = VERTEX_POINT('',#2680);
#2680 = CARTESIAN_POINT('',(-73.4375,-54.625,14.05032537961));
#2681 = SURFACE_CURVE('',#2682,(#2686,#2692),.PCURVE_S1.);
#2682 = LINE('',#2683,#2684);
#2683 = CARTESIAN_POINT('',(-73.4375,-54.625,2.5));
#2684 = VECTOR('',#2685,1.);
#2685 = DIRECTION('',(-0.,-0.,-1.));
#2686 = PCURVE('',#995,#2687);
#2687 = DEFINITIONAL_REPRESENTATION('',(#2688),#2691);
#2688 = B_SPLINE_CURVE_WITH_KNOTS('',1,(#2689,#2690),.UNSPECIFIED.,.F.,
  .F.,(2,2),(-11.55032597961,5.999999999062E-07),
  .PIECEWISE_BEZIER_KNOTS.);
#2689 = CARTESIAN_POINT('',(4.81409918308,73.4375));
#2690 = CARTESIAN_POINT('',(16.36442576269,73.4375));
#2691 = ( GEOMETRIC_REPRESENTATION_CONTEXT(2) 
PARAMETRIC_REPRESENTATION_CONTEXT() REPRESENTATION_CONTEXT('2D SPACE',''
  ) );
#2692 = PCURVE('',#2693,#2698);
#2693 = CYLINDRICAL_SURFACE('',#2694,5.);
#2694 = AXIS2_PLACEMENT_3D('',#2695,#2696,#2697);
#2695 = CARTESIAN_POINT('',(-76.4375,-50.625,2.5));
#2696 = DIRECTION('',(-0.,-0.,-1.));
#2697 = DIRECTION('',(1.,0.,0.));
#2698 = DEFINITIONAL_REPRESENTATION('',(#2699),#2702);
#2699 = B_SPLINE_CURVE_WITH_KNOTS('',1,(#2700,#2701),.UNSPECIFIED.,.F.,
  .F.,(2,2),(-11.55032537961,-0.),.PIECEWISE_BEZIER_KNOTS.);
#2700 = CARTESIAN_POINT('',(-5.355890089178,-11.55032537961));
#2701 = CARTESIAN_POINT('',(-5.355890089178,0.));
#2702 = ( GEOMETRIC_REPRESENTATION_CONTEXT(2) 
PARAMETRIC_REPRESENTATION_CONTEXT() REPRESENTATION_CONTEXT('2D SPACE',''
  ) );
#2703 = ORIENTED_EDGE('',*,*,#2704,.F.);
#2704 = EDGE_CURVE('',#2705,#2679,#2707,.T.);
#2705 = VERTEX_POINT('',#2706);
#2706 = CARTESIAN_POINT('',(-79.4375,-54.625,14.05032537961));
#2707 = SURFACE_CURVE('',#2708,(#2712,#2718),.PCURVE_S1.);
#2708 = LINE('',#2709,#2710);
#2709 = CARTESIAN_POINT('',(-38.21875,-54.625,14.05032537961));
#2710 = VECTOR('',#2711,1.);
#2711 = DIRECTION('',(1.,0.,-0.));
#2712 = PCURVE('',#995,#2713);
#2713 = DEFINITIONAL_REPRESENTATION('',(#2714),#2717);
#2714 = B_SPLINE_CURVE_WITH_KNOTS('',1,(#2715,#2716),.UNSPECIFIED.,.F.,
  .F.,(2,2),(-43.21875,-33.21875),.PIECEWISE_BEZIER_KNOTS.);
#2715 = CARTESIAN_POINT('',(4.81409978308,81.4375));
#2716 = CARTESIAN_POINT('',(4.81409978308,71.4375));
#2717 = ( GEOMETRIC_REPRESENTATION_CONTEXT(2) 
PARAMETRIC_REPRESENTATION_CONTEXT() REPRESENTATION_CONTEXT('2D SPACE',''
  ) );
#2718 = PCURVE('',#2719,#2724);
#2719 = PLANE('',#2720);
#2720 = AXIS2_PLACEMENT_3D('',#2721,#2722,#2723);
#2721 = CARTESIAN_POINT('',(-76.4375,-50.625,14.05032537961));
#2722 = DIRECTION('',(0.,0.,1.));
#2723 = DIRECTION('',(1.,0.,-0.));
#2724 = DEFINITIONAL_REPRESENTATION('',(#2725),#2728);
#2725 = B_SPLINE_CURVE_WITH_KNOTS('',1,(#2726,#2727),.UNSPECIFIED.,.F.,
  .F.,(2,2),(-43.21875,-33.21875),.PIECEWISE_BEZIER_KNOTS.);
#2726 = CARTESIAN_POINT('',(-5.,-4.));
#2727 = CARTESIAN_POINT('',(5.,-4.));
#2728 = ( GEOMETRIC_REPRESENTATION_CONTEXT(2) 
PARAMETRIC_REPRESENTATION_CONTEXT() REPRESENTATION_CONTEXT('2D SPACE',''
  ) );
#2729 = ORIENTED_EDGE('',*,*,#2730,.T.);
#2730 = EDGE_CURVE('',#2705,#2731,#2733,.T.);
#2731 = VERTEX_POINT('',#2732);
#2732 = CARTESIAN_POINT('',(-79.4375,-54.625,2.5));
#2733 = SURFACE_CURVE('',#2734,(#2738,#2744),.PCURVE_S1.);
#2734 = LINE('',#2735,#2736);
#2735 = CARTESIAN_POINT('',(-79.4375,-54.625,2.5));
#2736 = VECTOR('',#2737,1.);
#2737 = DIRECTION('',(-0.,-0.,-1.));
#2738 = PCURVE('',#995,#2739);
#2739 = DEFINITIONAL_REPRESENTATION('',(#2740),#2743);
#2740 = B_SPLINE_CURVE_WITH_KNOTS('',1,(#2741,#2742),.UNSPECIFIED.,.F.,
  .F.,(2,2),(-11.55032597961,5.999999999062E-07),
  .PIECEWISE_BEZIER_KNOTS.);
#2741 = CARTESIAN_POINT('',(4.81409918308,79.4375));
#2742 = CARTESIAN_POINT('',(16.36442576269,79.4375));
#2743 = ( GEOMETRIC_REPRESENTATION_CONTEXT(2) 
PARAMETRIC_REPRESENTATION_CONTEXT() REPRESENTATION_CONTEXT('2D SPACE',''
  ) );
#2744 = PCURVE('',#2693,#2745);
#2745 = DEFINITIONAL_REPRESENTATION('',(#2746),#2749);
#2746 = B_SPLINE_CURVE_WITH_KNOTS('',1,(#2747,#2748),.UNSPECIFIED.,.F.,
  .F.,(2,2),(-11.55032537961,-0.),.PIECEWISE_BEZIER_KNOTS.);
#2747 = CARTESIAN_POINT('',(-10.35207317877,-11.55032537961));
#2748 = CARTESIAN_POINT('',(-10.35207317877,0.));
#2749 = ( GEOMETRIC_REPRESENTATION_CONTEXT(2) 
PARAMETRIC_REPRESENTATION_CONTEXT() REPRESENTATION_CONTEXT('2D SPACE',''
  ) );
#2750 = ORIENTED_EDGE('',*,*,#2751,.T.);
#2751 = EDGE_CURVE('',#2731,#2752,#2754,.T.);
#2752 = VERTEX_POINT('',#2753);
#2753 = CARTESIAN_POINT('',(-142.875,-54.625,2.5));
#2754 = SURFACE_CURVE('',#2755,(#2759,#2766),.PCURVE_S1.);
#2755 = LINE('',#2756,#2757);
#2756 = CARTESIAN_POINT('',(149.875,-54.625,2.5));
#2757 = VECTOR('',#2758,1.);
#2758 = DIRECTION('',(-1.,0.,0.));
#2759 = PCURVE('',#995,#2760);
#2760 = DEFINITIONAL_REPRESENTATION('',(#2761),#2765);
#2761 = LINE('',#2762,#2763);
#2762 = CARTESIAN_POINT('',(16.36442516269,-149.875));
#2763 = VECTOR('',#2764,1.);
#2764 = DIRECTION('',(0.,1.));
#2765 = ( GEOMETRIC_REPRESENTATION_CONTEXT(2) 
PARAMETRIC_REPRESENTATION_CONTEXT() REPRESENTATION_CONTEXT('2D SPACE',''
  ) );
#2766 = PCURVE('',#1574,#2767);
#2767 = DEFINITIONAL_REPRESENTATION('',(#2768),#2772);
#2768 = LINE('',#2769,#2770);
#2769 = CARTESIAN_POINT('',(0.,-149.875));
#2770 = VECTOR('',#2771,1.);
#2771 = DIRECTION('',(0.,1.));
#2772 = ( GEOMETRIC_REPRESENTATION_CONTEXT(2) 
PARAMETRIC_REPRESENTATION_CONTEXT() REPRESENTATION_CONTEXT('2D SPACE',''
  ) );
#2773 = ORIENTED_EDGE('',*,*,#2774,.F.);
#2774 = EDGE_CURVE('',#2775,#2752,#2777,.T.);
#2775 = VERTEX_POINT('',#2776);
#2776 = CARTESIAN_POINT('',(-142.875,-54.625,14.05032537961));
#2777 = SURFACE_CURVE('',#2778,(#2782,#2788),.PCURVE_S1.);
#2778 = LINE('',#2779,#2780);
#2779 = CARTESIAN_POINT('',(-142.875,-54.625,2.5));
#2780 = VECTOR('',#2781,1.);
#2781 = DIRECTION('',(-0.,-0.,-1.));
#2782 = PCURVE('',#995,#2783);
#2783 = DEFINITIONAL_REPRESENTATION('',(#2784),#2787);
#2784 = B_SPLINE_CURVE_WITH_KNOTS('',1,(#2785,#2786),.UNSPECIFIED.,.F.,
  .F.,(2,2),(-11.55032597961,5.999999999062E-07),
  .PIECEWISE_BEZIER_KNOTS.);
#2785 = CARTESIAN_POINT('',(4.81409918308,142.875));
#2786 = CARTESIAN_POINT('',(16.36442576269,142.875));
#2787 = ( GEOMETRIC_REPRESENTATION_CONTEXT(2) 
PARAMETRIC_REPRESENTATION_CONTEXT() REPRESENTATION_CONTEXT('2D SPACE',''
  ) );
#2788 = PCURVE('',#2789,#2794);
#2789 = CYLINDRICAL_SURFACE('',#2790,5.);
#2790 = AXIS2_PLACEMENT_3D('',#2791,#2792,#2793);
#2791 = CARTESIAN_POINT('',(-145.875,-50.625,2.5));
#2792 = DIRECTION('',(-0.,-0.,-1.));
#2793 = DIRECTION('',(1.,0.,0.));
#2794 = DEFINITIONAL_REPRESENTATION('',(#2795),#2798);
#2795 = B_SPLINE_CURVE_WITH_KNOTS('',1,(#2796,#2797),.UNSPECIFIED.,.F.,
  .F.,(2,2),(-11.55032537961,-0.),.PIECEWISE_BEZIER_KNOTS.);
#2796 = CARTESIAN_POINT('',(-5.355890089178,-11.55032537961));
#2797 = CARTESIAN_POINT('',(-5.355890089178,0.));
#2798 = ( GEOMETRIC_REPRESENTATION_CONTEXT(2) 
PARAMETRIC_REPRESENTATION_CONTEXT() REPRESENTATION_CONTEXT('2D SPACE',''
  ) );
#2799 = ORIENTED_EDGE('',*,*,#2800,.F.);
#2800 = EDGE_CURVE('',#2801,#2775,#2803,.T.);
#2801 = VERTEX_POINT('',#2802);
#2802 = CARTESIAN_POINT('',(-148.875,-54.625,14.05032537961));
#2803 = SURFACE_CURVE('',#2804,(#2808,#2814),.PCURVE_S1.);
#2804 = LINE('',#2805,#2806);
#2805 = CARTESIAN_POINT('',(-72.9375,-54.625,14.05032537961));
#2806 = VECTOR('',#2807,1.);
#2807 = DIRECTION('',(1.,0.,-0.));
#2808 = PCURVE('',#995,#2809);
#2809 = DEFINITIONAL_REPRESENTATION('',(#2810),#2813);
#2810 = B_SPLINE_CURVE_WITH_KNOTS('',1,(#2811,#2812),.UNSPECIFIED.,.F.,
  .F.,(2,2),(-76.9375,-67.9375),.PIECEWISE_BEZIER_KNOTS.);
#2811 = CARTESIAN_POINT('',(4.81409978308,149.875));
#2812 = CARTESIAN_POINT('',(4.81409978308,140.875));
#2813 = ( GEOMETRIC_REPRESENTATION_CONTEXT(2) 
PARAMETRIC_REPRESENTATION_CONTEXT() REPRESENTATION_CONTEXT('2D SPACE',''
  ) );
#2814 = PCURVE('',#2815,#2820);
#2815 = PLANE('',#2816);
#2816 = AXIS2_PLACEMENT_3D('',#2817,#2818,#2819);
#2817 = CARTESIAN_POINT('',(-145.875,-50.625,14.05032537961));
#2818 = DIRECTION('',(0.,0.,1.));
#2819 = DIRECTION('',(1.,0.,-0.));
#2820 = DEFINITIONAL_REPRESENTATION('',(#2821),#2824);
#2821 = B_SPLINE_CURVE_WITH_KNOTS('',1,(#2822,#2823),.UNSPECIFIED.,.F.,
  .F.,(2,2),(-76.9375,-67.9375),.PIECEWISE_BEZIER_KNOTS.);
#2822 = CARTESIAN_POINT('',(-4.,-4.));
#2823 = CARTESIAN_POINT('',(5.,-4.));
#2824 = ( GEOMETRIC_REPRESENTATION_CONTEXT(2) 
PARAMETRIC_REPRESENTATION_CONTEXT() REPRESENTATION_CONTEXT('2D SPACE',''
  ) );
#2825 = ORIENTED_EDGE('',*,*,#2826,.T.);
#2826 = EDGE_CURVE('',#2801,#2827,#2829,.T.);
#2827 = VERTEX_POINT('',#2828);
#2828 = CARTESIAN_POINT('',(-148.875,-54.625,2.5));
#2829 = SURFACE_CURVE('',#2830,(#2834,#2840),.PCURVE_S1.);
#2830 = LINE('',#2831,#2832);
#2831 = CARTESIAN_POINT('',(-148.875,-54.625,2.5));
#2832 = VECTOR('',#2833,1.);
#2833 = DIRECTION('',(-0.,-0.,-1.));
#2834 = PCURVE('',#995,#2835);
#2835 = DEFINITIONAL_REPRESENTATION('',(#2836),#2839);
#2836 = B_SPLINE_CURVE_WITH_KNOTS('',1,(#2837,#2838),.UNSPECIFIED.,.F.,
  .F.,(2,2),(-11.55032597961,5.999999999062E-07),
  .PIECEWISE_BEZIER_KNOTS.);
#2837 = CARTESIAN_POINT('',(4.81409918308,148.875));
#2838 = CARTESIAN_POINT('',(16.36442576269,148.875));
#2839 = ( GEOMETRIC_REPRESENTATION_CONTEXT(2) 
PARAMETRIC_REPRESENTATION_CONTEXT() REPRESENTATION_CONTEXT('2D SPACE',''
  ) );
#2840 = PCURVE('',#2841,#2846);
#2841 = CYLINDRICAL_SURFACE('',#2842,5.);
#2842 = AXIS2_PLACEMENT_3D('',#2843,#2844,#2845);
#2843 = CARTESIAN_POINT('',(-145.875,-50.625,2.5));
#2844 = DIRECTION('',(-0.,-0.,-1.));
#2845 = DIRECTION('',(1.,0.,0.));
#2846 = DEFINITIONAL_REPRESENTATION('',(#2847),#2850);
#2847 = B_SPLINE_CURVE_WITH_KNOTS('',1,(#2848,#2849),.UNSPECIFIED.,.F.,
  .F.,(2,2),(-11.55032597961,5.999999999062E-07),
  .PIECEWISE_BEZIER_KNOTS.);
#2848 = CARTESIAN_POINT('',(-4.068887871591,-11.55032597961));
#2849 = CARTESIAN_POINT('',(-4.068887871591,5.999999999062E-07));
#2850 = ( GEOMETRIC_REPRESENTATION_CONTEXT(2) 
PARAMETRIC_REPRESENTATION_CONTEXT() REPRESENTATION_CONTEXT('2D SPACE',''
  ) );
#2851 = ORIENTED_EDGE('',*,*,#2852,.T.);
#2852 = EDGE_CURVE('',#2827,#2353,#2853,.T.);
#2853 = SURFACE_CURVE('',#2854,(#2858,#2865),.PCURVE_S1.);
#2854 = LINE('',#2855,#2856);
#2855 = CARTESIAN_POINT('',(149.875,-54.625,2.5));
#2856 = VECTOR('',#2857,1.);
#2857 = DIRECTION('',(-1.,0.,0.));
#2858 = PCURVE('',#995,#2859);
#2859 = DEFINITIONAL_REPRESENTATION('',(#2860),#2864);
#2860 = LINE('',#2861,#2862);
#2861 = CARTESIAN_POINT('',(16.36442516269,-149.875));
#2862 = VECTOR('',#2863,1.);
#2863 = DIRECTION('',(0.,1.));
#2864 = ( GEOMETRIC_REPRESENTATION_CONTEXT(2) 
PARAMETRIC_REPRESENTATION_CONTEXT() REPRESENTATION_CONTEXT('2D SPACE',''
  ) );
#2865 = PCURVE('',#2866,#2871);
#2866 = PLANE('',#2867);
#2867 = AXIS2_PLACEMENT_3D('',#2868,#2869,#2870);
#2868 = CARTESIAN_POINT('',(0.,-54.625,2.5));
#2869 = DIRECTION('',(0.,0.,1.));
#2870 = DIRECTION('',(0.,1.,0.));
#2871 = DEFINITIONAL_REPRESENTATION('',(#2872),#2876);
#2872 = LINE('',#2873,#2874);
#2873 = CARTESIAN_POINT('',(0.,-149.875));
#2874 = VECTOR('',#2875,1.);
#2875 = DIRECTION('',(0.,1.));
#2876 = ( GEOMETRIC_REPRESENTATION_CONTEXT(2) 
PARAMETRIC_REPRESENTATION_CONTEXT() REPRESENTATION_CONTEXT('2D SPACE',''
  ) );
#2877 = ADVANCED_FACE('',(#2878),#969,.T.);
#2878 = FACE_BOUND('',#2879,.T.);
#2879 = EDGE_LOOP('',(#2880,#2903,#2904,#2905,#2906,#2929,#2950,#2971,
    #2992,#3015,#3041,#3067,#3088,#3111,#3132,#3153));
#2880 = ORIENTED_EDGE('',*,*,#2881,.T.);
#2881 = EDGE_CURVE('',#2882,#1430,#2884,.T.);
#2882 = VERTEX_POINT('',#2883);
#2883 = CARTESIAN_POINT('',(-149.875,53.625,2.5));
#2884 = SURFACE_CURVE('',#2885,(#2889,#2896),.PCURVE_S1.);
#2885 = LINE('',#2886,#2887);
#2886 = CARTESIAN_POINT('',(-149.875,-54.625,2.5));
#2887 = VECTOR('',#2888,1.);
#2888 = DIRECTION('',(0.,1.,0.));
#2889 = PCURVE('',#969,#2890);
#2890 = DEFINITIONAL_REPRESENTATION('',(#2891),#2895);
#2891 = LINE('',#2892,#2893);
#2892 = CARTESIAN_POINT('',(-11.70077624266,57.357484231786));
#2893 = VECTOR('',#2894,1.);
#2894 = DIRECTION('',(0.,-1.));
#2895 = ( GEOMETRIC_REPRESENTATION_CONTEXT(2) 
PARAMETRIC_REPRESENTATION_CONTEXT() REPRESENTATION_CONTEXT('2D SPACE',''
  ) );
#2896 = PCURVE('',#1468,#2897);
#2897 = DEFINITIONAL_REPRESENTATION('',(#2898),#2902);
#2898 = LINE('',#2899,#2900);
#2899 = CARTESIAN_POINT('',(0.,149.875));
#2900 = VECTOR('',#2901,1.);
#2901 = DIRECTION('',(1.,0.));
#2902 = ( GEOMETRIC_REPRESENTATION_CONTEXT(2) 
PARAMETRIC_REPRESENTATION_CONTEXT() REPRESENTATION_CONTEXT('2D SPACE',''
  ) );
#2903 = ORIENTED_EDGE('',*,*,#1429,.T.);
#2904 = ORIENTED_EDGE('',*,*,#954,.T.);
#2905 = ORIENTED_EDGE('',*,*,#2352,.T.);
#2906 = ORIENTED_EDGE('',*,*,#2907,.T.);
#2907 = EDGE_CURVE('',#2353,#2908,#2910,.T.);
#2908 = VERTEX_POINT('',#2909);
#2909 = CARTESIAN_POINT('',(-149.875,-53.625,2.5));
#2910 = SURFACE_CURVE('',#2911,(#2915,#2922),.PCURVE_S1.);
#2911 = LINE('',#2912,#2913);
#2912 = CARTESIAN_POINT('',(-149.875,-54.625,2.5));
#2913 = VECTOR('',#2914,1.);
#2914 = DIRECTION('',(0.,1.,0.));
#2915 = PCURVE('',#969,#2916);
#2916 = DEFINITIONAL_REPRESENTATION('',(#2917),#2921);
#2917 = LINE('',#2918,#2919);
#2918 = CARTESIAN_POINT('',(-11.70077624266,57.357484231786));
#2919 = VECTOR('',#2920,1.);
#2920 = DIRECTION('',(0.,-1.));
#2921 = ( GEOMETRIC_REPRESENTATION_CONTEXT(2) 
PARAMETRIC_REPRESENTATION_CONTEXT() REPRESENTATION_CONTEXT('2D SPACE',''
  ) );
#2922 = PCURVE('',#2866,#2923);
#2923 = DEFINITIONAL_REPRESENTATION('',(#2924),#2928);
#2924 = LINE('',#2925,#2926);
#2925 = CARTESIAN_POINT('',(0.,149.875));
#2926 = VECTOR('',#2927,1.);
#2927 = DIRECTION('',(1.,0.));
#2928 = ( GEOMETRIC_REPRESENTATION_CONTEXT(2) 
PARAMETRIC_REPRESENTATION_CONTEXT() REPRESENTATION_CONTEXT('2D SPACE',''
  ) );
#2929 = ORIENTED_EDGE('',*,*,#2930,.F.);
#2930 = EDGE_CURVE('',#2931,#2908,#2933,.T.);
#2931 = VERTEX_POINT('',#2932);
#2932 = CARTESIAN_POINT('',(-149.875,-53.625,14.05032537961));
#2933 = SURFACE_CURVE('',#2934,(#2938,#2944),.PCURVE_S1.);
#2934 = LINE('',#2935,#2936);
#2935 = CARTESIAN_POINT('',(-149.875,-53.625,2.5));
#2936 = VECTOR('',#2937,1.);
#2937 = DIRECTION('',(-0.,-0.,-1.));
#2938 = PCURVE('',#969,#2939);
#2939 = DEFINITIONAL_REPRESENTATION('',(#2940),#2943);
#2940 = B_SPLINE_CURVE_WITH_KNOTS('',1,(#2941,#2942),.UNSPECIFIED.,.F.,
  .F.,(2,2),(-11.55032597961,5.999999999062E-07),
  .PIECEWISE_BEZIER_KNOTS.);
#2941 = CARTESIAN_POINT('',(-0.150450263059,56.357484231786));
#2942 = CARTESIAN_POINT('',(-11.70077684266,56.357484231786));
#2943 = ( GEOMETRIC_REPRESENTATION_CONTEXT(2) 
PARAMETRIC_REPRESENTATION_CONTEXT() REPRESENTATION_CONTEXT('2D SPACE',''
  ) );
#2944 = PCURVE('',#2841,#2945);
#2945 = DEFINITIONAL_REPRESENTATION('',(#2946),#2949);
#2946 = B_SPLINE_CURVE_WITH_KNOTS('',1,(#2947,#2948),.UNSPECIFIED.,.F.,
  .F.,(2,2),(-11.55032597961,5.999999999062E-07),
  .PIECEWISE_BEZIER_KNOTS.);
#2947 = CARTESIAN_POINT('',(-3.785093762383,-11.55032597961));
#2948 = CARTESIAN_POINT('',(-3.785093762383,5.999999999062E-07));
#2949 = ( GEOMETRIC_REPRESENTATION_CONTEXT(2) 
PARAMETRIC_REPRESENTATION_CONTEXT() REPRESENTATION_CONTEXT('2D SPACE',''
  ) );
#2950 = ORIENTED_EDGE('',*,*,#2951,.F.);
#2951 = EDGE_CURVE('',#2952,#2931,#2954,.T.);
#2952 = VERTEX_POINT('',#2953);
#2953 = CARTESIAN_POINT('',(-149.875,-47.625,14.05032537961));
#2954 = SURFACE_CURVE('',#2955,(#2959,#2965),.PCURVE_S1.);
#2955 = LINE('',#2956,#2957);
#2956 = CARTESIAN_POINT('',(-149.875,-23.9462578841,14.05032537961));
#2957 = VECTOR('',#2958,1.);
#2958 = DIRECTION('',(0.,-1.,0.));
#2959 = PCURVE('',#969,#2960);
#2960 = DEFINITIONAL_REPRESENTATION('',(#2961),#2964);
#2961 = B_SPLINE_CURVE_WITH_KNOTS('',1,(#2962,#2963),.UNSPECIFIED.,.F.,
  .F.,(2,2),(21.678742115893,30.678742115893),.PIECEWISE_BEZIER_KNOTS.);
#2962 = CARTESIAN_POINT('',(-0.150450863059,48.357484231786));
#2963 = CARTESIAN_POINT('',(-0.150450863059,57.357484231786));
#2964 = ( GEOMETRIC_REPRESENTATION_CONTEXT(2) 
PARAMETRIC_REPRESENTATION_CONTEXT() REPRESENTATION_CONTEXT('2D SPACE',''
  ) );
#2965 = PCURVE('',#2815,#2966);
#2966 = DEFINITIONAL_REPRESENTATION('',(#2967),#2970);
#2967 = B_SPLINE_CURVE_WITH_KNOTS('',1,(#2968,#2969),.UNSPECIFIED.,.F.,
  .F.,(2,2),(21.678742115893,30.678742115893),.PIECEWISE_BEZIER_KNOTS.);
#2968 = CARTESIAN_POINT('',(-4.,5.));
#2969 = CARTESIAN_POINT('',(-4.,-4.));
#2970 = ( GEOMETRIC_REPRESENTATION_CONTEXT(2) 
PARAMETRIC_REPRESENTATION_CONTEXT() REPRESENTATION_CONTEXT('2D SPACE',''
  ) );
#2971 = ORIENTED_EDGE('',*,*,#2972,.T.);
#2972 = EDGE_CURVE('',#2952,#2973,#2975,.T.);
#2973 = VERTEX_POINT('',#2974);
#2974 = CARTESIAN_POINT('',(-149.875,-47.625,2.5));
#2975 = SURFACE_CURVE('',#2976,(#2980,#2986),.PCURVE_S1.);
#2976 = LINE('',#2977,#2978);
#2977 = CARTESIAN_POINT('',(-149.875,-47.625,2.5));
#2978 = VECTOR('',#2979,1.);
#2979 = DIRECTION('',(-0.,-0.,-1.));
#2980 = PCURVE('',#969,#2981);
#2981 = DEFINITIONAL_REPRESENTATION('',(#2982),#2985);
#2982 = B_SPLINE_CURVE_WITH_KNOTS('',1,(#2983,#2984),.UNSPECIFIED.,.F.,
  .F.,(2,2),(-11.55032597961,5.999999999062E-07),
  .PIECEWISE_BEZIER_KNOTS.);
#2983 = CARTESIAN_POINT('',(-0.150450263059,50.357484231786));
#2984 = CARTESIAN_POINT('',(-11.70077684266,50.357484231786));
#2985 = ( GEOMETRIC_REPRESENTATION_CONTEXT(2) 
PARAMETRIC_REPRESENTATION_CONTEXT() REPRESENTATION_CONTEXT('2D SPACE',''
  ) );
#2986 = PCURVE('',#2789,#2987);
#2987 = DEFINITIONAL_REPRESENTATION('',(#2988),#2991);
#2988 = B_SPLINE_CURVE_WITH_KNOTS('',1,(#2989,#2990),.UNSPECIFIED.,.F.,
  .F.,(2,2),(-11.55032537961,-0.),.PIECEWISE_BEZIER_KNOTS.);
#2989 = CARTESIAN_POINT('',(-8.781276851976,-11.55032537961));
#2990 = CARTESIAN_POINT('',(-8.781276851976,0.));
#2991 = ( GEOMETRIC_REPRESENTATION_CONTEXT(2) 
PARAMETRIC_REPRESENTATION_CONTEXT() REPRESENTATION_CONTEXT('2D SPACE',''
  ) );
#2992 = ORIENTED_EDGE('',*,*,#2993,.T.);
#2993 = EDGE_CURVE('',#2973,#2994,#2996,.T.);
#2994 = VERTEX_POINT('',#2995);
#2995 = CARTESIAN_POINT('',(-149.875,-3.,2.5));
#2996 = SURFACE_CURVE('',#2997,(#3001,#3008),.PCURVE_S1.);
#2997 = LINE('',#2998,#2999);
#2998 = CARTESIAN_POINT('',(-149.875,-54.625,2.5));
#2999 = VECTOR('',#3000,1.);
#3000 = DIRECTION('',(0.,1.,0.));
#3001 = PCURVE('',#969,#3002);
#3002 = DEFINITIONAL_REPRESENTATION('',(#3003),#3007);
#3003 = LINE('',#3004,#3005);
#3004 = CARTESIAN_POINT('',(-11.70077624266,57.357484231786));
#3005 = VECTOR('',#3006,1.);
#3006 = DIRECTION('',(0.,-1.));
#3007 = ( GEOMETRIC_REPRESENTATION_CONTEXT(2) 
PARAMETRIC_REPRESENTATION_CONTEXT() REPRESENTATION_CONTEXT('2D SPACE',''
  ) );
#3008 = PCURVE('',#1574,#3009);
#3009 = DEFINITIONAL_REPRESENTATION('',(#3010),#3014);
#3010 = LINE('',#3011,#3012);
#3011 = CARTESIAN_POINT('',(0.,149.875));
#3012 = VECTOR('',#3013,1.);
#3013 = DIRECTION('',(1.,0.));
#3014 = ( GEOMETRIC_REPRESENTATION_CONTEXT(2) 
PARAMETRIC_REPRESENTATION_CONTEXT() REPRESENTATION_CONTEXT('2D SPACE',''
  ) );
#3015 = ORIENTED_EDGE('',*,*,#3016,.F.);
#3016 = EDGE_CURVE('',#3017,#2994,#3019,.T.);
#3017 = VERTEX_POINT('',#3018);
#3018 = CARTESIAN_POINT('',(-149.875,-3.,20.2));
#3019 = SURFACE_CURVE('',#3020,(#3024,#3030),.PCURVE_S1.);
#3020 = LINE('',#3021,#3022);
#3021 = CARTESIAN_POINT('',(-149.875,-3.,2.5));
#3022 = VECTOR('',#3023,1.);
#3023 = DIRECTION('',(-0.,-0.,-1.));
#3024 = PCURVE('',#969,#3025);
#3025 = DEFINITIONAL_REPRESENTATION('',(#3026),#3029);
#3026 = B_SPLINE_CURVE_WITH_KNOTS('',1,(#3027,#3028),.UNSPECIFIED.,.F.,
  .F.,(2,2),(-17.7000006,5.999999999062E-07),.PIECEWISE_BEZIER_KNOTS.);
#3027 = CARTESIAN_POINT('',(5.999224357332,5.732484231786));
#3028 = CARTESIAN_POINT('',(-11.70077684266,5.732484231786));
#3029 = ( GEOMETRIC_REPRESENTATION_CONTEXT(2) 
PARAMETRIC_REPRESENTATION_CONTEXT() REPRESENTATION_CONTEXT('2D SPACE',''
  ) );
#3030 = PCURVE('',#3031,#3036);
#3031 = CYLINDRICAL_SURFACE('',#3032,5.);
#3032 = AXIS2_PLACEMENT_3D('',#3033,#3034,#3035);
#3033 = CARTESIAN_POINT('',(-145.875,0.,2.5));
#3034 = DIRECTION('',(-0.,-0.,-1.));
#3035 = DIRECTION('',(1.,0.,0.));
#3036 = DEFINITIONAL_REPRESENTATION('',(#3037),#3040);
#3037 = B_SPLINE_CURVE_WITH_KNOTS('',1,(#3038,#3039),.UNSPECIFIED.,.F.,
  .F.,(2,2),(-17.7,0.),.PIECEWISE_BEZIER_KNOTS.);
#3038 = CARTESIAN_POINT('',(-3.785093762383,-17.7));
#3039 = CARTESIAN_POINT('',(-3.785093762383,0.));
#3040 = ( GEOMETRIC_REPRESENTATION_CONTEXT(2) 
PARAMETRIC_REPRESENTATION_CONTEXT() REPRESENTATION_CONTEXT('2D SPACE',''
  ) );
#3041 = ORIENTED_EDGE('',*,*,#3042,.F.);
#3042 = EDGE_CURVE('',#3043,#3017,#3045,.T.);
#3043 = VERTEX_POINT('',#3044);
#3044 = CARTESIAN_POINT('',(-149.875,3.,20.2));
#3045 = SURFACE_CURVE('',#3046,(#3050,#3056),.PCURVE_S1.);
#3046 = LINE('',#3047,#3048);
#3047 = CARTESIAN_POINT('',(-149.875,1.366242115893,20.2));
#3048 = VECTOR('',#3049,1.);
#3049 = DIRECTION('',(0.,-1.,0.));
#3050 = PCURVE('',#969,#3051);
#3051 = DEFINITIONAL_REPRESENTATION('',(#3052),#3055);
#3052 = B_SPLINE_CURVE_WITH_KNOTS('',1,(#3053,#3054),.UNSPECIFIED.,.F.,
  .F.,(2,2),(-3.633757884107,6.366242115893),.PIECEWISE_BEZIER_KNOTS.);
#3053 = CARTESIAN_POINT('',(5.999223757332,-2.267515768214));
#3054 = CARTESIAN_POINT('',(5.999223757332,7.732484231786));
#3055 = ( GEOMETRIC_REPRESENTATION_CONTEXT(2) 
PARAMETRIC_REPRESENTATION_CONTEXT() REPRESENTATION_CONTEXT('2D SPACE',''
  ) );
#3056 = PCURVE('',#3057,#3062);
#3057 = PLANE('',#3058);
#3058 = AXIS2_PLACEMENT_3D('',#3059,#3060,#3061);
#3059 = CARTESIAN_POINT('',(-145.875,6.938022664999E-17,20.2));
#3060 = DIRECTION('',(0.,0.,1.));
#3061 = DIRECTION('',(1.,0.,-0.));
#3062 = DEFINITIONAL_REPRESENTATION('',(#3063),#3066);
#3063 = B_SPLINE_CURVE_WITH_KNOTS('',1,(#3064,#3065),.UNSPECIFIED.,.F.,
  .F.,(2,2),(-3.633757884107,6.366242115893),.PIECEWISE_BEZIER_KNOTS.);
#3064 = CARTESIAN_POINT('',(-4.,5.));
#3065 = CARTESIAN_POINT('',(-4.,-5.));
#3066 = ( GEOMETRIC_REPRESENTATION_CONTEXT(2) 
PARAMETRIC_REPRESENTATION_CONTEXT() REPRESENTATION_CONTEXT('2D SPACE',''
  ) );
#3067 = ORIENTED_EDGE('',*,*,#3068,.T.);
#3068 = EDGE_CURVE('',#3043,#3069,#3071,.T.);
#3069 = VERTEX_POINT('',#3070);
#3070 = CARTESIAN_POINT('',(-149.875,3.,2.5));
#3071 = SURFACE_CURVE('',#3072,(#3076,#3082),.PCURVE_S1.);
#3072 = LINE('',#3073,#3074);
#3073 = CARTESIAN_POINT('',(-149.875,3.,2.5));
#3074 = VECTOR('',#3075,1.);
#3075 = DIRECTION('',(-0.,-0.,-1.));
#3076 = PCURVE('',#969,#3077);
#3077 = DEFINITIONAL_REPRESENTATION('',(#3078),#3081);
#3078 = B_SPLINE_CURVE_WITH_KNOTS('',1,(#3079,#3080),.UNSPECIFIED.,.F.,
  .F.,(2,2),(-17.7000006,5.999999999062E-07),.PIECEWISE_BEZIER_KNOTS.);
#3079 = CARTESIAN_POINT('',(5.999224357332,-0.267515768214));
#3080 = CARTESIAN_POINT('',(-11.70077684266,-0.267515768214));
#3081 = ( GEOMETRIC_REPRESENTATION_CONTEXT(2) 
PARAMETRIC_REPRESENTATION_CONTEXT() REPRESENTATION_CONTEXT('2D SPACE',''
  ) );
#3082 = PCURVE('',#3031,#3083);
#3083 = DEFINITIONAL_REPRESENTATION('',(#3084),#3087);
#3084 = B_SPLINE_CURVE_WITH_KNOTS('',1,(#3085,#3086),.UNSPECIFIED.,.F.,
  .F.,(2,2),(-17.7,-0.),.PIECEWISE_BEZIER_KNOTS.);
#3085 = CARTESIAN_POINT('',(-8.781276851976,-17.7));
#3086 = CARTESIAN_POINT('',(-8.781276851976,0.));
#3087 = ( GEOMETRIC_REPRESENTATION_CONTEXT(2) 
PARAMETRIC_REPRESENTATION_CONTEXT() REPRESENTATION_CONTEXT('2D SPACE',''
  ) );
#3088 = ORIENTED_EDGE('',*,*,#3089,.T.);
#3089 = EDGE_CURVE('',#3069,#3090,#3092,.T.);
#3090 = VERTEX_POINT('',#3091);
#3091 = CARTESIAN_POINT('',(-149.875,47.625,2.5));
#3092 = SURFACE_CURVE('',#3093,(#3097,#3104),.PCURVE_S1.);
#3093 = LINE('',#3094,#3095);
#3094 = CARTESIAN_POINT('',(-149.875,-54.625,2.5));
#3095 = VECTOR('',#3096,1.);
#3096 = DIRECTION('',(0.,1.,0.));
#3097 = PCURVE('',#969,#3098);
#3098 = DEFINITIONAL_REPRESENTATION('',(#3099),#3103);
#3099 = LINE('',#3100,#3101);
#3100 = CARTESIAN_POINT('',(-11.70077624266,57.357484231786));
#3101 = VECTOR('',#3102,1.);
#3102 = DIRECTION('',(0.,-1.));
#3103 = ( GEOMETRIC_REPRESENTATION_CONTEXT(2) 
PARAMETRIC_REPRESENTATION_CONTEXT() REPRESENTATION_CONTEXT('2D SPACE',''
  ) );
#3104 = PCURVE('',#1574,#3105);
#3105 = DEFINITIONAL_REPRESENTATION('',(#3106),#3110);
#3106 = LINE('',#3107,#3108);
#3107 = CARTESIAN_POINT('',(0.,149.875));
#3108 = VECTOR('',#3109,1.);
#3109 = DIRECTION('',(1.,0.));
#3110 = ( GEOMETRIC_REPRESENTATION_CONTEXT(2) 
PARAMETRIC_REPRESENTATION_CONTEXT() REPRESENTATION_CONTEXT('2D SPACE',''
  ) );
#3111 = ORIENTED_EDGE('',*,*,#3112,.F.);
#3112 = EDGE_CURVE('',#3113,#3090,#3115,.T.);
#3113 = VERTEX_POINT('',#3114);
#3114 = CARTESIAN_POINT('',(-149.875,47.625,26.34967462039));
#3115 = SURFACE_CURVE('',#3116,(#3120,#3126),.PCURVE_S1.);
#3116 = LINE('',#3117,#3118);
#3117 = CARTESIAN_POINT('',(-149.875,47.625,2.5));
#3118 = VECTOR('',#3119,1.);
#3119 = DIRECTION('',(-0.,-0.,-1.));
#3120 = PCURVE('',#969,#3121);
#3121 = DEFINITIONAL_REPRESENTATION('',(#3122),#3125);
#3122 = B_SPLINE_CURVE_WITH_KNOTS('',1,(#3123,#3124),.UNSPECIFIED.,.F.,
  .F.,(2,2),(-23.84967522039,5.999999999062E-07),
  .PIECEWISE_BEZIER_KNOTS.);
#3123 = CARTESIAN_POINT('',(12.148898977722,-44.89251576821));
#3124 = CARTESIAN_POINT('',(-11.70077684266,-44.89251576821));
#3125 = ( GEOMETRIC_REPRESENTATION_CONTEXT(2) 
PARAMETRIC_REPRESENTATION_CONTEXT() REPRESENTATION_CONTEXT('2D SPACE',''
  ) );
#3126 = PCURVE('',#1547,#3127);
#3127 = DEFINITIONAL_REPRESENTATION('',(#3128),#3131);
#3128 = B_SPLINE_CURVE_WITH_KNOTS('',1,(#3129,#3130),.UNSPECIFIED.,.F.,
  .F.,(2,2),(-23.84967462039,0.),.PIECEWISE_BEZIER_KNOTS.);
#3129 = CARTESIAN_POINT('',(-3.785093762383,-23.84967462039));
#3130 = CARTESIAN_POINT('',(-3.785093762383,0.));
#3131 = ( GEOMETRIC_REPRESENTATION_CONTEXT(2) 
PARAMETRIC_REPRESENTATION_CONTEXT() REPRESENTATION_CONTEXT('2D SPACE',''
  ) );
#3132 = ORIENTED_EDGE('',*,*,#3133,.F.);
#3133 = EDGE_CURVE('',#3134,#3113,#3136,.T.);
#3134 = VERTEX_POINT('',#3135);
#3135 = CARTESIAN_POINT('',(-149.875,53.625,26.34967462039));
#3136 = SURFACE_CURVE('',#3137,(#3141,#3147),.PCURVE_S1.);
#3137 = LINE('',#3138,#3139);
#3138 = CARTESIAN_POINT('',(-149.875,26.678742115893,26.34967462039));
#3139 = VECTOR('',#3140,1.);
#3140 = DIRECTION('',(0.,-1.,0.));
#3141 = PCURVE('',#969,#3142);
#3142 = DEFINITIONAL_REPRESENTATION('',(#3143),#3146);
#3143 = B_SPLINE_CURVE_WITH_KNOTS('',1,(#3144,#3145),.UNSPECIFIED.,.F.,
  .F.,(2,2),(-27.9462578841,-18.9462578841),.PIECEWISE_BEZIER_KNOTS.);
#3144 = CARTESIAN_POINT('',(12.148898377722,-51.89251576821));
#3145 = CARTESIAN_POINT('',(12.148898377722,-42.89251576821));
#3146 = ( GEOMETRIC_REPRESENTATION_CONTEXT(2) 
PARAMETRIC_REPRESENTATION_CONTEXT() REPRESENTATION_CONTEXT('2D SPACE',''
  ) );
#3147 = PCURVE('',#1521,#3148);
#3148 = DEFINITIONAL_REPRESENTATION('',(#3149),#3152);
#3149 = B_SPLINE_CURVE_WITH_KNOTS('',1,(#3150,#3151),.UNSPECIFIED.,.F.,
  .F.,(2,2),(-27.9462578841,-18.9462578841),.PIECEWISE_BEZIER_KNOTS.);
#3150 = CARTESIAN_POINT('',(-4.,4.));
#3151 = CARTESIAN_POINT('',(-4.,-5.));
#3152 = ( GEOMETRIC_REPRESENTATION_CONTEXT(2) 
PARAMETRIC_REPRESENTATION_CONTEXT() REPRESENTATION_CONTEXT('2D SPACE',''
  ) );
#3153 = ORIENTED_EDGE('',*,*,#3154,.T.);
#3154 = EDGE_CURVE('',#3134,#2882,#3155,.T.);
#3155 = SURFACE_CURVE('',#3156,(#3160,#3166),.PCURVE_S1.);
#3156 = LINE('',#3157,#3158);
#3157 = CARTESIAN_POINT('',(-149.875,53.625,2.5));
#3158 = VECTOR('',#3159,1.);
#3159 = DIRECTION('',(-0.,-0.,-1.));
#3160 = PCURVE('',#969,#3161);
#3161 = DEFINITIONAL_REPRESENTATION('',(#3162),#3165);
#3162 = B_SPLINE_CURVE_WITH_KNOTS('',1,(#3163,#3164),.UNSPECIFIED.,.F.,
  .F.,(2,2),(-23.84967522039,5.999999999062E-07),
  .PIECEWISE_BEZIER_KNOTS.);
#3163 = CARTESIAN_POINT('',(12.148898977722,-50.89251576821));
#3164 = CARTESIAN_POINT('',(-11.70077684266,-50.89251576821));
#3165 = ( GEOMETRIC_REPRESENTATION_CONTEXT(2) 
PARAMETRIC_REPRESENTATION_CONTEXT() REPRESENTATION_CONTEXT('2D SPACE',''
  ) );
#3166 = PCURVE('',#1495,#3167);
#3167 = DEFINITIONAL_REPRESENTATION('',(#3168),#3171);
#3168 = B_SPLINE_CURVE_WITH_KNOTS('',1,(#3169,#3170),.UNSPECIFIED.,.F.,
  .F.,(2,2),(-23.84967522039,5.999999999062E-07),
  .PIECEWISE_BEZIER_KNOTS.);
#3169 = CARTESIAN_POINT('',(-2.498091544797,-23.84967522039));
#3170 = CARTESIAN_POINT('',(-2.498091544797,5.999999999062E-07));
#3171 = ( GEOMETRIC_REPRESENTATION_CONTEXT(2) 
PARAMETRIC_REPRESENTATION_CONTEXT() REPRESENTATION_CONTEXT('2D SPACE',''
  ) );
#3172 = ADVANCED_FACE('',(#3173),#1468,.T.);
#3173 = FACE_BOUND('',#3174,.T.);
#3174 = EDGE_LOOP('',(#3175,#3176,#3198));
#3175 = ORIENTED_EDGE('',*,*,#2881,.F.);
#3176 = ORIENTED_EDGE('',*,*,#3177,.F.);
#3177 = EDGE_CURVE('',#1453,#2882,#3178,.T.);
#3178 = SURFACE_CURVE('',#3179,(#3184,#3191),.PCURVE_S1.);
#3179 = CIRCLE('',#3180,5.);
#3180 = AXIS2_PLACEMENT_3D('',#3181,#3182,#3183);
#3181 = CARTESIAN_POINT('',(-145.875,50.625,2.5));
#3182 = DIRECTION('',(0.,0.,1.));
#3183 = DIRECTION('',(1.,0.,0.));
#3184 = PCURVE('',#1468,#3185);
#3185 = DEFINITIONAL_REPRESENTATION('',(#3186),#3190);
#3186 = CIRCLE('',#3187,5.);
#3187 = AXIS2_PLACEMENT_2D('',#3188,#3189);
#3188 = CARTESIAN_POINT('',(105.25,145.875));
#3189 = DIRECTION('',(0.,-1.));
#3190 = ( GEOMETRIC_REPRESENTATION_CONTEXT(2) 
PARAMETRIC_REPRESENTATION_CONTEXT() REPRESENTATION_CONTEXT('2D SPACE',''
  ) );
#3191 = PCURVE('',#1495,#3192);
#3192 = DEFINITIONAL_REPRESENTATION('',(#3193),#3197);
#3193 = LINE('',#3194,#3195);
#3194 = CARTESIAN_POINT('',(-0.,0.));
#3195 = VECTOR('',#3196,1.);
#3196 = DIRECTION('',(-1.,0.));
#3197 = ( GEOMETRIC_REPRESENTATION_CONTEXT(2) 
PARAMETRIC_REPRESENTATION_CONTEXT() REPRESENTATION_CONTEXT('2D SPACE',''
  ) );
#3198 = ORIENTED_EDGE('',*,*,#1452,.F.);
#3199 = ADVANCED_FACE('',(#3200),#1495,.T.);
#3200 = FACE_BOUND('',#3201,.F.);
#3201 = EDGE_LOOP('',(#3202,#3203,#3204,#3226));
#3202 = ORIENTED_EDGE('',*,*,#3177,.F.);
#3203 = ORIENTED_EDGE('',*,*,#1480,.F.);
#3204 = ORIENTED_EDGE('',*,*,#3205,.T.);
#3205 = EDGE_CURVE('',#1481,#3134,#3206,.T.);
#3206 = SURFACE_CURVE('',#3207,(#3212,#3219),.PCURVE_S1.);
#3207 = CIRCLE('',#3208,5.);
#3208 = AXIS2_PLACEMENT_3D('',#3209,#3210,#3211);
#3209 = CARTESIAN_POINT('',(-145.875,50.625,26.34967462039));
#3210 = DIRECTION('',(0.,0.,1.));
#3211 = DIRECTION('',(1.,0.,0.));
#3212 = PCURVE('',#1495,#3213);
#3213 = DEFINITIONAL_REPRESENTATION('',(#3214),#3218);
#3214 = LINE('',#3215,#3216);
#3215 = CARTESIAN_POINT('',(-0.,-23.84967462039));
#3216 = VECTOR('',#3217,1.);
#3217 = DIRECTION('',(-1.,0.));
#3218 = ( GEOMETRIC_REPRESENTATION_CONTEXT(2) 
PARAMETRIC_REPRESENTATION_CONTEXT() REPRESENTATION_CONTEXT('2D SPACE',''
  ) );
#3219 = PCURVE('',#1521,#3220);
#3220 = DEFINITIONAL_REPRESENTATION('',(#3221),#3225);
#3221 = CIRCLE('',#3222,5.);
#3222 = AXIS2_PLACEMENT_2D('',#3223,#3224);
#3223 = CARTESIAN_POINT('',(0.,-7.105427357601E-15));
#3224 = DIRECTION('',(1.,0.));
#3225 = ( GEOMETRIC_REPRESENTATION_CONTEXT(2) 
PARAMETRIC_REPRESENTATION_CONTEXT() REPRESENTATION_CONTEXT('2D SPACE',''
  ) );
#3226 = ORIENTED_EDGE('',*,*,#3154,.T.);
#3227 = ADVANCED_FACE('',(#3228,#3259),#1521,.T.);
#3228 = FACE_BOUND('',#3229,.T.);
#3229 = EDGE_LOOP('',(#3230,#3231,#3257,#3258));
#3230 = ORIENTED_EDGE('',*,*,#3133,.T.);
#3231 = ORIENTED_EDGE('',*,*,#3232,.F.);
#3232 = EDGE_CURVE('',#1507,#3113,#3233,.T.);
#3233 = SURFACE_CURVE('',#3234,(#3239,#3250),.PCURVE_S1.);
#3234 = CIRCLE('',#3235,5.);
#3235 = AXIS2_PLACEMENT_3D('',#3236,#3237,#3238);
#3236 = CARTESIAN_POINT('',(-145.875,50.625,26.34967462039));
#3237 = DIRECTION('',(0.,0.,-1.));
#3238 = DIRECTION('',(0.6,0.8,0.));
#3239 = PCURVE('',#1521,#3240);
#3240 = DEFINITIONAL_REPRESENTATION('',(#3241),#3249);
#3241 = ( BOUNDED_CURVE() B_SPLINE_CURVE(2,(#3242,#3243,#3244,#3245,
#3246,#3247,#3248),.UNSPECIFIED.,.T.,.F.) B_SPLINE_CURVE_WITH_KNOTS((1,2
    ,2,2,2,1),(-2.094395102393,0.,2.094395102393,4.188790204786,
6.28318530718,8.377580409573),.UNSPECIFIED.) CURVE() 
GEOMETRIC_REPRESENTATION_ITEM() RATIONAL_B_SPLINE_CURVE((1.,0.5,1.,0.5,
1.,0.5,1.)) REPRESENTATION_ITEM('') );
#3242 = CARTESIAN_POINT('',(3.,4.));
#3243 = CARTESIAN_POINT('',(9.928203230276,-1.196152422707));
#3244 = CARTESIAN_POINT('',(1.964101615138,-4.598076211353));
#3245 = CARTESIAN_POINT('',(-6.,-8.));
#3246 = CARTESIAN_POINT('',(-4.964101615138,0.598076211353));
#3247 = CARTESIAN_POINT('',(-3.928203230276,9.196152422707));
#3248 = CARTESIAN_POINT('',(3.,4.));
#3249 = ( GEOMETRIC_REPRESENTATION_CONTEXT(2) 
PARAMETRIC_REPRESENTATION_CONTEXT() REPRESENTATION_CONTEXT('2D SPACE',''
  ) );
#3250 = PCURVE('',#1547,#3251);
#3251 = DEFINITIONAL_REPRESENTATION('',(#3252),#3256);
#3252 = LINE('',#3253,#3254);
#3253 = CARTESIAN_POINT('',(-7.210480525181,-23.84967462039));
#3254 = VECTOR('',#3255,1.);
#3255 = DIRECTION('',(1.,-0.));
#3256 = ( GEOMETRIC_REPRESENTATION_CONTEXT(2) 
PARAMETRIC_REPRESENTATION_CONTEXT() REPRESENTATION_CONTEXT('2D SPACE',''
  ) );
#3257 = ORIENTED_EDGE('',*,*,#1506,.T.);
#3258 = ORIENTED_EDGE('',*,*,#3205,.T.);
#3259 = FACE_BOUND('',#3260,.T.);
#3260 = EDGE_LOOP('',(#3261));
#3261 = ORIENTED_EDGE('',*,*,#3262,.T.);
#3262 = EDGE_CURVE('',#3263,#3263,#3265,.T.);
#3263 = VERTEX_POINT('',#3264);
#3264 = CARTESIAN_POINT('',(-144.125,50.625,26.34967462039));
#3265 = SURFACE_CURVE('',#3266,(#3271,#3282),.PCURVE_S1.);
#3266 = CIRCLE('',#3267,1.75);
#3267 = AXIS2_PLACEMENT_3D('',#3268,#3269,#3270);
#3268 = CARTESIAN_POINT('',(-145.875,50.625,26.34967462039));
#3269 = DIRECTION('',(0.,0.,-1.));
#3270 = DIRECTION('',(1.,0.,0.));
#3271 = PCURVE('',#1521,#3272);
#3272 = DEFINITIONAL_REPRESENTATION('',(#3273),#3281);
#3273 = ( BOUNDED_CURVE() B_SPLINE_CURVE(2,(#3274,#3275,#3276,#3277,
#3278,#3279,#3280),.UNSPECIFIED.,.T.,.F.) B_SPLINE_CURVE_WITH_KNOTS((1,2
    ,2,2,2,1),(-2.094395102393,0.,2.094395102393,4.188790204786,
6.28318530718,8.377580409573),.UNSPECIFIED.) CURVE() 
GEOMETRIC_REPRESENTATION_ITEM() RATIONAL_B_SPLINE_CURVE((1.,0.5,1.,0.5,
1.,0.5,1.)) REPRESENTATION_ITEM('') );
#3274 = CARTESIAN_POINT('',(1.75,-7.105427357601E-15));
#3275 = CARTESIAN_POINT('',(1.75,-3.031088913246));
#3276 = CARTESIAN_POINT('',(-0.875,-1.515544456623));
#3277 = CARTESIAN_POINT('',(-3.5,-7.534053737303E-15));
#3278 = CARTESIAN_POINT('',(-0.875,1.515544456623));
#3279 = CARTESIAN_POINT('',(1.75,3.031088913246));
#3280 = CARTESIAN_POINT('',(1.75,-7.105427357601E-15));
#3281 = ( GEOMETRIC_REPRESENTATION_CONTEXT(2) 
PARAMETRIC_REPRESENTATION_CONTEXT() REPRESENTATION_CONTEXT('2D SPACE',''
  ) );
#3282 = PCURVE('',#3283,#3288);
#3283 = CYLINDRICAL_SURFACE('',#3284,1.75);
#3284 = AXIS2_PLACEMENT_3D('',#3285,#3286,#3287);
#3285 = CARTESIAN_POINT('',(-145.875,50.625,20.14967462039));
#3286 = DIRECTION('',(-0.,-0.,-1.));
#3287 = DIRECTION('',(1.,0.,0.));
#3288 = DEFINITIONAL_REPRESENTATION('',(#3289),#3293);
#3289 = LINE('',#3290,#3291);
#3290 = CARTESIAN_POINT('',(-6.28318530718,-6.2));
#3291 = VECTOR('',#3292,1.);
#3292 = DIRECTION('',(1.,-0.));
#3293 = ( GEOMETRIC_REPRESENTATION_CONTEXT(2) 
PARAMETRIC_REPRESENTATION_CONTEXT() REPRESENTATION_CONTEXT('2D SPACE',''
  ) );
#3294 = ADVANCED_FACE('',(#3295),#1968,.T.);
#3295 = FACE_BOUND('',#3296,.T.);
#3296 = EDGE_LOOP('',(#3297,#3319,#3320));
#3297 = ORIENTED_EDGE('',*,*,#3298,.F.);
#3298 = EDGE_CURVE('',#2016,#1927,#3299,.T.);
#3299 = SURFACE_CURVE('',#3300,(#3305,#3312),.PCURVE_S1.);
#3300 = CIRCLE('',#3301,5.);
#3301 = AXIS2_PLACEMENT_3D('',#3302,#3303,#3304);
#3302 = CARTESIAN_POINT('',(145.875,50.625,2.5));
#3303 = DIRECTION('',(0.,0.,1.));
#3304 = DIRECTION('',(1.,0.,0.));
#3305 = PCURVE('',#1968,#3306);
#3306 = DEFINITIONAL_REPRESENTATION('',(#3307),#3311);
#3307 = CIRCLE('',#3308,5.);
#3308 = AXIS2_PLACEMENT_2D('',#3309,#3310);
#3309 = CARTESIAN_POINT('',(105.25,-145.875));
#3310 = DIRECTION('',(0.,-1.));
#3311 = ( GEOMETRIC_REPRESENTATION_CONTEXT(2) 
PARAMETRIC_REPRESENTATION_CONTEXT() REPRESENTATION_CONTEXT('2D SPACE',''
  ) );
#3312 = PCURVE('',#1941,#3313);
#3313 = DEFINITIONAL_REPRESENTATION('',(#3314),#3318);
#3314 = LINE('',#3315,#3316);
#3315 = CARTESIAN_POINT('',(-0.,0.));
#3316 = VECTOR('',#3317,1.);
#3317 = DIRECTION('',(-1.,0.));
#3318 = ( GEOMETRIC_REPRESENTATION_CONTEXT(2) 
PARAMETRIC_REPRESENTATION_CONTEXT() REPRESENTATION_CONTEXT('2D SPACE',''
  ) );
#3319 = ORIENTED_EDGE('',*,*,#2015,.T.);
#3320 = ORIENTED_EDGE('',*,*,#1952,.F.);
#3321 = ADVANCED_FACE('',(#3322),#1547,.T.);
#3322 = FACE_BOUND('',#3323,.F.);
#3323 = EDGE_LOOP('',(#3324,#3350,#3351,#3352));
#3324 = ORIENTED_EDGE('',*,*,#3325,.T.);
#3325 = EDGE_CURVE('',#1533,#3090,#3326,.T.);
#3326 = SURFACE_CURVE('',#3327,(#3332,#3339),.PCURVE_S1.);
#3327 = CIRCLE('',#3328,5.);
#3328 = AXIS2_PLACEMENT_3D('',#3329,#3330,#3331);
#3329 = CARTESIAN_POINT('',(-145.875,50.625,2.5));
#3330 = DIRECTION('',(0.,0.,-1.));
#3331 = DIRECTION('',(0.6,0.8,0.));
#3332 = PCURVE('',#1547,#3333);
#3333 = DEFINITIONAL_REPRESENTATION('',(#3334),#3338);
#3334 = LINE('',#3335,#3336);
#3335 = CARTESIAN_POINT('',(-7.210480525181,0.));
#3336 = VECTOR('',#3337,1.);
#3337 = DIRECTION('',(1.,-0.));
#3338 = ( GEOMETRIC_REPRESENTATION_CONTEXT(2) 
PARAMETRIC_REPRESENTATION_CONTEXT() REPRESENTATION_CONTEXT('2D SPACE',''
  ) );
#3339 = PCURVE('',#1574,#3340);
#3340 = DEFINITIONAL_REPRESENTATION('',(#3341),#3349);
#3341 = ( BOUNDED_CURVE() B_SPLINE_CURVE(2,(#3342,#3343,#3344,#3345,
#3346,#3347,#3348),.UNSPECIFIED.,.T.,.F.) B_SPLINE_CURVE_WITH_KNOTS((1,2
    ,2,2,2,1),(-2.094395102393,0.,2.094395102393,4.188790204786,
6.28318530718,8.377580409573),.UNSPECIFIED.) CURVE() 
GEOMETRIC_REPRESENTATION_ITEM() RATIONAL_B_SPLINE_CURVE((1.,0.5,1.,0.5,
1.,0.5,1.)) REPRESENTATION_ITEM('') );
#3342 = CARTESIAN_POINT('',(109.25,142.875));
#3343 = CARTESIAN_POINT('',(104.05384757729,135.94679676972));
#3344 = CARTESIAN_POINT('',(100.65192378864,143.91089838486));
#3345 = CARTESIAN_POINT('',(97.25,151.875));
#3346 = CARTESIAN_POINT('',(105.84807621135,150.83910161513));
#3347 = CARTESIAN_POINT('',(114.4461524227,149.80320323027));
#3348 = CARTESIAN_POINT('',(109.25,142.875));
#3349 = ( GEOMETRIC_REPRESENTATION_CONTEXT(2) 
PARAMETRIC_REPRESENTATION_CONTEXT() REPRESENTATION_CONTEXT('2D SPACE',''
  ) );
#3350 = ORIENTED_EDGE('',*,*,#3112,.F.);
#3351 = ORIENTED_EDGE('',*,*,#3232,.F.);
#3352 = ORIENTED_EDGE('',*,*,#1532,.T.);
#3353 = ADVANCED_FACE('',(#3354),#1941,.T.);
#3354 = FACE_BOUND('',#3355,.F.);
#3355 = EDGE_LOOP('',(#3356,#3357,#3358,#3380));
#3356 = ORIENTED_EDGE('',*,*,#3298,.F.);
#3357 = ORIENTED_EDGE('',*,*,#2330,.F.);
#3358 = ORIENTED_EDGE('',*,*,#3359,.T.);
#3359 = EDGE_CURVE('',#2310,#1901,#3360,.T.);
#3360 = SURFACE_CURVE('',#3361,(#3366,#3373),.PCURVE_S1.);
#3361 = CIRCLE('',#3362,5.);
#3362 = AXIS2_PLACEMENT_3D('',#3363,#3364,#3365);
#3363 = CARTESIAN_POINT('',(145.875,50.625,26.34967462039));
#3364 = DIRECTION('',(0.,0.,1.));
#3365 = DIRECTION('',(1.,0.,0.));
#3366 = PCURVE('',#1941,#3367);
#3367 = DEFINITIONAL_REPRESENTATION('',(#3368),#3372);
#3368 = LINE('',#3369,#3370);
#3369 = CARTESIAN_POINT('',(-0.,-23.84967462039));
#3370 = VECTOR('',#3371,1.);
#3371 = DIRECTION('',(-1.,0.));
#3372 = ( GEOMETRIC_REPRESENTATION_CONTEXT(2) 
PARAMETRIC_REPRESENTATION_CONTEXT() REPRESENTATION_CONTEXT('2D SPACE',''
  ) );
#3373 = PCURVE('',#1915,#3374);
#3374 = DEFINITIONAL_REPRESENTATION('',(#3375),#3379);
#3375 = CIRCLE('',#3376,5.);
#3376 = AXIS2_PLACEMENT_2D('',#3377,#3378);
#3377 = CARTESIAN_POINT('',(2.84217094304E-14,-7.105427357601E-15));
#3378 = DIRECTION('',(1.,0.));
#3379 = ( GEOMETRIC_REPRESENTATION_CONTEXT(2) 
PARAMETRIC_REPRESENTATION_CONTEXT() REPRESENTATION_CONTEXT('2D SPACE',''
  ) );
#3380 = ORIENTED_EDGE('',*,*,#1926,.T.);
#3381 = ADVANCED_FACE('',(#3382,#3671,#3702,#3870),#1574,.T.);
#3382 = FACE_BOUND('',#3383,.T.);
#3383 = EDGE_LOOP('',(#3384,#3385,#3407,#3408,#3430,#3431,#3453,#3454,
    #3480,#3481,#3507,#3508,#3534,#3535,#3536,#3537,#3563,#3564,#3590,
    #3591,#3617,#3618,#3644,#3645));
#3384 = ORIENTED_EDGE('',*,*,#2463,.F.);
#3385 = ORIENTED_EDGE('',*,*,#3386,.F.);
#3386 = EDGE_CURVE('',#2144,#2443,#3387,.T.);
#3387 = SURFACE_CURVE('',#3388,(#3393,#3400),.PCURVE_S1.);
#3388 = CIRCLE('',#3389,5.);
#3389 = AXIS2_PLACEMENT_3D('',#3390,#3391,#3392);
#3390 = CARTESIAN_POINT('',(145.875,-50.625,2.5));
#3391 = DIRECTION('',(0.,0.,1.));
#3392 = DIRECTION('',(1.,0.,0.));
#3393 = PCURVE('',#1574,#3394);
#3394 = DEFINITIONAL_REPRESENTATION('',(#3395),#3399);
#3395 = CIRCLE('',#3396,5.);
#3396 = AXIS2_PLACEMENT_2D('',#3397,#3398);
#3397 = CARTESIAN_POINT('',(4.,-145.875));
#3398 = DIRECTION('',(0.,-1.));
#3399 = ( GEOMETRIC_REPRESENTATION_CONTEXT(2) 
PARAMETRIC_REPRESENTATION_CONTEXT() REPRESENTATION_CONTEXT('2D SPACE',''
  ) );
#3400 = PCURVE('',#2158,#3401);
#3401 = DEFINITIONAL_REPRESENTATION('',(#3402),#3406);
#3402 = LINE('',#3403,#3404);
#3403 = CARTESIAN_POINT('',(-0.,0.));
#3404 = VECTOR('',#3405,1.);
#3405 = DIRECTION('',(-1.,0.));
#3406 = ( GEOMETRIC_REPRESENTATION_CONTEXT(2) 
PARAMETRIC_REPRESENTATION_CONTEXT() REPRESENTATION_CONTEXT('2D SPACE',''
  ) );
#3407 = ORIENTED_EDGE('',*,*,#2169,.T.);
#3408 = ORIENTED_EDGE('',*,*,#3409,.F.);
#3409 = EDGE_CURVE('',#2245,#2170,#3410,.T.);
#3410 = SURFACE_CURVE('',#3411,(#3416,#3423),.PCURVE_S1.);
#3411 = CIRCLE('',#3412,5.);
#3412 = AXIS2_PLACEMENT_3D('',#3413,#3414,#3415);
#3413 = CARTESIAN_POINT('',(145.875,0.,2.5));
#3414 = DIRECTION('',(0.,0.,1.));
#3415 = DIRECTION('',(1.,0.,0.));
#3416 = PCURVE('',#1574,#3417);
#3417 = DEFINITIONAL_REPRESENTATION('',(#3418),#3422);
#3418 = CIRCLE('',#3419,5.);
#3419 = AXIS2_PLACEMENT_2D('',#3420,#3421);
#3420 = CARTESIAN_POINT('',(54.625,-145.875));
#3421 = DIRECTION('',(0.,-1.));
#3422 = ( GEOMETRIC_REPRESENTATION_CONTEXT(2) 
PARAMETRIC_REPRESENTATION_CONTEXT() REPRESENTATION_CONTEXT('2D SPACE',''
  ) );
#3423 = PCURVE('',#2207,#3424);
#3424 = DEFINITIONAL_REPRESENTATION('',(#3425),#3429);
#3425 = LINE('',#3426,#3427);
#3426 = CARTESIAN_POINT('',(-0.,0.));
#3427 = VECTOR('',#3428,1.);
#3428 = DIRECTION('',(-1.,0.));
#3429 = ( GEOMETRIC_REPRESENTATION_CONTEXT(2) 
PARAMETRIC_REPRESENTATION_CONTEXT() REPRESENTATION_CONTEXT('2D SPACE',''
  ) );
#3430 = ORIENTED_EDGE('',*,*,#2265,.T.);
#3431 = ORIENTED_EDGE('',*,*,#3432,.F.);
#3432 = EDGE_CURVE('',#1852,#2266,#3433,.T.);
#3433 = SURFACE_CURVE('',#3434,(#3439,#3446),.PCURVE_S1.);
#3434 = CIRCLE('',#3435,5.);
#3435 = AXIS2_PLACEMENT_3D('',#3436,#3437,#3438);
#3436 = CARTESIAN_POINT('',(145.875,50.625,2.5));
#3437 = DIRECTION('',(0.,0.,1.));
#3438 = DIRECTION('',(1.,0.,0.));
#3439 = PCURVE('',#1574,#3440);
#3440 = DEFINITIONAL_REPRESENTATION('',(#3441),#3445);
#3441 = CIRCLE('',#3442,5.);
#3442 = AXIS2_PLACEMENT_2D('',#3443,#3444);
#3443 = CARTESIAN_POINT('',(105.25,-145.875));
#3444 = DIRECTION('',(0.,-1.));
#3445 = ( GEOMETRIC_REPRESENTATION_CONTEXT(2) 
PARAMETRIC_REPRESENTATION_CONTEXT() REPRESENTATION_CONTEXT('2D SPACE',''
  ) );
#3446 = PCURVE('',#1889,#3447);
#3447 = DEFINITIONAL_REPRESENTATION('',(#3448),#3452);
#3448 = LINE('',#3449,#3450);
#3449 = CARTESIAN_POINT('',(-0.,0.));
#3450 = VECTOR('',#3451,1.);
#3451 = DIRECTION('',(-1.,0.));
#3452 = ( GEOMETRIC_REPRESENTATION_CONTEXT(2) 
PARAMETRIC_REPRESENTATION_CONTEXT() REPRESENTATION_CONTEXT('2D SPACE',''
  ) );
#3453 = ORIENTED_EDGE('',*,*,#1851,.F.);
#3454 = ORIENTED_EDGE('',*,*,#3455,.T.);
#3455 = EDGE_CURVE('',#1831,#1756,#3456,.T.);
#3456 = SURFACE_CURVE('',#3457,(#3462,#3473),.PCURVE_S1.);
#3457 = CIRCLE('',#3458,5.);
#3458 = AXIS2_PLACEMENT_3D('',#3459,#3460,#3461);
#3459 = CARTESIAN_POINT('',(76.4375,50.625,2.5));
#3460 = DIRECTION('',(0.,0.,-1.));
#3461 = DIRECTION('',(0.6,0.8,0.));
#3462 = PCURVE('',#1574,#3463);
#3463 = DEFINITIONAL_REPRESENTATION('',(#3464),#3472);
#3464 = ( BOUNDED_CURVE() B_SPLINE_CURVE(2,(#3465,#3466,#3467,#3468,
#3469,#3470,#3471),.UNSPECIFIED.,.T.,.F.) B_SPLINE_CURVE_WITH_KNOTS((1,2
    ,2,2,2,1),(-2.094395102393,0.,2.094395102393,4.188790204786,
6.28318530718,8.377580409573),.UNSPECIFIED.) CURVE() 
GEOMETRIC_REPRESENTATION_ITEM() RATIONAL_B_SPLINE_CURVE((1.,0.5,1.,0.5,
1.,0.5,1.)) REPRESENTATION_ITEM('') );
#3465 = CARTESIAN_POINT('',(109.25,-79.4375));
#3466 = CARTESIAN_POINT('',(104.05384757729,-86.36570323027));
#3467 = CARTESIAN_POINT('',(100.65192378864,-78.40160161513));
#3468 = CARTESIAN_POINT('',(97.25,-70.4375));
#3469 = CARTESIAN_POINT('',(105.84807621135,-71.47339838486));
#3470 = CARTESIAN_POINT('',(114.4461524227,-72.50929676972));
#3471 = CARTESIAN_POINT('',(109.25,-79.4375));
#3472 = ( GEOMETRIC_REPRESENTATION_CONTEXT(2) 
PARAMETRIC_REPRESENTATION_CONTEXT() REPRESENTATION_CONTEXT('2D SPACE',''
  ) );
#3473 = PCURVE('',#1793,#3474);
#3474 = DEFINITIONAL_REPRESENTATION('',(#3475),#3479);
#3475 = LINE('',#3476,#3477);
#3476 = CARTESIAN_POINT('',(-7.210480525181,0.));
#3477 = VECTOR('',#3478,1.);
#3478 = DIRECTION('',(1.,-0.));
#3479 = ( GEOMETRIC_REPRESENTATION_CONTEXT(2) 
PARAMETRIC_REPRESENTATION_CONTEXT() REPRESENTATION_CONTEXT('2D SPACE',''
  ) );
#3480 = ORIENTED_EDGE('',*,*,#1755,.F.);
#3481 = ORIENTED_EDGE('',*,*,#3482,.T.);
#3482 = EDGE_CURVE('',#1735,#1660,#3483,.T.);
#3483 = SURFACE_CURVE('',#3484,(#3489,#3500),.PCURVE_S1.);
#3484 = CIRCLE('',#3485,5.);
#3485 = AXIS2_PLACEMENT_3D('',#3486,#3487,#3488);
#3486 = CARTESIAN_POINT('',(0.,50.625,2.5));
#3487 = DIRECTION('',(0.,0.,-1.));
#3488 = DIRECTION('',(0.6,0.8,0.));
#3489 = PCURVE('',#1574,#3490);
#3490 = DEFINITIONAL_REPRESENTATION('',(#3491),#3499);
#3491 = ( BOUNDED_CURVE() B_SPLINE_CURVE(2,(#3492,#3493,#3494,#3495,
#3496,#3497,#3498),.UNSPECIFIED.,.T.,.F.) B_SPLINE_CURVE_WITH_KNOTS((1,2
    ,2,2,2,1),(-2.094395102393,0.,2.094395102393,4.188790204786,
6.28318530718,8.377580409573),.UNSPECIFIED.) CURVE() 
GEOMETRIC_REPRESENTATION_ITEM() RATIONAL_B_SPLINE_CURVE((1.,0.5,1.,0.5,
1.,0.5,1.)) REPRESENTATION_ITEM('') );
#3492 = CARTESIAN_POINT('',(109.25,-3.));
#3493 = CARTESIAN_POINT('',(104.05384757729,-9.928203230275));
#3494 = CARTESIAN_POINT('',(100.65192378864,-1.964101615138));
#3495 = CARTESIAN_POINT('',(97.25,6.));
#3496 = CARTESIAN_POINT('',(105.84807621135,4.964101615138));
#3497 = CARTESIAN_POINT('',(114.4461524227,3.928203230275));
#3498 = CARTESIAN_POINT('',(109.25,-3.));
#3499 = ( GEOMETRIC_REPRESENTATION_CONTEXT(2) 
PARAMETRIC_REPRESENTATION_CONTEXT() REPRESENTATION_CONTEXT('2D SPACE',''
  ) );
#3500 = PCURVE('',#1697,#3501);
#3501 = DEFINITIONAL_REPRESENTATION('',(#3502),#3506);
#3502 = LINE('',#3503,#3504);
#3503 = CARTESIAN_POINT('',(-7.210480525181,0.));
#3504 = VECTOR('',#3505,1.);
#3505 = DIRECTION('',(1.,-0.));
#3506 = ( GEOMETRIC_REPRESENTATION_CONTEXT(2) 
PARAMETRIC_REPRESENTATION_CONTEXT() REPRESENTATION_CONTEXT('2D SPACE',''
  ) );
#3507 = ORIENTED_EDGE('',*,*,#1659,.F.);
#3508 = ORIENTED_EDGE('',*,*,#3509,.T.);
#3509 = EDGE_CURVE('',#1639,#1559,#3510,.T.);
#3510 = SURFACE_CURVE('',#3511,(#3516,#3527),.PCURVE_S1.);
#3511 = CIRCLE('',#3512,5.);
#3512 = AXIS2_PLACEMENT_3D('',#3513,#3514,#3515);
#3513 = CARTESIAN_POINT('',(-70.,50.625,2.5));
#3514 = DIRECTION('',(0.,0.,-1.));
#3515 = DIRECTION('',(0.6,0.8,0.));
#3516 = PCURVE('',#1574,#3517);
#3517 = DEFINITIONAL_REPRESENTATION('',(#3518),#3526);
#3518 = ( BOUNDED_CURVE() B_SPLINE_CURVE(2,(#3519,#3520,#3521,#3522,
#3523,#3524,#3525),.UNSPECIFIED.,.T.,.F.) B_SPLINE_CURVE_WITH_KNOTS((1,2
    ,2,2,2,1),(-2.094395102393,0.,2.094395102393,4.188790204786,
6.28318530718,8.377580409573),.UNSPECIFIED.) CURVE() 
GEOMETRIC_REPRESENTATION_ITEM() RATIONAL_B_SPLINE_CURVE((1.,0.5,1.,0.5,
1.,0.5,1.)) REPRESENTATION_ITEM('') );
#3519 = CARTESIAN_POINT('',(109.25,67.));
#3520 = CARTESIAN_POINT('',(104.05384757729,60.071796769725));
#3521 = CARTESIAN_POINT('',(100.65192378864,68.035898384862));
#3522 = CARTESIAN_POINT('',(97.25,76.));
#3523 = CARTESIAN_POINT('',(105.84807621135,74.964101615138));
#3524 = CARTESIAN_POINT('',(114.4461524227,73.928203230275));
#3525 = CARTESIAN_POINT('',(109.25,67.));
#3526 = ( GEOMETRIC_REPRESENTATION_CONTEXT(2) 
PARAMETRIC_REPRESENTATION_CONTEXT() REPRESENTATION_CONTEXT('2D SPACE',''
  ) );
#3527 = PCURVE('',#1601,#3528);
#3528 = DEFINITIONAL_REPRESENTATION('',(#3529),#3533);
#3529 = LINE('',#3530,#3531);
#3530 = CARTESIAN_POINT('',(-7.210480525181,0.));
#3531 = VECTOR('',#3532,1.);
#3532 = DIRECTION('',(1.,-0.));
#3533 = ( GEOMETRIC_REPRESENTATION_CONTEXT(2) 
PARAMETRIC_REPRESENTATION_CONTEXT() REPRESENTATION_CONTEXT('2D SPACE',''
  ) );
#3534 = ORIENTED_EDGE('',*,*,#1558,.F.);
#3535 = ORIENTED_EDGE('',*,*,#3325,.T.);
#3536 = ORIENTED_EDGE('',*,*,#3089,.F.);
#3537 = ORIENTED_EDGE('',*,*,#3538,.T.);
#3538 = EDGE_CURVE('',#3069,#2994,#3539,.T.);
#3539 = SURFACE_CURVE('',#3540,(#3545,#3556),.PCURVE_S1.);
#3540 = CIRCLE('',#3541,5.);
#3541 = AXIS2_PLACEMENT_3D('',#3542,#3543,#3544);
#3542 = CARTESIAN_POINT('',(-145.875,0.,2.5));
#3543 = DIRECTION('',(0.,0.,-1.));
#3544 = DIRECTION('',(-0.8,0.6,0.));
#3545 = PCURVE('',#1574,#3546);
#3546 = DEFINITIONAL_REPRESENTATION('',(#3547),#3555);
#3547 = ( BOUNDED_CURVE() B_SPLINE_CURVE(2,(#3548,#3549,#3550,#3551,
#3552,#3553,#3554),.UNSPECIFIED.,.T.,.F.) B_SPLINE_CURVE_WITH_KNOTS((1,2
    ,2,2,2,1),(-2.094395102393,0.,2.094395102393,4.188790204786,
6.28318530718,8.377580409573),.UNSPECIFIED.) CURVE() 
GEOMETRIC_REPRESENTATION_ITEM() RATIONAL_B_SPLINE_CURVE((1.,0.5,1.,0.5,
1.,0.5,1.)) REPRESENTATION_ITEM('') );
#3548 = CARTESIAN_POINT('',(57.625,149.875));
#3549 = CARTESIAN_POINT('',(64.553203230275,144.67884757729));
#3550 = CARTESIAN_POINT('',(56.589101615138,141.27692378864));
#3551 = CARTESIAN_POINT('',(48.625,137.875));
#3552 = CARTESIAN_POINT('',(49.660898384862,146.47307621135));
#3553 = CARTESIAN_POINT('',(50.696796769725,155.0711524227));
#3554 = CARTESIAN_POINT('',(57.625,149.875));
#3555 = ( GEOMETRIC_REPRESENTATION_CONTEXT(2) 
PARAMETRIC_REPRESENTATION_CONTEXT() REPRESENTATION_CONTEXT('2D SPACE',''
  ) );
#3556 = PCURVE('',#3031,#3557);
#3557 = DEFINITIONAL_REPRESENTATION('',(#3558),#3562);
#3558 = LINE('',#3559,#3560);
#3559 = CARTESIAN_POINT('',(-8.781276851976,0.));
#3560 = VECTOR('',#3561,1.);
#3561 = DIRECTION('',(1.,-0.));
#3562 = ( GEOMETRIC_REPRESENTATION_CONTEXT(2) 
PARAMETRIC_REPRESENTATION_CONTEXT() REPRESENTATION_CONTEXT('2D SPACE',''
  ) );
#3563 = ORIENTED_EDGE('',*,*,#2993,.F.);
#3564 = ORIENTED_EDGE('',*,*,#3565,.T.);
#3565 = EDGE_CURVE('',#2973,#2752,#3566,.T.);
#3566 = SURFACE_CURVE('',#3567,(#3572,#3583),.PCURVE_S1.);
#3567 = CIRCLE('',#3568,5.);
#3568 = AXIS2_PLACEMENT_3D('',#3569,#3570,#3571);
#3569 = CARTESIAN_POINT('',(-145.875,-50.625,2.5));
#3570 = DIRECTION('',(0.,0.,-1.));
#3571 = DIRECTION('',(-0.8,0.6,0.));
#3572 = PCURVE('',#1574,#3573);
#3573 = DEFINITIONAL_REPRESENTATION('',(#3574),#3582);
#3574 = ( BOUNDED_CURVE() B_SPLINE_CURVE(2,(#3575,#3576,#3577,#3578,
#3579,#3580,#3581),.UNSPECIFIED.,.T.,.F.) B_SPLINE_CURVE_WITH_KNOTS((1,2
    ,2,2,2,1),(-2.094395102393,0.,2.094395102393,4.188790204786,
6.28318530718,8.377580409573),.UNSPECIFIED.) CURVE() 
GEOMETRIC_REPRESENTATION_ITEM() RATIONAL_B_SPLINE_CURVE((1.,0.5,1.,0.5,
1.,0.5,1.)) REPRESENTATION_ITEM('') );
#3575 = CARTESIAN_POINT('',(7.,149.875));
#3576 = CARTESIAN_POINT('',(13.928203230275,144.67884757729));
#3577 = CARTESIAN_POINT('',(5.964101615138,141.27692378864));
#3578 = CARTESIAN_POINT('',(-2.,137.875));
#3579 = CARTESIAN_POINT('',(-0.964101615138,146.47307621135));
#3580 = CARTESIAN_POINT('',(7.179676972463E-02,155.0711524227));
#3581 = CARTESIAN_POINT('',(7.,149.875));
#3582 = ( GEOMETRIC_REPRESENTATION_CONTEXT(2) 
PARAMETRIC_REPRESENTATION_CONTEXT() REPRESENTATION_CONTEXT('2D SPACE',''
  ) );
#3583 = PCURVE('',#2789,#3584);
#3584 = DEFINITIONAL_REPRESENTATION('',(#3585),#3589);
#3585 = LINE('',#3586,#3587);
#3586 = CARTESIAN_POINT('',(-8.781276851976,0.));
#3587 = VECTOR('',#3588,1.);
#3588 = DIRECTION('',(1.,-0.));
#3589 = ( GEOMETRIC_REPRESENTATION_CONTEXT(2) 
PARAMETRIC_REPRESENTATION_CONTEXT() REPRESENTATION_CONTEXT('2D SPACE',''
  ) );
#3590 = ORIENTED_EDGE('',*,*,#2751,.F.);
#3591 = ORIENTED_EDGE('',*,*,#3592,.T.);
#3592 = EDGE_CURVE('',#2731,#2656,#3593,.T.);
#3593 = SURFACE_CURVE('',#3594,(#3599,#3610),.PCURVE_S1.);
#3594 = CIRCLE('',#3595,5.);
#3595 = AXIS2_PLACEMENT_3D('',#3596,#3597,#3598);
#3596 = CARTESIAN_POINT('',(-76.4375,-50.625,2.5));
#3597 = DIRECTION('',(-0.,0.,-1.));
#3598 = DIRECTION('',(-0.6,-0.8,0.));
#3599 = PCURVE('',#1574,#3600);
#3600 = DEFINITIONAL_REPRESENTATION('',(#3601),#3609);
#3601 = ( BOUNDED_CURVE() B_SPLINE_CURVE(2,(#3602,#3603,#3604,#3605,
#3606,#3607,#3608),.UNSPECIFIED.,.T.,.F.) B_SPLINE_CURVE_WITH_KNOTS((1,2
    ,2,2,2,1),(-2.094395102393,0.,2.094395102393,4.188790204786,
6.28318530718,8.377580409573),.UNSPECIFIED.) CURVE() 
GEOMETRIC_REPRESENTATION_ITEM() RATIONAL_B_SPLINE_CURVE((1.,0.5,1.,0.5,
1.,0.5,1.)) REPRESENTATION_ITEM('') );
#3602 = CARTESIAN_POINT('',(2.6645352591E-15,79.4375));
#3603 = CARTESIAN_POINT('',(5.196152422707,86.365703230275));
#3604 = CARTESIAN_POINT('',(8.598076211353,78.401601615138));
#3605 = CARTESIAN_POINT('',(12.,70.4375));
#3606 = CARTESIAN_POINT('',(3.401923788647,71.473398384862));
#3607 = CARTESIAN_POINT('',(-5.196152422707,72.509296769724));
#3608 = CARTESIAN_POINT('',(2.6645352591E-15,79.4375));
#3609 = ( GEOMETRIC_REPRESENTATION_CONTEXT(2) 
PARAMETRIC_REPRESENTATION_CONTEXT() REPRESENTATION_CONTEXT('2D SPACE',''
  ) );
#3610 = PCURVE('',#2693,#3611);
#3611 = DEFINITIONAL_REPRESENTATION('',(#3612),#3616);
#3612 = LINE('',#3613,#3614);
#3613 = CARTESIAN_POINT('',(-10.35207317877,0.));
#3614 = VECTOR('',#3615,1.);
#3615 = DIRECTION('',(1.,-0.));
#3616 = ( GEOMETRIC_REPRESENTATION_CONTEXT(2) 
PARAMETRIC_REPRESENTATION_CONTEXT() REPRESENTATION_CONTEXT('2D SPACE',''
  ) );
#3617 = ORIENTED_EDGE('',*,*,#2655,.F.);
#3618 = ORIENTED_EDGE('',*,*,#3619,.T.);
#3619 = EDGE_CURVE('',#2635,#2560,#3620,.T.);
#3620 = SURFACE_CURVE('',#3621,(#3626,#3637),.PCURVE_S1.);
#3621 = CIRCLE('',#3622,5.);
#3622 = AXIS2_PLACEMENT_3D('',#3623,#3624,#3625);
#3623 = CARTESIAN_POINT('',(0.,-50.625,2.5));
#3624 = DIRECTION('',(-0.,0.,-1.));
#3625 = DIRECTION('',(-0.6,-0.8,0.));
#3626 = PCURVE('',#1574,#3627);
#3627 = DEFINITIONAL_REPRESENTATION('',(#3628),#3636);
#3628 = ( BOUNDED_CURVE() B_SPLINE_CURVE(2,(#3629,#3630,#3631,#3632,
#3633,#3634,#3635),.UNSPECIFIED.,.T.,.F.) B_SPLINE_CURVE_WITH_KNOTS((1,2
    ,2,2,2,1),(-2.094395102393,0.,2.094395102393,4.188790204786,
6.28318530718,8.377580409573),.UNSPECIFIED.) CURVE() 
GEOMETRIC_REPRESENTATION_ITEM() RATIONAL_B_SPLINE_CURVE((1.,0.5,1.,0.5,
1.,0.5,1.)) REPRESENTATION_ITEM('') );
#3629 = CARTESIAN_POINT('',(6.661338147751E-15,3.));
#3630 = CARTESIAN_POINT('',(5.196152422707,9.928203230276));
#3631 = CARTESIAN_POINT('',(8.598076211353,1.964101615138));
#3632 = CARTESIAN_POINT('',(12.,-6.));
#3633 = CARTESIAN_POINT('',(3.401923788647,-4.964101615138));
#3634 = CARTESIAN_POINT('',(-5.196152422707,-3.928203230275));
#3635 = CARTESIAN_POINT('',(6.661338147751E-15,3.));
#3636 = ( GEOMETRIC_REPRESENTATION_CONTEXT(2) 
PARAMETRIC_REPRESENTATION_CONTEXT() REPRESENTATION_CONTEXT('2D SPACE',''
  ) );
#3637 = PCURVE('',#2597,#3638);
#3638 = DEFINITIONAL_REPRESENTATION('',(#3639),#3643);
#3639 = LINE('',#3640,#3641);
#3640 = CARTESIAN_POINT('',(-10.35207317877,0.));
#3641 = VECTOR('',#3642,1.);
#3642 = DIRECTION('',(1.,-0.));
#3643 = ( GEOMETRIC_REPRESENTATION_CONTEXT(2) 
PARAMETRIC_REPRESENTATION_CONTEXT() REPRESENTATION_CONTEXT('2D SPACE',''
  ) );
#3644 = ORIENTED_EDGE('',*,*,#2559,.F.);
#3645 = ORIENTED_EDGE('',*,*,#3646,.T.);
#3646 = EDGE_CURVE('',#2539,#2464,#3647,.T.);
#3647 = SURFACE_CURVE('',#3648,(#3653,#3664),.PCURVE_S1.);
#3648 = CIRCLE('',#3649,5.);
#3649 = AXIS2_PLACEMENT_3D('',#3650,#3651,#3652);
#3650 = CARTESIAN_POINT('',(76.4375,-50.625,2.5));
#3651 = DIRECTION('',(-0.,0.,-1.));
#3652 = DIRECTION('',(-0.6,-0.8,0.));
#3653 = PCURVE('',#1574,#3654);
#3654 = DEFINITIONAL_REPRESENTATION('',(#3655),#3663);
#3655 = ( BOUNDED_CURVE() B_SPLINE_CURVE(2,(#3656,#3657,#3658,#3659,
#3660,#3661,#3662),.UNSPECIFIED.,.T.,.F.) B_SPLINE_CURVE_WITH_KNOTS((1,2
    ,2,2,2,1),(-2.094395102393,0.,2.094395102393,4.188790204786,
6.28318530718,8.377580409573),.UNSPECIFIED.) CURVE() 
GEOMETRIC_REPRESENTATION_ITEM() RATIONAL_B_SPLINE_CURVE((1.,0.5,1.,0.5,
1.,0.5,1.)) REPRESENTATION_ITEM('') );
#3656 = CARTESIAN_POINT('',(7.105427357601E-15,-73.4375));
#3657 = CARTESIAN_POINT('',(5.196152422707,-66.50929676972));
#3658 = CARTESIAN_POINT('',(8.598076211353,-74.47339838486));
#3659 = CARTESIAN_POINT('',(12.,-82.4375));
#3660 = CARTESIAN_POINT('',(3.401923788647,-81.40160161513));
#3661 = CARTESIAN_POINT('',(-5.196152422707,-80.36570323027));
#3662 = CARTESIAN_POINT('',(7.105427357601E-15,-73.4375));
#3663 = ( GEOMETRIC_REPRESENTATION_CONTEXT(2) 
PARAMETRIC_REPRESENTATION_CONTEXT() REPRESENTATION_CONTEXT('2D SPACE',''
  ) );
#3664 = PCURVE('',#2501,#3665);
#3665 = DEFINITIONAL_REPRESENTATION('',(#3666),#3670);
#3666 = LINE('',#3667,#3668);
#3667 = CARTESIAN_POINT('',(-10.35207317877,0.));
#3668 = VECTOR('',#3669,1.);
#3669 = DIRECTION('',(1.,-0.));
#3670 = ( GEOMETRIC_REPRESENTATION_CONTEXT(2) 
PARAMETRIC_REPRESENTATION_CONTEXT() REPRESENTATION_CONTEXT('2D SPACE',''
  ) );
#3671 = FACE_BOUND('',#3672,.T.);
#3672 = EDGE_LOOP('',(#3673));
#3673 = ORIENTED_EDGE('',*,*,#3674,.F.);
#3674 = EDGE_CURVE('',#3675,#3675,#3677,.T.);
#3675 = VERTEX_POINT('',#3676);
#3676 = CARTESIAN_POINT('',(-79.5,46.625,2.5));
#3677 = SURFACE_CURVE('',#3678,(#3683,#3690),.PCURVE_S1.);
#3678 = CIRCLE('',#3679,3.5);
#3679 = AXIS2_PLACEMENT_3D('',#3680,#3681,#3682);
#3680 = CARTESIAN_POINT('',(-83.,46.625,2.5));
#3681 = DIRECTION('',(0.,0.,1.));
#3682 = DIRECTION('',(1.,0.,0.));
#3683 = PCURVE('',#1574,#3684);
#3684 = DEFINITIONAL_REPRESENTATION('',(#3685),#3689);
#3685 = CIRCLE('',#3686,3.5);
#3686 = AXIS2_PLACEMENT_2D('',#3687,#3688);
#3687 = CARTESIAN_POINT('',(101.25,83.));
#3688 = DIRECTION('',(0.,-1.));
#3689 = ( GEOMETRIC_REPRESENTATION_CONTEXT(2) 
PARAMETRIC_REPRESENTATION_CONTEXT() REPRESENTATION_CONTEXT('2D SPACE',''
  ) );
#3690 = PCURVE('',#3691,#3696);
#3691 = CYLINDRICAL_SURFACE('',#3692,3.5);
#3692 = AXIS2_PLACEMENT_3D('',#3693,#3694,#3695);
#3693 = CARTESIAN_POINT('',(-83.,46.625,2.5));
#3694 = DIRECTION('',(-0.,-0.,-1.));
#3695 = DIRECTION('',(1.,0.,0.));
#3696 = DEFINITIONAL_REPRESENTATION('',(#3697),#3701);
#3697 = LINE('',#3698,#3699);
#3698 = CARTESIAN_POINT('',(-0.,0.));
#3699 = VECTOR('',#3700,1.);
#3700 = DIRECTION('',(-1.,0.));
#3701 = ( GEOMETRIC_REPRESENTATION_CONTEXT(2) 
PARAMETRIC_REPRESENTATION_CONTEXT() REPRESENTATION_CONTEXT('2D SPACE',''
  ) );
#3702 = FACE_BOUND('',#3703,.T.);
#3703 = EDGE_LOOP('',(#3704,#3739,#3765,#3794,#3820,#3846));
#3704 = ORIENTED_EDGE('',*,*,#3705,.T.);
#3705 = EDGE_CURVE('',#3706,#3708,#3710,.T.);
#3706 = VERTEX_POINT('',#3707);
#3707 = CARTESIAN_POINT('',(-81.,-10.50271867673,2.5));
#3708 = VERTEX_POINT('',#3709);
#3709 = CARTESIAN_POINT('',(-86.22056381219,-14.74538999251,2.5));
#3710 = SURFACE_CURVE('',#3711,(#3716,#3727),.PCURVE_S1.);
#3711 = CIRCLE('',#3712,3.5);
#3712 = AXIS2_PLACEMENT_3D('',#3713,#3714,#3715);
#3713 = CARTESIAN_POINT('',(-83.,-13.375,2.5));
#3714 = DIRECTION('',(0.,0.,-1.));
#3715 = DIRECTION('',(0.571428571429,0.820651806648,0.));
#3716 = PCURVE('',#1574,#3717);
#3717 = DEFINITIONAL_REPRESENTATION('',(#3718),#3726);
#3718 = ( BOUNDED_CURVE() B_SPLINE_CURVE(2,(#3719,#3720,#3721,#3722,
#3723,#3724,#3725),.UNSPECIFIED.,.T.,.F.) B_SPLINE_CURVE_WITH_KNOTS((1,2
    ,2,2,2,1),(-2.094395102393,0.,2.094395102393,4.188790204786,
6.28318530718,8.377580409573),.UNSPECIFIED.) CURVE() 
GEOMETRIC_REPRESENTATION_ITEM() RATIONAL_B_SPLINE_CURVE((1.,0.5,1.,0.5,
1.,0.5,1.)) REPRESENTATION_ITEM('') );
#3719 = CARTESIAN_POINT('',(44.122281323269,81.));
#3720 = CARTESIAN_POINT('',(40.658179708131,76.025062814467));
#3721 = CARTESIAN_POINT('',(38.081808530797,81.512531407233));
#3722 = CARTESIAN_POINT('',(35.505437353462,87.));
#3723 = CARTESIAN_POINT('',(41.545910145934,86.487468592767));
#3724 = CARTESIAN_POINT('',(47.586382938407,85.974937185533));
#3725 = CARTESIAN_POINT('',(44.122281323269,81.));
#3726 = ( GEOMETRIC_REPRESENTATION_CONTEXT(2) 
PARAMETRIC_REPRESENTATION_CONTEXT() REPRESENTATION_CONTEXT('2D SPACE',''
  ) );
#3727 = PCURVE('',#3728,#3733);
#3728 = CYLINDRICAL_SURFACE('',#3729,3.5);
#3729 = AXIS2_PLACEMENT_3D('',#3730,#3731,#3732);
#3730 = CARTESIAN_POINT('',(-83.,-13.375,2.5));
#3731 = DIRECTION('',(-0.,-0.,-1.));
#3732 = DIRECTION('',(1.,0.,0.));
#3733 = DEFINITIONAL_REPRESENTATION('',(#3734),#3738);
#3734 = LINE('',#3735,#3736);
#3735 = CARTESIAN_POINT('',(-7.245736055064,0.));
#3736 = VECTOR('',#3737,1.);
#3737 = DIRECTION('',(1.,-0.));
#3738 = ( GEOMETRIC_REPRESENTATION_CONTEXT(2) 
PARAMETRIC_REPRESENTATION_CONTEXT() REPRESENTATION_CONTEXT('2D SPACE',''
  ) );
#3739 = ORIENTED_EDGE('',*,*,#3740,.T.);
#3740 = EDGE_CURVE('',#3708,#3741,#3743,.T.);
#3741 = VERTEX_POINT('',#3742);
#3742 = CARTESIAN_POINT('',(-129.7794361878,-14.74538999251,2.5));
#3743 = SURFACE_CURVE('',#3744,(#3748,#3754),.PCURVE_S1.);
#3744 = LINE('',#3745,#3746);
#3745 = CARTESIAN_POINT('',(-67.5,-14.74538999251,2.5));
#3746 = VECTOR('',#3747,1.);
#3747 = DIRECTION('',(-1.,0.,0.));
#3748 = PCURVE('',#1574,#3749);
#3749 = DEFINITIONAL_REPRESENTATION('',(#3750),#3753);
#3750 = B_SPLINE_CURVE_WITH_KNOTS('',1,(#3751,#3752),.UNSPECIFIED.,.F.,
  .F.,(2,2),(13.5,67.5),.PIECEWISE_BEZIER_KNOTS.);
#3751 = CARTESIAN_POINT('',(39.879610007489,81.));
#3752 = CARTESIAN_POINT('',(39.879610007489,135.));
#3753 = ( GEOMETRIC_REPRESENTATION_CONTEXT(2) 
PARAMETRIC_REPRESENTATION_CONTEXT() REPRESENTATION_CONTEXT('2D SPACE',''
  ) );
#3754 = PCURVE('',#3755,#3760);
#3755 = PLANE('',#3756);
#3756 = AXIS2_PLACEMENT_3D('',#3757,#3758,#3759);
#3757 = CARTESIAN_POINT('',(-135.,-14.65912780556,1.78987735387));
#3758 = DIRECTION('',(0.,0.99270256872,0.120588598369));
#3759 = DIRECTION('',(0.,-0.120588598369,0.99270256872));
#3760 = DEFINITIONAL_REPRESENTATION('',(#3761),#3764);
#3761 = B_SPLINE_CURVE_WITH_KNOTS('',1,(#3762,#3763),.UNSPECIFIED.,.F.,
  .F.,(2,2),(13.5,67.5),.PIECEWISE_BEZIER_KNOTS.);
#3762 = CARTESIAN_POINT('',(0.715342811136,54.));
#3763 = CARTESIAN_POINT('',(0.715342811136,0.));
#3764 = ( GEOMETRIC_REPRESENTATION_CONTEXT(2) 
PARAMETRIC_REPRESENTATION_CONTEXT() REPRESENTATION_CONTEXT('2D SPACE',''
  ) );
#3765 = ORIENTED_EDGE('',*,*,#3766,.F.);
#3766 = EDGE_CURVE('',#3767,#3741,#3769,.T.);
#3767 = VERTEX_POINT('',#3768);
#3768 = CARTESIAN_POINT('',(-135.,-10.50271867673,2.5));
#3769 = SURFACE_CURVE('',#3770,(#3775,#3782),.PCURVE_S1.);
#3770 = CIRCLE('',#3771,3.5);
#3771 = AXIS2_PLACEMENT_3D('',#3772,#3773,#3774);
#3772 = CARTESIAN_POINT('',(-133.,-13.375,2.5));
#3773 = DIRECTION('',(0.,0.,1.));
#3774 = DIRECTION('',(1.,0.,0.));
#3775 = PCURVE('',#1574,#3776);
#3776 = DEFINITIONAL_REPRESENTATION('',(#3777),#3781);
#3777 = CIRCLE('',#3778,3.5);
#3778 = AXIS2_PLACEMENT_2D('',#3779,#3780);
#3779 = CARTESIAN_POINT('',(41.25,133.));
#3780 = DIRECTION('',(0.,-1.));
#3781 = ( GEOMETRIC_REPRESENTATION_CONTEXT(2) 
PARAMETRIC_REPRESENTATION_CONTEXT() REPRESENTATION_CONTEXT('2D SPACE',''
  ) );
#3782 = PCURVE('',#3783,#3788);
#3783 = CYLINDRICAL_SURFACE('',#3784,3.5);
#3784 = AXIS2_PLACEMENT_3D('',#3785,#3786,#3787);
#3785 = CARTESIAN_POINT('',(-133.,-13.375,2.5));
#3786 = DIRECTION('',(-0.,-0.,-1.));
#3787 = DIRECTION('',(1.,0.,0.));
#3788 = DEFINITIONAL_REPRESENTATION('',(#3789),#3793);
#3789 = LINE('',#3790,#3791);
#3790 = CARTESIAN_POINT('',(-0.,0.));
#3791 = VECTOR('',#3792,1.);
#3792 = DIRECTION('',(-1.,0.));
#3793 = ( GEOMETRIC_REPRESENTATION_CONTEXT(2) 
PARAMETRIC_REPRESENTATION_CONTEXT() REPRESENTATION_CONTEXT('2D SPACE',''
  ) );
#3794 = ORIENTED_EDGE('',*,*,#3795,.T.);
#3795 = EDGE_CURVE('',#3767,#3796,#3798,.T.);
#3796 = VERTEX_POINT('',#3797);
#3797 = CARTESIAN_POINT('',(-135.,-8.813296736528,2.5));
#3798 = SURFACE_CURVE('',#3799,(#3803,#3809),.PCURVE_S1.);
#3799 = LINE('',#3800,#3801);
#3800 = CARTESIAN_POINT('',(-135.,-34.64206390278,2.5));
#3801 = VECTOR('',#3802,1.);
#3802 = DIRECTION('',(0.,1.,0.));
#3803 = PCURVE('',#1574,#3804);
#3804 = DEFINITIONAL_REPRESENTATION('',(#3805),#3808);
#3805 = B_SPLINE_CURVE_WITH_KNOTS('',1,(#3806,#3807),.UNSPECIFIED.,.F.,
  .F.,(2,2),(19.89667391027,25.828767166253),.PIECEWISE_BEZIER_KNOTS.);
#3806 = CARTESIAN_POINT('',(39.879610007489,135.));
#3807 = CARTESIAN_POINT('',(45.811703263472,135.));
#3808 = ( GEOMETRIC_REPRESENTATION_CONTEXT(2) 
PARAMETRIC_REPRESENTATION_CONTEXT() REPRESENTATION_CONTEXT('2D SPACE',''
  ) );
#3809 = PCURVE('',#3810,#3815);
#3810 = PLANE('',#3811);
#3811 = AXIS2_PLACEMENT_3D('',#3812,#3813,#3814);
#3812 = CARTESIAN_POINT('',(-135.,-14.65912780556,1.78987735387));
#3813 = DIRECTION('',(1.,0.,0.));
#3814 = DIRECTION('',(0.,-0.120588598369,0.99270256872));
#3815 = DEFINITIONAL_REPRESENTATION('',(#3816),#3819);
#3816 = B_SPLINE_CURVE_WITH_KNOTS('',1,(#3817,#3818),.UNSPECIFIED.,.F.,
  .F.,(2,2),(19.89667391027,25.828767166253),.PIECEWISE_BEZIER_KNOTS.);
#3817 = CARTESIAN_POINT('',(0.715342811136,-3.552713678801E-15));
#3818 = CARTESIAN_POINT('',(-4.440892098501E-16,-5.888804213101));
#3819 = ( GEOMETRIC_REPRESENTATION_CONTEXT(2) 
PARAMETRIC_REPRESENTATION_CONTEXT() REPRESENTATION_CONTEXT('2D SPACE',''
  ) );
#3820 = ORIENTED_EDGE('',*,*,#3821,.T.);
#3821 = EDGE_CURVE('',#3796,#3822,#3824,.T.);
#3822 = VERTEX_POINT('',#3823);
#3823 = CARTESIAN_POINT('',(-81.,-8.813296736528,2.5));
#3824 = SURFACE_CURVE('',#3825,(#3829,#3835),.PCURVE_S1.);
#3825 = LINE('',#3826,#3827);
#3826 = CARTESIAN_POINT('',(-67.5,-8.813296736528,2.5));
#3827 = VECTOR('',#3828,1.);
#3828 = DIRECTION('',(1.,0.,-0.));
#3829 = PCURVE('',#1574,#3830);
#3830 = DEFINITIONAL_REPRESENTATION('',(#3831),#3834);
#3831 = B_SPLINE_CURVE_WITH_KNOTS('',1,(#3832,#3833),.UNSPECIFIED.,.F.,
  .F.,(2,2),(-67.5,-13.5),.PIECEWISE_BEZIER_KNOTS.);
#3832 = CARTESIAN_POINT('',(45.811703263472,135.));
#3833 = CARTESIAN_POINT('',(45.811703263472,81.));
#3834 = ( GEOMETRIC_REPRESENTATION_CONTEXT(2) 
PARAMETRIC_REPRESENTATION_CONTEXT() REPRESENTATION_CONTEXT('2D SPACE',''
  ) );
#3835 = PCURVE('',#3836,#3841);
#3836 = PLANE('',#3837);
#3837 = AXIS2_PLACEMENT_3D('',#3838,#3839,#3840);
#3838 = CARTESIAN_POINT('',(-135.,-14.65912780556,1.78987735387));
#3839 = DIRECTION('',(0.,-0.120588598369,0.99270256872));
#3840 = DIRECTION('',(1.,0.,0.));
#3841 = DEFINITIONAL_REPRESENTATION('',(#3842),#3845);
#3842 = B_SPLINE_CURVE_WITH_KNOTS('',1,(#3843,#3844),.UNSPECIFIED.,.F.,
  .F.,(2,2),(-67.5,-13.5),.PIECEWISE_BEZIER_KNOTS.);
#3843 = CARTESIAN_POINT('',(0.,5.888804213101));
#3844 = CARTESIAN_POINT('',(54.,5.888804213101));
#3845 = ( GEOMETRIC_REPRESENTATION_CONTEXT(2) 
PARAMETRIC_REPRESENTATION_CONTEXT() REPRESENTATION_CONTEXT('2D SPACE',''
  ) );
#3846 = ORIENTED_EDGE('',*,*,#3847,.F.);
#3847 = EDGE_CURVE('',#3706,#3822,#3848,.T.);
#3848 = SURFACE_CURVE('',#3849,(#3853,#3859),.PCURVE_S1.);
#3849 = LINE('',#3850,#3851);
#3850 = CARTESIAN_POINT('',(-81.,-34.64206390278,2.5));
#3851 = VECTOR('',#3852,1.);
#3852 = DIRECTION('',(0.,1.,0.));
#3853 = PCURVE('',#1574,#3854);
#3854 = DEFINITIONAL_REPRESENTATION('',(#3855),#3858);
#3855 = B_SPLINE_CURVE_WITH_KNOTS('',1,(#3856,#3857),.UNSPECIFIED.,.F.,
  .F.,(2,2),(19.89667391027,25.828767166253),.PIECEWISE_BEZIER_KNOTS.);
#3856 = CARTESIAN_POINT('',(39.879610007489,81.));
#3857 = CARTESIAN_POINT('',(45.811703263472,81.));
#3858 = ( GEOMETRIC_REPRESENTATION_CONTEXT(2) 
PARAMETRIC_REPRESENTATION_CONTEXT() REPRESENTATION_CONTEXT('2D SPACE',''
  ) );
#3859 = PCURVE('',#3860,#3865);
#3860 = PLANE('',#3861);
#3861 = AXIS2_PLACEMENT_3D('',#3862,#3863,#3864);
#3862 = CARTESIAN_POINT('',(-81.,-14.65912780556,1.78987735387));
#3863 = DIRECTION('',(1.,0.,0.));
#3864 = DIRECTION('',(0.,-0.120588598369,0.99270256872));
#3865 = DEFINITIONAL_REPRESENTATION('',(#3866),#3869);
#3866 = B_SPLINE_CURVE_WITH_KNOTS('',1,(#3867,#3868),.UNSPECIFIED.,.F.,
  .F.,(2,2),(19.89667391027,25.828767166253),.PIECEWISE_BEZIER_KNOTS.);
#3867 = CARTESIAN_POINT('',(0.715342811136,-3.552713678801E-15));
#3868 = CARTESIAN_POINT('',(-4.440892098501E-16,-5.888804213101));
#3869 = ( GEOMETRIC_REPRESENTATION_CONTEXT(2) 
PARAMETRIC_REPRESENTATION_CONTEXT() REPRESENTATION_CONTEXT('2D SPACE',''
  ) );
#3870 = FACE_BOUND('',#3871,.T.);
#3871 = EDGE_LOOP('',(#3872));
#3872 = ORIENTED_EDGE('',*,*,#3873,.F.);
#3873 = EDGE_CURVE('',#3874,#3874,#3876,.T.);
#3874 = VERTEX_POINT('',#3875);
#3875 = CARTESIAN_POINT('',(-129.5,46.625,2.5));
#3876 = SURFACE_CURVE('',#3877,(#3882,#3889),.PCURVE_S1.);
#3877 = CIRCLE('',#3878,3.5);
#3878 = AXIS2_PLACEMENT_3D('',#3879,#3880,#3881);
#3879 = CARTESIAN_POINT('',(-133.,46.625,2.5));
#3880 = DIRECTION('',(0.,0.,1.));
#3881 = DIRECTION('',(1.,0.,0.));
#3882 = PCURVE('',#1574,#3883);
#3883 = DEFINITIONAL_REPRESENTATION('',(#3884),#3888);
#3884 = CIRCLE('',#3885,3.5);
#3885 = AXIS2_PLACEMENT_2D('',#3886,#3887);
#3886 = CARTESIAN_POINT('',(101.25,133.));
#3887 = DIRECTION('',(0.,-1.));
#3888 = ( GEOMETRIC_REPRESENTATION_CONTEXT(2) 
PARAMETRIC_REPRESENTATION_CONTEXT() REPRESENTATION_CONTEXT('2D SPACE',''
  ) );
#3889 = PCURVE('',#3890,#3895);
#3890 = CYLINDRICAL_SURFACE('',#3891,3.5);
#3891 = AXIS2_PLACEMENT_3D('',#3892,#3893,#3894);
#3892 = CARTESIAN_POINT('',(-133.,46.625,2.5));
#3893 = DIRECTION('',(-0.,-0.,-1.));
#3894 = DIRECTION('',(1.,0.,0.));
#3895 = DEFINITIONAL_REPRESENTATION('',(#3896),#3900);
#3896 = LINE('',#3897,#3898);
#3897 = CARTESIAN_POINT('',(-0.,0.));
#3898 = VECTOR('',#3899,1.);
#3899 = DIRECTION('',(-1.,0.));
#3900 = ( GEOMETRIC_REPRESENTATION_CONTEXT(2) 
PARAMETRIC_REPRESENTATION_CONTEXT() REPRESENTATION_CONTEXT('2D SPACE',''
  ) );
#3901 = ADVANCED_FACE('',(#3902,#3929),#1915,.T.);
#3902 = FACE_BOUND('',#3903,.T.);
#3903 = EDGE_LOOP('',(#3904,#3905,#3906,#3907));
#3904 = ORIENTED_EDGE('',*,*,#2309,.F.);
#3905 = ORIENTED_EDGE('',*,*,#3359,.T.);
#3906 = ORIENTED_EDGE('',*,*,#1900,.T.);
#3907 = ORIENTED_EDGE('',*,*,#3908,.T.);
#3908 = EDGE_CURVE('',#1875,#2289,#3909,.T.);
#3909 = SURFACE_CURVE('',#3910,(#3915,#3922),.PCURVE_S1.);
#3910 = CIRCLE('',#3911,5.);
#3911 = AXIS2_PLACEMENT_3D('',#3912,#3913,#3914);
#3912 = CARTESIAN_POINT('',(145.875,50.625,26.34967462039));
#3913 = DIRECTION('',(0.,0.,1.));
#3914 = DIRECTION('',(1.,0.,0.));
#3915 = PCURVE('',#1915,#3916);
#3916 = DEFINITIONAL_REPRESENTATION('',(#3917),#3921);
#3917 = CIRCLE('',#3918,5.);
#3918 = AXIS2_PLACEMENT_2D('',#3919,#3920);
#3919 = CARTESIAN_POINT('',(2.84217094304E-14,-7.105427357601E-15));
#3920 = DIRECTION('',(1.,0.));
#3921 = ( GEOMETRIC_REPRESENTATION_CONTEXT(2) 
PARAMETRIC_REPRESENTATION_CONTEXT() REPRESENTATION_CONTEXT('2D SPACE',''
  ) );
#3922 = PCURVE('',#1889,#3923);
#3923 = DEFINITIONAL_REPRESENTATION('',(#3924),#3928);
#3924 = LINE('',#3925,#3926);
#3925 = CARTESIAN_POINT('',(-0.,-23.84967462039));
#3926 = VECTOR('',#3927,1.);
#3927 = DIRECTION('',(-1.,0.));
#3928 = ( GEOMETRIC_REPRESENTATION_CONTEXT(2) 
PARAMETRIC_REPRESENTATION_CONTEXT() REPRESENTATION_CONTEXT('2D SPACE',''
  ) );
#3929 = FACE_BOUND('',#3930,.T.);
#3930 = EDGE_LOOP('',(#3931));
#3931 = ORIENTED_EDGE('',*,*,#3932,.T.);
#3932 = EDGE_CURVE('',#3933,#3933,#3935,.T.);
#3933 = VERTEX_POINT('',#3934);
#3934 = CARTESIAN_POINT('',(147.625,50.625,26.34967462039));
#3935 = SURFACE_CURVE('',#3936,(#3941,#3952),.PCURVE_S1.);
#3936 = CIRCLE('',#3937,1.75);
#3937 = AXIS2_PLACEMENT_3D('',#3938,#3939,#3940);
#3938 = CARTESIAN_POINT('',(145.875,50.625,26.34967462039));
#3939 = DIRECTION('',(0.,0.,-1.));
#3940 = DIRECTION('',(1.,0.,0.));
#3941 = PCURVE('',#1915,#3942);
#3942 = DEFINITIONAL_REPRESENTATION('',(#3943),#3951);
#3943 = ( BOUNDED_CURVE() B_SPLINE_CURVE(2,(#3944,#3945,#3946,#3947,
#3948,#3949,#3950),.UNSPECIFIED.,.T.,.F.) B_SPLINE_CURVE_WITH_KNOTS((1,2
    ,2,2,2,1),(-2.094395102393,0.,2.094395102393,4.188790204786,
6.28318530718,8.377580409573),.UNSPECIFIED.) CURVE() 
GEOMETRIC_REPRESENTATION_ITEM() RATIONAL_B_SPLINE_CURVE((1.,0.5,1.,0.5,
1.,0.5,1.)) REPRESENTATION_ITEM('') );
#3944 = CARTESIAN_POINT('',(1.75,-7.105427357601E-15));
#3945 = CARTESIAN_POINT('',(1.75,-3.031088913246));
#3946 = CARTESIAN_POINT('',(-0.875,-1.515544456623));
#3947 = CARTESIAN_POINT('',(-3.5,-7.534053737303E-15));
#3948 = CARTESIAN_POINT('',(-0.875,1.515544456623));
#3949 = CARTESIAN_POINT('',(1.75,3.031088913246));
#3950 = CARTESIAN_POINT('',(1.75,-7.105427357601E-15));
#3951 = ( GEOMETRIC_REPRESENTATION_CONTEXT(2) 
PARAMETRIC_REPRESENTATION_CONTEXT() REPRESENTATION_CONTEXT('2D SPACE',''
  ) );
#3952 = PCURVE('',#3953,#3958);
#3953 = CYLINDRICAL_SURFACE('',#3954,1.75);
#3954 = AXIS2_PLACEMENT_3D('',#3955,#3956,#3957);
#3955 = CARTESIAN_POINT('',(145.875,50.625,20.14967462039));
#3956 = DIRECTION('',(-0.,-0.,-1.));
#3957 = DIRECTION('',(1.,0.,0.));
#3958 = DEFINITIONAL_REPRESENTATION('',(#3959),#3963);
#3959 = LINE('',#3960,#3961);
#3960 = CARTESIAN_POINT('',(-6.28318530718,-6.2));
#3961 = VECTOR('',#3962,1.);
#3962 = DIRECTION('',(1.,-0.));
#3963 = ( GEOMETRIC_REPRESENTATION_CONTEXT(2) 
PARAMETRIC_REPRESENTATION_CONTEXT() REPRESENTATION_CONTEXT('2D SPACE',''
  ) );
#3964 = ADVANCED_FACE('',(#3965),#1601,.T.);
#3965 = FACE_BOUND('',#3966,.F.);
#3966 = EDGE_LOOP('',(#3967,#3968,#3969,#3995));
#3967 = ORIENTED_EDGE('',*,*,#3509,.T.);
#3968 = ORIENTED_EDGE('',*,*,#1586,.F.);
#3969 = ORIENTED_EDGE('',*,*,#3970,.F.);
#3970 = EDGE_CURVE('',#1613,#1587,#3971,.T.);
#3971 = SURFACE_CURVE('',#3972,(#3977,#3984),.PCURVE_S1.);
#3972 = CIRCLE('',#3973,5.);
#3973 = AXIS2_PLACEMENT_3D('',#3974,#3975,#3976);
#3974 = CARTESIAN_POINT('',(-70.,50.625,26.34967462039));
#3975 = DIRECTION('',(0.,0.,-1.));
#3976 = DIRECTION('',(0.6,0.8,0.));
#3977 = PCURVE('',#1601,#3978);
#3978 = DEFINITIONAL_REPRESENTATION('',(#3979),#3983);
#3979 = LINE('',#3980,#3981);
#3980 = CARTESIAN_POINT('',(-7.210480525181,-23.84967462039));
#3981 = VECTOR('',#3982,1.);
#3982 = DIRECTION('',(1.,-0.));
#3983 = ( GEOMETRIC_REPRESENTATION_CONTEXT(2) 
PARAMETRIC_REPRESENTATION_CONTEXT() REPRESENTATION_CONTEXT('2D SPACE',''
  ) );
#3984 = PCURVE('',#1627,#3985);
#3985 = DEFINITIONAL_REPRESENTATION('',(#3986),#3994);
#3986 = ( BOUNDED_CURVE() B_SPLINE_CURVE(2,(#3987,#3988,#3989,#3990,
#3991,#3992,#3993),.UNSPECIFIED.,.T.,.F.) B_SPLINE_CURVE_WITH_KNOTS((1,2
    ,2,2,2,1),(-2.094395102393,0.,2.094395102393,4.188790204786,
6.28318530718,8.377580409573),.UNSPECIFIED.) CURVE() 
GEOMETRIC_REPRESENTATION_ITEM() RATIONAL_B_SPLINE_CURVE((1.,0.5,1.,0.5,
1.,0.5,1.)) REPRESENTATION_ITEM('') );
#3987 = CARTESIAN_POINT('',(3.,4.));
#3988 = CARTESIAN_POINT('',(9.928203230275,-1.196152422707));
#3989 = CARTESIAN_POINT('',(1.964101615138,-4.598076211353));
#3990 = CARTESIAN_POINT('',(-6.,-8.));
#3991 = CARTESIAN_POINT('',(-4.964101615138,0.598076211353));
#3992 = CARTESIAN_POINT('',(-3.928203230276,9.196152422707));
#3993 = CARTESIAN_POINT('',(3.,4.));
#3994 = ( GEOMETRIC_REPRESENTATION_CONTEXT(2) 
PARAMETRIC_REPRESENTATION_CONTEXT() REPRESENTATION_CONTEXT('2D SPACE',''
  ) );
#3995 = ORIENTED_EDGE('',*,*,#1638,.T.);
#3996 = ADVANCED_FACE('',(#3997),#1889,.T.);
#3997 = FACE_BOUND('',#3998,.F.);
#3998 = EDGE_LOOP('',(#3999,#4000,#4001,#4002));
#3999 = ORIENTED_EDGE('',*,*,#2288,.T.);
#4000 = ORIENTED_EDGE('',*,*,#3432,.F.);
#4001 = ORIENTED_EDGE('',*,*,#1874,.F.);
#4002 = ORIENTED_EDGE('',*,*,#3908,.T.);
#4003 = ADVANCED_FACE('',(#4004,#4008),#1627,.T.);
#4004 = FACE_BOUND('',#4005,.T.);
#4005 = EDGE_LOOP('',(#4006,#4007));
#4006 = ORIENTED_EDGE('',*,*,#1612,.T.);
#4007 = ORIENTED_EDGE('',*,*,#3970,.F.);
#4008 = FACE_BOUND('',#4009,.T.);
#4009 = EDGE_LOOP('',(#4010));
#4010 = ORIENTED_EDGE('',*,*,#4011,.T.);
#4011 = EDGE_CURVE('',#4012,#4012,#4014,.T.);
#4012 = VERTEX_POINT('',#4013);
#4013 = CARTESIAN_POINT('',(-68.25,50.625,26.34967462039));
#4014 = SURFACE_CURVE('',#4015,(#4020,#4031),.PCURVE_S1.);
#4015 = CIRCLE('',#4016,1.75);
#4016 = AXIS2_PLACEMENT_3D('',#4017,#4018,#4019);
#4017 = CARTESIAN_POINT('',(-70.,50.625,26.34967462039));
#4018 = DIRECTION('',(0.,0.,-1.));
#4019 = DIRECTION('',(1.,0.,0.));
#4020 = PCURVE('',#1627,#4021);
#4021 = DEFINITIONAL_REPRESENTATION('',(#4022),#4030);
#4022 = ( BOUNDED_CURVE() B_SPLINE_CURVE(2,(#4023,#4024,#4025,#4026,
#4027,#4028,#4029),.UNSPECIFIED.,.T.,.F.) B_SPLINE_CURVE_WITH_KNOTS((1,2
    ,2,2,2,1),(-2.094395102393,0.,2.094395102393,4.188790204786,
6.28318530718,8.377580409573),.UNSPECIFIED.) CURVE() 
GEOMETRIC_REPRESENTATION_ITEM() RATIONAL_B_SPLINE_CURVE((1.,0.5,1.,0.5,
1.,0.5,1.)) REPRESENTATION_ITEM('') );
#4023 = CARTESIAN_POINT('',(1.75,-7.105427357601E-15));
#4024 = CARTESIAN_POINT('',(1.75,-3.031088913246));
#4025 = CARTESIAN_POINT('',(-0.875,-1.515544456623));
#4026 = CARTESIAN_POINT('',(-3.5,-7.534053737303E-15));
#4027 = CARTESIAN_POINT('',(-0.875,1.515544456623));
#4028 = CARTESIAN_POINT('',(1.75,3.031088913246));
#4029 = CARTESIAN_POINT('',(1.75,-7.105427357601E-15));
#4030 = ( GEOMETRIC_REPRESENTATION_CONTEXT(2) 
PARAMETRIC_REPRESENTATION_CONTEXT() REPRESENTATION_CONTEXT('2D SPACE',''
  ) );
#4031 = PCURVE('',#4032,#4037);
#4032 = CYLINDRICAL_SURFACE('',#4033,1.75);
#4033 = AXIS2_PLACEMENT_3D('',#4034,#4035,#4036);
#4034 = CARTESIAN_POINT('',(-70.,50.625,20.14967462039));
#4035 = DIRECTION('',(-0.,-0.,-1.));
#4036 = DIRECTION('',(1.,0.,0.));
#4037 = DEFINITIONAL_REPRESENTATION('',(#4038),#4042);
#4038 = LINE('',#4039,#4040);
#4039 = CARTESIAN_POINT('',(-6.28318530718,-6.2));
#4040 = VECTOR('',#4041,1.);
#4041 = DIRECTION('',(1.,-0.));
#4042 = ( GEOMETRIC_REPRESENTATION_CONTEXT(2) 
PARAMETRIC_REPRESENTATION_CONTEXT() REPRESENTATION_CONTEXT('2D SPACE',''
  ) );
#4043 = ADVANCED_FACE('',(#4044),#1793,.T.);
#4044 = FACE_BOUND('',#4045,.F.);
#4045 = EDGE_LOOP('',(#4046,#4047,#4048,#4074));
#4046 = ORIENTED_EDGE('',*,*,#3455,.T.);
#4047 = ORIENTED_EDGE('',*,*,#1778,.F.);
#4048 = ORIENTED_EDGE('',*,*,#4049,.F.);
#4049 = EDGE_CURVE('',#1805,#1779,#4050,.T.);
#4050 = SURFACE_CURVE('',#4051,(#4056,#4063),.PCURVE_S1.);
#4051 = CIRCLE('',#4052,5.);
#4052 = AXIS2_PLACEMENT_3D('',#4053,#4054,#4055);
#4053 = CARTESIAN_POINT('',(76.4375,50.625,26.34967462039));
#4054 = DIRECTION('',(0.,0.,-1.));
#4055 = DIRECTION('',(0.6,0.8,0.));
#4056 = PCURVE('',#1793,#4057);
#4057 = DEFINITIONAL_REPRESENTATION('',(#4058),#4062);
#4058 = LINE('',#4059,#4060);
#4059 = CARTESIAN_POINT('',(-7.210480525181,-23.84967462039));
#4060 = VECTOR('',#4061,1.);
#4061 = DIRECTION('',(1.,-0.));
#4062 = ( GEOMETRIC_REPRESENTATION_CONTEXT(2) 
PARAMETRIC_REPRESENTATION_CONTEXT() REPRESENTATION_CONTEXT('2D SPACE',''
  ) );
#4063 = PCURVE('',#1819,#4064);
#4064 = DEFINITIONAL_REPRESENTATION('',(#4065),#4073);
#4065 = ( BOUNDED_CURVE() B_SPLINE_CURVE(2,(#4066,#4067,#4068,#4069,
#4070,#4071,#4072),.UNSPECIFIED.,.T.,.F.) B_SPLINE_CURVE_WITH_KNOTS((1,2
    ,2,2,2,1),(-2.094395102393,0.,2.094395102393,4.188790204786,
6.28318530718,8.377580409573),.UNSPECIFIED.) CURVE() 
GEOMETRIC_REPRESENTATION_ITEM() RATIONAL_B_SPLINE_CURVE((1.,0.5,1.,0.5,
1.,0.5,1.)) REPRESENTATION_ITEM('') );
#4066 = CARTESIAN_POINT('',(3.,4.));
#4067 = CARTESIAN_POINT('',(9.928203230276,-1.196152422707));
#4068 = CARTESIAN_POINT('',(1.964101615138,-4.598076211353));
#4069 = CARTESIAN_POINT('',(-6.,-8.));
#4070 = CARTESIAN_POINT('',(-4.964101615138,0.598076211353));
#4071 = CARTESIAN_POINT('',(-3.928203230276,9.196152422707));
#4072 = CARTESIAN_POINT('',(3.,4.));
#4073 = ( GEOMETRIC_REPRESENTATION_CONTEXT(2) 
PARAMETRIC_REPRESENTATION_CONTEXT() REPRESENTATION_CONTEXT('2D SPACE',''
  ) );
#4074 = ORIENTED_EDGE('',*,*,#1830,.T.);
#4075 = ADVANCED_FACE('',(#4076,#4080),#1819,.T.);
#4076 = FACE_BOUND('',#4077,.T.);
#4077 = EDGE_LOOP('',(#4078,#4079));
#4078 = ORIENTED_EDGE('',*,*,#1804,.T.);
#4079 = ORIENTED_EDGE('',*,*,#4049,.F.);
#4080 = FACE_BOUND('',#4081,.T.);
#4081 = EDGE_LOOP('',(#4082));
#4082 = ORIENTED_EDGE('',*,*,#4083,.T.);
#4083 = EDGE_CURVE('',#4084,#4084,#4086,.T.);
#4084 = VERTEX_POINT('',#4085);
#4085 = CARTESIAN_POINT('',(78.1875,50.625,26.34967462039));
#4086 = SURFACE_CURVE('',#4087,(#4092,#4103),.PCURVE_S1.);
#4087 = CIRCLE('',#4088,1.75);
#4088 = AXIS2_PLACEMENT_3D('',#4089,#4090,#4091);
#4089 = CARTESIAN_POINT('',(76.4375,50.625,26.34967462039));
#4090 = DIRECTION('',(0.,0.,-1.));
#4091 = DIRECTION('',(1.,0.,0.));
#4092 = PCURVE('',#1819,#4093);
#4093 = DEFINITIONAL_REPRESENTATION('',(#4094),#4102);
#4094 = ( BOUNDED_CURVE() B_SPLINE_CURVE(2,(#4095,#4096,#4097,#4098,
#4099,#4100,#4101),.UNSPECIFIED.,.T.,.F.) B_SPLINE_CURVE_WITH_KNOTS((1,2
    ,2,2,2,1),(-2.094395102393,0.,2.094395102393,4.188790204786,
6.28318530718,8.377580409573),.UNSPECIFIED.) CURVE() 
GEOMETRIC_REPRESENTATION_ITEM() RATIONAL_B_SPLINE_CURVE((1.,0.5,1.,0.5,
1.,0.5,1.)) REPRESENTATION_ITEM('') );
#4095 = CARTESIAN_POINT('',(1.75,-7.105427357601E-15));
#4096 = CARTESIAN_POINT('',(1.75,-3.031088913246));
#4097 = CARTESIAN_POINT('',(-0.875,-1.515544456623));
#4098 = CARTESIAN_POINT('',(-3.5,-7.534053737303E-15));
#4099 = CARTESIAN_POINT('',(-0.875,1.515544456623));
#4100 = CARTESIAN_POINT('',(1.75,3.031088913246));
#4101 = CARTESIAN_POINT('',(1.75,-7.105427357601E-15));
#4102 = ( GEOMETRIC_REPRESENTATION_CONTEXT(2) 
PARAMETRIC_REPRESENTATION_CONTEXT() REPRESENTATION_CONTEXT('2D SPACE',''
  ) );
#4103 = PCURVE('',#4104,#4109);
#4104 = CYLINDRICAL_SURFACE('',#4105,1.75);
#4105 = AXIS2_PLACEMENT_3D('',#4106,#4107,#4108);
#4106 = CARTESIAN_POINT('',(76.4375,50.625,20.14967462039));
#4107 = DIRECTION('',(-0.,-0.,-1.));
#4108 = DIRECTION('',(1.,0.,0.));
#4109 = DEFINITIONAL_REPRESENTATION('',(#4110),#4114);
#4110 = LINE('',#4111,#4112);
#4111 = CARTESIAN_POINT('',(-6.28318530718,-6.2));
#4112 = VECTOR('',#4113,1.);
#4113 = DIRECTION('',(1.,-0.));
#4114 = ( GEOMETRIC_REPRESENTATION_CONTEXT(2) 
PARAMETRIC_REPRESENTATION_CONTEXT() REPRESENTATION_CONTEXT('2D SPACE',''
  ) );
#4115 = ADVANCED_FACE('',(#4116),#1697,.T.);
#4116 = FACE_BOUND('',#4117,.F.);
#4117 = EDGE_LOOP('',(#4118,#4119,#4120,#4146));
#4118 = ORIENTED_EDGE('',*,*,#3482,.T.);
#4119 = ORIENTED_EDGE('',*,*,#1682,.F.);
#4120 = ORIENTED_EDGE('',*,*,#4121,.F.);
#4121 = EDGE_CURVE('',#1709,#1683,#4122,.T.);
#4122 = SURFACE_CURVE('',#4123,(#4128,#4135),.PCURVE_S1.);
#4123 = CIRCLE('',#4124,5.);
#4124 = AXIS2_PLACEMENT_3D('',#4125,#4126,#4127);
#4125 = CARTESIAN_POINT('',(0.,50.625,26.34967462039));
#4126 = DIRECTION('',(0.,0.,-1.));
#4127 = DIRECTION('',(0.6,0.8,0.));
#4128 = PCURVE('',#1697,#4129);
#4129 = DEFINITIONAL_REPRESENTATION('',(#4130),#4134);
#4130 = LINE('',#4131,#4132);
#4131 = CARTESIAN_POINT('',(-7.210480525181,-23.84967462039));
#4132 = VECTOR('',#4133,1.);
#4133 = DIRECTION('',(1.,-0.));
#4134 = ( GEOMETRIC_REPRESENTATION_CONTEXT(2) 
PARAMETRIC_REPRESENTATION_CONTEXT() REPRESENTATION_CONTEXT('2D SPACE',''
  ) );
#4135 = PCURVE('',#1723,#4136);
#4136 = DEFINITIONAL_REPRESENTATION('',(#4137),#4145);
#4137 = ( BOUNDED_CURVE() B_SPLINE_CURVE(2,(#4138,#4139,#4140,#4141,
#4142,#4143,#4144),.UNSPECIFIED.,.T.,.F.) B_SPLINE_CURVE_WITH_KNOTS((1,2
    ,2,2,2,1),(-2.094395102393,0.,2.094395102393,4.188790204786,
6.28318530718,8.377580409573),.UNSPECIFIED.) CURVE() 
GEOMETRIC_REPRESENTATION_ITEM() RATIONAL_B_SPLINE_CURVE((1.,0.5,1.,0.5,
1.,0.5,1.)) REPRESENTATION_ITEM('') );
#4138 = CARTESIAN_POINT('',(3.,4.));
#4139 = CARTESIAN_POINT('',(9.928203230276,-1.196152422707));
#4140 = CARTESIAN_POINT('',(1.964101615138,-4.598076211353));
#4141 = CARTESIAN_POINT('',(-6.,-8.));
#4142 = CARTESIAN_POINT('',(-4.964101615138,0.598076211353));
#4143 = CARTESIAN_POINT('',(-3.928203230276,9.196152422707));
#4144 = CARTESIAN_POINT('',(3.,4.));
#4145 = ( GEOMETRIC_REPRESENTATION_CONTEXT(2) 
PARAMETRIC_REPRESENTATION_CONTEXT() REPRESENTATION_CONTEXT('2D SPACE',''
  ) );
#4146 = ORIENTED_EDGE('',*,*,#1734,.T.);
#4147 = ADVANCED_FACE('',(#4148,#4152),#1723,.T.);
#4148 = FACE_BOUND('',#4149,.T.);
#4149 = EDGE_LOOP('',(#4150,#4151));
#4150 = ORIENTED_EDGE('',*,*,#1708,.T.);
#4151 = ORIENTED_EDGE('',*,*,#4121,.F.);
#4152 = FACE_BOUND('',#4153,.T.);
#4153 = EDGE_LOOP('',(#4154));
#4154 = ORIENTED_EDGE('',*,*,#4155,.T.);
#4155 = EDGE_CURVE('',#4156,#4156,#4158,.T.);
#4156 = VERTEX_POINT('',#4157);
#4157 = CARTESIAN_POINT('',(1.75,50.625,26.34967462039));
#4158 = SURFACE_CURVE('',#4159,(#4164,#4175),.PCURVE_S1.);
#4159 = CIRCLE('',#4160,1.75);
#4160 = AXIS2_PLACEMENT_3D('',#4161,#4162,#4163);
#4161 = CARTESIAN_POINT('',(0.,50.625,26.34967462039));
#4162 = DIRECTION('',(0.,0.,-1.));
#4163 = DIRECTION('',(1.,0.,0.));
#4164 = PCURVE('',#1723,#4165);
#4165 = DEFINITIONAL_REPRESENTATION('',(#4166),#4174);
#4166 = ( BOUNDED_CURVE() B_SPLINE_CURVE(2,(#4167,#4168,#4169,#4170,
#4171,#4172,#4173),.UNSPECIFIED.,.T.,.F.) B_SPLINE_CURVE_WITH_KNOTS((1,2
    ,2,2,2,1),(-2.094395102393,0.,2.094395102393,4.188790204786,
6.28318530718,8.377580409573),.UNSPECIFIED.) CURVE() 
GEOMETRIC_REPRESENTATION_ITEM() RATIONAL_B_SPLINE_CURVE((1.,0.5,1.,0.5,
1.,0.5,1.)) REPRESENTATION_ITEM('') );
#4167 = CARTESIAN_POINT('',(1.75,0.));
#4168 = CARTESIAN_POINT('',(1.75,-3.031088913246));
#4169 = CARTESIAN_POINT('',(-0.875,-1.515544456623));
#4170 = CARTESIAN_POINT('',(-3.5,-4.286263797016E-16));
#4171 = CARTESIAN_POINT('',(-0.875,1.515544456623));
#4172 = CARTESIAN_POINT('',(1.75,3.031088913246));
#4173 = CARTESIAN_POINT('',(1.75,0.));
#4174 = ( GEOMETRIC_REPRESENTATION_CONTEXT(2) 
PARAMETRIC_REPRESENTATION_CONTEXT() REPRESENTATION_CONTEXT('2D SPACE',''
  ) );
#4175 = PCURVE('',#4176,#4181);
#4176 = CYLINDRICAL_SURFACE('',#4177,1.75);
#4177 = AXIS2_PLACEMENT_3D('',#4178,#4179,#4180);
#4178 = CARTESIAN_POINT('',(0.,50.625,20.14967462039));
#4179 = DIRECTION('',(-0.,-0.,-1.));
#4180 = DIRECTION('',(1.,0.,0.));
#4181 = DEFINITIONAL_REPRESENTATION('',(#4182),#4186);
#4182 = LINE('',#4183,#4184);
#4183 = CARTESIAN_POINT('',(-6.28318530718,-6.2));
#4184 = VECTOR('',#4185,1.);
#4185 = DIRECTION('',(1.,-0.));
#4186 = ( GEOMETRIC_REPRESENTATION_CONTEXT(2) 
PARAMETRIC_REPRESENTATION_CONTEXT() REPRESENTATION_CONTEXT('2D SPACE',''
  ) );
#4187 = ADVANCED_FACE('',(#4188),#2207,.T.);
#4188 = FACE_BOUND('',#4189,.F.);
#4189 = EDGE_LOOP('',(#4190,#4191,#4192,#4214));
#4190 = ORIENTED_EDGE('',*,*,#3409,.F.);
#4191 = ORIENTED_EDGE('',*,*,#2244,.F.);
#4192 = ORIENTED_EDGE('',*,*,#4193,.T.);
#4193 = EDGE_CURVE('',#2219,#2193,#4194,.T.);
#4194 = SURFACE_CURVE('',#4195,(#4200,#4207),.PCURVE_S1.);
#4195 = CIRCLE('',#4196,5.);
#4196 = AXIS2_PLACEMENT_3D('',#4197,#4198,#4199);
#4197 = CARTESIAN_POINT('',(145.875,0.,20.2));
#4198 = DIRECTION('',(0.,0.,1.));
#4199 = DIRECTION('',(1.,0.,0.));
#4200 = PCURVE('',#2207,#4201);
#4201 = DEFINITIONAL_REPRESENTATION('',(#4202),#4206);
#4202 = LINE('',#4203,#4204);
#4203 = CARTESIAN_POINT('',(-0.,-17.7));
#4204 = VECTOR('',#4205,1.);
#4205 = DIRECTION('',(-1.,0.));
#4206 = ( GEOMETRIC_REPRESENTATION_CONTEXT(2) 
PARAMETRIC_REPRESENTATION_CONTEXT() REPRESENTATION_CONTEXT('2D SPACE',''
  ) );
#4207 = PCURVE('',#2233,#4208);
#4208 = DEFINITIONAL_REPRESENTATION('',(#4209),#4213);
#4209 = CIRCLE('',#4210,5.);
#4210 = AXIS2_PLACEMENT_2D('',#4211,#4212);
#4211 = CARTESIAN_POINT('',(2.84217094304E-14,-6.938022664999E-17));
#4212 = DIRECTION('',(1.,0.));
#4213 = ( GEOMETRIC_REPRESENTATION_CONTEXT(2) 
PARAMETRIC_REPRESENTATION_CONTEXT() REPRESENTATION_CONTEXT('2D SPACE',''
  ) );
#4214 = ORIENTED_EDGE('',*,*,#2192,.T.);
#4215 = ADVANCED_FACE('',(#4216,#4220),#2233,.T.);
#4216 = FACE_BOUND('',#4217,.T.);
#4217 = EDGE_LOOP('',(#4218,#4219));
#4218 = ORIENTED_EDGE('',*,*,#2218,.F.);
#4219 = ORIENTED_EDGE('',*,*,#4193,.T.);
#4220 = FACE_BOUND('',#4221,.T.);
#4221 = EDGE_LOOP('',(#4222));
#4222 = ORIENTED_EDGE('',*,*,#4223,.T.);
#4223 = EDGE_CURVE('',#4224,#4224,#4226,.T.);
#4224 = VERTEX_POINT('',#4225);
#4225 = CARTESIAN_POINT('',(147.625,0.,20.2));
#4226 = SURFACE_CURVE('',#4227,(#4232,#4243),.PCURVE_S1.);
#4227 = CIRCLE('',#4228,1.75);
#4228 = AXIS2_PLACEMENT_3D('',#4229,#4230,#4231);
#4229 = CARTESIAN_POINT('',(145.875,0.,20.2));
#4230 = DIRECTION('',(0.,0.,-1.));
#4231 = DIRECTION('',(1.,0.,0.));
#4232 = PCURVE('',#2233,#4233);
#4233 = DEFINITIONAL_REPRESENTATION('',(#4234),#4242);
#4234 = ( BOUNDED_CURVE() B_SPLINE_CURVE(2,(#4235,#4236,#4237,#4238,
#4239,#4240,#4241),.UNSPECIFIED.,.T.,.F.) B_SPLINE_CURVE_WITH_KNOTS((1,2
    ,2,2,2,1),(-2.094395102393,0.,2.094395102393,4.188790204786,
6.28318530718,8.377580409573),.UNSPECIFIED.) CURVE() 
GEOMETRIC_REPRESENTATION_ITEM() RATIONAL_B_SPLINE_CURVE((1.,0.5,1.,0.5,
1.,0.5,1.)) REPRESENTATION_ITEM('') );
#4235 = CARTESIAN_POINT('',(1.75,-6.938022664999E-17));
#4236 = CARTESIAN_POINT('',(1.75,-3.031088913246));
#4237 = CARTESIAN_POINT('',(-0.875,-1.515544456623));
#4238 = CARTESIAN_POINT('',(-3.5,-4.980066063516E-16));
#4239 = CARTESIAN_POINT('',(-0.875,1.515544456623));
#4240 = CARTESIAN_POINT('',(1.75,3.031088913246));
#4241 = CARTESIAN_POINT('',(1.75,-6.938022664999E-17));
#4242 = ( GEOMETRIC_REPRESENTATION_CONTEXT(2) 
PARAMETRIC_REPRESENTATION_CONTEXT() REPRESENTATION_CONTEXT('2D SPACE',''
  ) );
#4243 = PCURVE('',#4244,#4249);
#4244 = CYLINDRICAL_SURFACE('',#4245,1.75);
#4245 = AXIS2_PLACEMENT_3D('',#4246,#4247,#4248);
#4246 = CARTESIAN_POINT('',(145.875,0.,14.));
#4247 = DIRECTION('',(-0.,-0.,-1.));
#4248 = DIRECTION('',(1.,0.,0.));
#4249 = DEFINITIONAL_REPRESENTATION('',(#4250),#4254);
#4250 = LINE('',#4251,#4252);
#4251 = CARTESIAN_POINT('',(-6.28318530718,-6.2));
#4252 = VECTOR('',#4253,1.);
#4253 = DIRECTION('',(1.,-0.));
#4254 = ( GEOMETRIC_REPRESENTATION_CONTEXT(2) 
PARAMETRIC_REPRESENTATION_CONTEXT() REPRESENTATION_CONTEXT('2D SPACE',''
  ) );
#4255 = ADVANCED_FACE('',(#4256),#2158,.T.);
#4256 = FACE_BOUND('',#4257,.F.);
#4257 = EDGE_LOOP('',(#4258,#4259,#4260,#4282));
#4258 = ORIENTED_EDGE('',*,*,#3386,.F.);
#4259 = ORIENTED_EDGE('',*,*,#2143,.F.);
#4260 = ORIENTED_EDGE('',*,*,#4261,.T.);
#4261 = EDGE_CURVE('',#2118,#2422,#4262,.T.);
#4262 = SURFACE_CURVE('',#4263,(#4268,#4275),.PCURVE_S1.);
#4263 = CIRCLE('',#4264,5.);
#4264 = AXIS2_PLACEMENT_3D('',#4265,#4266,#4267);
#4265 = CARTESIAN_POINT('',(145.875,-50.625,14.05032537961));
#4266 = DIRECTION('',(0.,0.,1.));
#4267 = DIRECTION('',(1.,0.,0.));
#4268 = PCURVE('',#2158,#4269);
#4269 = DEFINITIONAL_REPRESENTATION('',(#4270),#4274);
#4270 = LINE('',#4271,#4272);
#4271 = CARTESIAN_POINT('',(-0.,-11.55032537961));
#4272 = VECTOR('',#4273,1.);
#4273 = DIRECTION('',(-1.,0.));
#4274 = ( GEOMETRIC_REPRESENTATION_CONTEXT(2) 
PARAMETRIC_REPRESENTATION_CONTEXT() REPRESENTATION_CONTEXT('2D SPACE',''
  ) );
#4275 = PCURVE('',#2132,#4276);
#4276 = DEFINITIONAL_REPRESENTATION('',(#4277),#4281);
#4277 = CIRCLE('',#4278,5.);
#4278 = AXIS2_PLACEMENT_2D('',#4279,#4280);
#4279 = CARTESIAN_POINT('',(2.84217094304E-14,0.));
#4280 = DIRECTION('',(1.,0.));
#4281 = ( GEOMETRIC_REPRESENTATION_CONTEXT(2) 
PARAMETRIC_REPRESENTATION_CONTEXT() REPRESENTATION_CONTEXT('2D SPACE',''
  ) );
#4282 = ORIENTED_EDGE('',*,*,#2442,.T.);
#4283 = ADVANCED_FACE('',(#4284,#4311),#2132,.T.);
#4284 = FACE_BOUND('',#4285,.T.);
#4285 = EDGE_LOOP('',(#4286,#4287,#4288,#4289));
#4286 = ORIENTED_EDGE('',*,*,#2117,.F.);
#4287 = ORIENTED_EDGE('',*,*,#4261,.T.);
#4288 = ORIENTED_EDGE('',*,*,#2421,.T.);
#4289 = ORIENTED_EDGE('',*,*,#4290,.T.);
#4290 = EDGE_CURVE('',#2401,#2092,#4291,.T.);
#4291 = SURFACE_CURVE('',#4292,(#4297,#4304),.PCURVE_S1.);
#4292 = CIRCLE('',#4293,5.);
#4293 = AXIS2_PLACEMENT_3D('',#4294,#4295,#4296);
#4294 = CARTESIAN_POINT('',(145.875,-50.625,14.05032537961));
#4295 = DIRECTION('',(0.,0.,1.));
#4296 = DIRECTION('',(1.,0.,0.));
#4297 = PCURVE('',#2132,#4298);
#4298 = DEFINITIONAL_REPRESENTATION('',(#4299),#4303);
#4299 = CIRCLE('',#4300,5.);
#4300 = AXIS2_PLACEMENT_2D('',#4301,#4302);
#4301 = CARTESIAN_POINT('',(2.84217094304E-14,0.));
#4302 = DIRECTION('',(1.,0.));
#4303 = ( GEOMETRIC_REPRESENTATION_CONTEXT(2) 
PARAMETRIC_REPRESENTATION_CONTEXT() REPRESENTATION_CONTEXT('2D SPACE',''
  ) );
#4304 = PCURVE('',#2106,#4305);
#4305 = DEFINITIONAL_REPRESENTATION('',(#4306),#4310);
#4306 = LINE('',#4307,#4308);
#4307 = CARTESIAN_POINT('',(-0.,-11.55032537961));
#4308 = VECTOR('',#4309,1.);
#4309 = DIRECTION('',(-1.,0.));
#4310 = ( GEOMETRIC_REPRESENTATION_CONTEXT(2) 
PARAMETRIC_REPRESENTATION_CONTEXT() REPRESENTATION_CONTEXT('2D SPACE',''
  ) );
#4311 = FACE_BOUND('',#4312,.T.);
#4312 = EDGE_LOOP('',(#4313));
#4313 = ORIENTED_EDGE('',*,*,#4314,.T.);
#4314 = EDGE_CURVE('',#4315,#4315,#4317,.T.);
#4315 = VERTEX_POINT('',#4316);
#4316 = CARTESIAN_POINT('',(147.625,-50.625,14.05032537961));
#4317 = SURFACE_CURVE('',#4318,(#4323,#4334),.PCURVE_S1.);
#4318 = CIRCLE('',#4319,1.75);
#4319 = AXIS2_PLACEMENT_3D('',#4320,#4321,#4322);
#4320 = CARTESIAN_POINT('',(145.875,-50.625,14.05032537961));
#4321 = DIRECTION('',(0.,0.,-1.));
#4322 = DIRECTION('',(1.,0.,0.));
#4323 = PCURVE('',#2132,#4324);
#4324 = DEFINITIONAL_REPRESENTATION('',(#4325),#4333);
#4325 = ( BOUNDED_CURVE() B_SPLINE_CURVE(2,(#4326,#4327,#4328,#4329,
#4330,#4331,#4332),.UNSPECIFIED.,.T.,.F.) B_SPLINE_CURVE_WITH_KNOTS((1,2
    ,2,2,2,1),(-2.094395102393,0.,2.094395102393,4.188790204786,
6.28318530718,8.377580409573),.UNSPECIFIED.) CURVE() 
GEOMETRIC_REPRESENTATION_ITEM() RATIONAL_B_SPLINE_CURVE((1.,0.5,1.,0.5,
1.,0.5,1.)) REPRESENTATION_ITEM('') );
#4326 = CARTESIAN_POINT('',(1.75,0.));
#4327 = CARTESIAN_POINT('',(1.75,-3.031088913246));
#4328 = CARTESIAN_POINT('',(-0.875,-1.515544456623));
#4329 = CARTESIAN_POINT('',(-3.5,-4.286263797016E-16));
#4330 = CARTESIAN_POINT('',(-0.875,1.515544456623));
#4331 = CARTESIAN_POINT('',(1.75,3.031088913246));
#4332 = CARTESIAN_POINT('',(1.75,0.));
#4333 = ( GEOMETRIC_REPRESENTATION_CONTEXT(2) 
PARAMETRIC_REPRESENTATION_CONTEXT() REPRESENTATION_CONTEXT('2D SPACE',''
  ) );
#4334 = PCURVE('',#4335,#4340);
#4335 = CYLINDRICAL_SURFACE('',#4336,1.75);
#4336 = AXIS2_PLACEMENT_3D('',#4337,#4338,#4339);
#4337 = CARTESIAN_POINT('',(145.875,-50.625,7.85032537961));
#4338 = DIRECTION('',(-0.,-0.,-1.));
#4339 = DIRECTION('',(1.,0.,0.));
#4340 = DEFINITIONAL_REPRESENTATION('',(#4341),#4345);
#4341 = LINE('',#4342,#4343);
#4342 = CARTESIAN_POINT('',(-6.28318530718,-6.2));
#4343 = VECTOR('',#4344,1.);
#4344 = DIRECTION('',(1.,-0.));
#4345 = ( GEOMETRIC_REPRESENTATION_CONTEXT(2) 
PARAMETRIC_REPRESENTATION_CONTEXT() REPRESENTATION_CONTEXT('2D SPACE',''
  ) );
#4346 = ADVANCED_FACE('',(#4347),#2106,.T.);
#4347 = FACE_BOUND('',#4348,.F.);
#4348 = EDGE_LOOP('',(#4349,#4350,#4372,#4373));
#4349 = ORIENTED_EDGE('',*,*,#2091,.T.);
#4350 = ORIENTED_EDGE('',*,*,#4351,.F.);
#4351 = EDGE_CURVE('',#2378,#2064,#4352,.T.);
#4352 = SURFACE_CURVE('',#4353,(#4358,#4365),.PCURVE_S1.);
#4353 = CIRCLE('',#4354,5.);
#4354 = AXIS2_PLACEMENT_3D('',#4355,#4356,#4357);
#4355 = CARTESIAN_POINT('',(145.875,-50.625,2.5));
#4356 = DIRECTION('',(0.,0.,1.));
#4357 = DIRECTION('',(1.,0.,0.));
#4358 = PCURVE('',#2106,#4359);
#4359 = DEFINITIONAL_REPRESENTATION('',(#4360),#4364);
#4360 = LINE('',#4361,#4362);
#4361 = CARTESIAN_POINT('',(-0.,0.));
#4362 = VECTOR('',#4363,1.);
#4363 = DIRECTION('',(-1.,0.));
#4364 = ( GEOMETRIC_REPRESENTATION_CONTEXT(2) 
PARAMETRIC_REPRESENTATION_CONTEXT() REPRESENTATION_CONTEXT('2D SPACE',''
  ) );
#4365 = PCURVE('',#2079,#4366);
#4366 = DEFINITIONAL_REPRESENTATION('',(#4367),#4371);
#4367 = CIRCLE('',#4368,5.);
#4368 = AXIS2_PLACEMENT_2D('',#4369,#4370);
#4369 = CARTESIAN_POINT('',(4.,-145.875));
#4370 = DIRECTION('',(0.,-1.));
#4371 = ( GEOMETRIC_REPRESENTATION_CONTEXT(2) 
PARAMETRIC_REPRESENTATION_CONTEXT() REPRESENTATION_CONTEXT('2D SPACE',''
  ) );
#4372 = ORIENTED_EDGE('',*,*,#2400,.F.);
#4373 = ORIENTED_EDGE('',*,*,#4290,.T.);
#4374 = ADVANCED_FACE('',(#4375),#2079,.T.);
#4375 = FACE_BOUND('',#4376,.T.);
#4376 = EDGE_LOOP('',(#4377,#4378,#4379));
#4377 = ORIENTED_EDGE('',*,*,#2377,.F.);
#4378 = ORIENTED_EDGE('',*,*,#2063,.T.);
#4379 = ORIENTED_EDGE('',*,*,#4351,.F.);
#4380 = ADVANCED_FACE('',(#4381),#2866,.T.);
#4381 = FACE_BOUND('',#4382,.T.);
#4382 = EDGE_LOOP('',(#4383,#4384,#4406));
#4383 = ORIENTED_EDGE('',*,*,#2852,.F.);
#4384 = ORIENTED_EDGE('',*,*,#4385,.F.);
#4385 = EDGE_CURVE('',#2908,#2827,#4386,.T.);
#4386 = SURFACE_CURVE('',#4387,(#4392,#4399),.PCURVE_S1.);
#4387 = CIRCLE('',#4388,5.);
#4388 = AXIS2_PLACEMENT_3D('',#4389,#4390,#4391);
#4389 = CARTESIAN_POINT('',(-145.875,-50.625,2.5));
#4390 = DIRECTION('',(0.,0.,1.));
#4391 = DIRECTION('',(1.,0.,0.));
#4392 = PCURVE('',#2866,#4393);
#4393 = DEFINITIONAL_REPRESENTATION('',(#4394),#4398);
#4394 = CIRCLE('',#4395,5.);
#4395 = AXIS2_PLACEMENT_2D('',#4396,#4397);
#4396 = CARTESIAN_POINT('',(4.,145.875));
#4397 = DIRECTION('',(0.,-1.));
#4398 = ( GEOMETRIC_REPRESENTATION_CONTEXT(2) 
PARAMETRIC_REPRESENTATION_CONTEXT() REPRESENTATION_CONTEXT('2D SPACE',''
  ) );
#4399 = PCURVE('',#2841,#4400);
#4400 = DEFINITIONAL_REPRESENTATION('',(#4401),#4405);
#4401 = LINE('',#4402,#4403);
#4402 = CARTESIAN_POINT('',(-0.,0.));
#4403 = VECTOR('',#4404,1.);
#4404 = DIRECTION('',(-1.,0.));
#4405 = ( GEOMETRIC_REPRESENTATION_CONTEXT(2) 
PARAMETRIC_REPRESENTATION_CONTEXT() REPRESENTATION_CONTEXT('2D SPACE',''
  ) );
#4406 = ORIENTED_EDGE('',*,*,#2907,.F.);
#4407 = ADVANCED_FACE('',(#4408),#2841,.T.);
#4408 = FACE_BOUND('',#4409,.F.);
#4409 = EDGE_LOOP('',(#4410,#4411,#4412,#4434));
#4410 = ORIENTED_EDGE('',*,*,#4385,.F.);
#4411 = ORIENTED_EDGE('',*,*,#2930,.F.);
#4412 = ORIENTED_EDGE('',*,*,#4413,.T.);
#4413 = EDGE_CURVE('',#2931,#2801,#4414,.T.);
#4414 = SURFACE_CURVE('',#4415,(#4420,#4427),.PCURVE_S1.);
#4415 = CIRCLE('',#4416,5.);
#4416 = AXIS2_PLACEMENT_3D('',#4417,#4418,#4419);
#4417 = CARTESIAN_POINT('',(-145.875,-50.625,14.05032537961));
#4418 = DIRECTION('',(0.,0.,1.));
#4419 = DIRECTION('',(1.,0.,0.));
#4420 = PCURVE('',#2841,#4421);
#4421 = DEFINITIONAL_REPRESENTATION('',(#4422),#4426);
#4422 = LINE('',#4423,#4424);
#4423 = CARTESIAN_POINT('',(-0.,-11.55032537961));
#4424 = VECTOR('',#4425,1.);
#4425 = DIRECTION('',(-1.,0.));
#4426 = ( GEOMETRIC_REPRESENTATION_CONTEXT(2) 
PARAMETRIC_REPRESENTATION_CONTEXT() REPRESENTATION_CONTEXT('2D SPACE',''
  ) );
#4427 = PCURVE('',#2815,#4428);
#4428 = DEFINITIONAL_REPRESENTATION('',(#4429),#4433);
#4429 = CIRCLE('',#4430,5.);
#4430 = AXIS2_PLACEMENT_2D('',#4431,#4432);
#4431 = CARTESIAN_POINT('',(0.,0.));
#4432 = DIRECTION('',(1.,0.));
#4433 = ( GEOMETRIC_REPRESENTATION_CONTEXT(2) 
PARAMETRIC_REPRESENTATION_CONTEXT() REPRESENTATION_CONTEXT('2D SPACE',''
  ) );
#4434 = ORIENTED_EDGE('',*,*,#2826,.T.);
#4435 = ADVANCED_FACE('',(#4436,#4463),#2815,.T.);
#4436 = FACE_BOUND('',#4437,.T.);
#4437 = EDGE_LOOP('',(#4438,#4460,#4461,#4462));
#4438 = ORIENTED_EDGE('',*,*,#4439,.T.);
#4439 = EDGE_CURVE('',#2775,#2952,#4440,.T.);
#4440 = SURFACE_CURVE('',#4441,(#4446,#4453),.PCURVE_S1.);
#4441 = CIRCLE('',#4442,5.);
#4442 = AXIS2_PLACEMENT_3D('',#4443,#4444,#4445);
#4443 = CARTESIAN_POINT('',(-145.875,-50.625,14.05032537961));
#4444 = DIRECTION('',(-0.,0.,1.));
#4445 = DIRECTION('',(0.6,-0.8,0.));
#4446 = PCURVE('',#2815,#4447);
#4447 = DEFINITIONAL_REPRESENTATION('',(#4448),#4452);
#4448 = CIRCLE('',#4449,5.);
#4449 = AXIS2_PLACEMENT_2D('',#4450,#4451);
#4450 = CARTESIAN_POINT('',(0.,0.));
#4451 = DIRECTION('',(0.6,-0.8));
#4452 = ( GEOMETRIC_REPRESENTATION_CONTEXT(2) 
PARAMETRIC_REPRESENTATION_CONTEXT() REPRESENTATION_CONTEXT('2D SPACE',''
  ) );
#4453 = PCURVE('',#2789,#4454);
#4454 = DEFINITIONAL_REPRESENTATION('',(#4455),#4459);
#4455 = LINE('',#4456,#4457);
#4456 = CARTESIAN_POINT('',(-5.355890089178,-11.55032537961));
#4457 = VECTOR('',#4458,1.);
#4458 = DIRECTION('',(-1.,0.));
#4459 = ( GEOMETRIC_REPRESENTATION_CONTEXT(2) 
PARAMETRIC_REPRESENTATION_CONTEXT() REPRESENTATION_CONTEXT('2D SPACE',''
  ) );
#4460 = ORIENTED_EDGE('',*,*,#2951,.T.);
#4461 = ORIENTED_EDGE('',*,*,#4413,.T.);
#4462 = ORIENTED_EDGE('',*,*,#2800,.T.);
#4463 = FACE_BOUND('',#4464,.T.);
#4464 = EDGE_LOOP('',(#4465));
#4465 = ORIENTED_EDGE('',*,*,#4466,.T.);
#4466 = EDGE_CURVE('',#4467,#4467,#4469,.T.);
#4467 = VERTEX_POINT('',#4468);
#4468 = CARTESIAN_POINT('',(-144.125,-50.625,14.05032537961));
#4469 = SURFACE_CURVE('',#4470,(#4475,#4486),.PCURVE_S1.);
#4470 = CIRCLE('',#4471,1.75);
#4471 = AXIS2_PLACEMENT_3D('',#4472,#4473,#4474);
#4472 = CARTESIAN_POINT('',(-145.875,-50.625,14.05032537961));
#4473 = DIRECTION('',(0.,0.,-1.));
#4474 = DIRECTION('',(1.,0.,0.));
#4475 = PCURVE('',#2815,#4476);
#4476 = DEFINITIONAL_REPRESENTATION('',(#4477),#4485);
#4477 = ( BOUNDED_CURVE() B_SPLINE_CURVE(2,(#4478,#4479,#4480,#4481,
#4482,#4483,#4484),.UNSPECIFIED.,.T.,.F.) B_SPLINE_CURVE_WITH_KNOTS((1,2
    ,2,2,2,1),(-2.094395102393,0.,2.094395102393,4.188790204786,
6.28318530718,8.377580409573),.UNSPECIFIED.) CURVE() 
GEOMETRIC_REPRESENTATION_ITEM() RATIONAL_B_SPLINE_CURVE((1.,0.5,1.,0.5,
1.,0.5,1.)) REPRESENTATION_ITEM('') );
#4478 = CARTESIAN_POINT('',(1.75,0.));
#4479 = CARTESIAN_POINT('',(1.75,-3.031088913246));
#4480 = CARTESIAN_POINT('',(-0.875,-1.515544456623));
#4481 = CARTESIAN_POINT('',(-3.5,-4.286263797016E-16));
#4482 = CARTESIAN_POINT('',(-0.875,1.515544456623));
#4483 = CARTESIAN_POINT('',(1.75,3.031088913246));
#4484 = CARTESIAN_POINT('',(1.75,0.));
#4485 = ( GEOMETRIC_REPRESENTATION_CONTEXT(2) 
PARAMETRIC_REPRESENTATION_CONTEXT() REPRESENTATION_CONTEXT('2D SPACE',''
  ) );
#4486 = PCURVE('',#4487,#4492);
#4487 = CYLINDRICAL_SURFACE('',#4488,1.75);
#4488 = AXIS2_PLACEMENT_3D('',#4489,#4490,#4491);
#4489 = CARTESIAN_POINT('',(-145.875,-50.625,7.85032537961));
#4490 = DIRECTION('',(-0.,-0.,-1.));
#4491 = DIRECTION('',(1.,0.,0.));
#4492 = DEFINITIONAL_REPRESENTATION('',(#4493),#4497);
#4493 = LINE('',#4494,#4495);
#4494 = CARTESIAN_POINT('',(-6.28318530718,-6.2));
#4495 = VECTOR('',#4496,1.);
#4496 = DIRECTION('',(1.,-0.));
#4497 = ( GEOMETRIC_REPRESENTATION_CONTEXT(2) 
PARAMETRIC_REPRESENTATION_CONTEXT() REPRESENTATION_CONTEXT('2D SPACE',''
  ) );
#4498 = ADVANCED_FACE('',(#4499),#2789,.T.);
#4499 = FACE_BOUND('',#4500,.F.);
#4500 = EDGE_LOOP('',(#4501,#4502,#4503,#4504));
#4501 = ORIENTED_EDGE('',*,*,#4439,.T.);
#4502 = ORIENTED_EDGE('',*,*,#2972,.T.);
#4503 = ORIENTED_EDGE('',*,*,#3565,.T.);
#4504 = ORIENTED_EDGE('',*,*,#2774,.F.);
#4505 = ADVANCED_FACE('',(#4506),#2693,.T.);
#4506 = FACE_BOUND('',#4507,.F.);
#4507 = EDGE_LOOP('',(#4508,#4509,#4510,#4536));
#4508 = ORIENTED_EDGE('',*,*,#3592,.T.);
#4509 = ORIENTED_EDGE('',*,*,#2678,.F.);
#4510 = ORIENTED_EDGE('',*,*,#4511,.F.);
#4511 = EDGE_CURVE('',#2705,#2679,#4512,.T.);
#4512 = SURFACE_CURVE('',#4513,(#4518,#4525),.PCURVE_S1.);
#4513 = CIRCLE('',#4514,5.);
#4514 = AXIS2_PLACEMENT_3D('',#4515,#4516,#4517);
#4515 = CARTESIAN_POINT('',(-76.4375,-50.625,14.05032537961));
#4516 = DIRECTION('',(-0.,0.,-1.));
#4517 = DIRECTION('',(-0.6,-0.8,0.));
#4518 = PCURVE('',#2693,#4519);
#4519 = DEFINITIONAL_REPRESENTATION('',(#4520),#4524);
#4520 = LINE('',#4521,#4522);
#4521 = CARTESIAN_POINT('',(-10.35207317877,-11.55032537961));
#4522 = VECTOR('',#4523,1.);
#4523 = DIRECTION('',(1.,-0.));
#4524 = ( GEOMETRIC_REPRESENTATION_CONTEXT(2) 
PARAMETRIC_REPRESENTATION_CONTEXT() REPRESENTATION_CONTEXT('2D SPACE',''
  ) );
#4525 = PCURVE('',#2719,#4526);
#4526 = DEFINITIONAL_REPRESENTATION('',(#4527),#4535);
#4527 = ( BOUNDED_CURVE() B_SPLINE_CURVE(2,(#4528,#4529,#4530,#4531,
#4532,#4533,#4534),.UNSPECIFIED.,.T.,.F.) B_SPLINE_CURVE_WITH_KNOTS((1,2
    ,2,2,2,1),(-2.094395102393,0.,2.094395102393,4.188790204786,
6.28318530718,8.377580409573),.UNSPECIFIED.) CURVE() 
GEOMETRIC_REPRESENTATION_ITEM() RATIONAL_B_SPLINE_CURVE((1.,0.5,1.,0.5,
1.,0.5,1.)) REPRESENTATION_ITEM('') );
#4528 = CARTESIAN_POINT('',(-3.,-4.));
#4529 = CARTESIAN_POINT('',(-9.928203230276,1.196152422707));
#4530 = CARTESIAN_POINT('',(-1.964101615138,4.598076211353));
#4531 = CARTESIAN_POINT('',(6.,8.));
#4532 = CARTESIAN_POINT('',(4.964101615138,-0.598076211353));
#4533 = CARTESIAN_POINT('',(3.928203230276,-9.196152422707));
#4534 = CARTESIAN_POINT('',(-3.,-4.));
#4535 = ( GEOMETRIC_REPRESENTATION_CONTEXT(2) 
PARAMETRIC_REPRESENTATION_CONTEXT() REPRESENTATION_CONTEXT('2D SPACE',''
  ) );
#4536 = ORIENTED_EDGE('',*,*,#2730,.T.);
#4537 = ADVANCED_FACE('',(#4538,#4542),#2719,.T.);
#4538 = FACE_BOUND('',#4539,.T.);
#4539 = EDGE_LOOP('',(#4540,#4541));
#4540 = ORIENTED_EDGE('',*,*,#2704,.T.);
#4541 = ORIENTED_EDGE('',*,*,#4511,.F.);
#4542 = FACE_BOUND('',#4543,.T.);
#4543 = EDGE_LOOP('',(#4544));
#4544 = ORIENTED_EDGE('',*,*,#4545,.T.);
#4545 = EDGE_CURVE('',#4546,#4546,#4548,.T.);
#4546 = VERTEX_POINT('',#4547);
#4547 = CARTESIAN_POINT('',(-74.6875,-50.625,14.05032537961));
#4548 = SURFACE_CURVE('',#4549,(#4554,#4565),.PCURVE_S1.);
#4549 = CIRCLE('',#4550,1.75);
#4550 = AXIS2_PLACEMENT_3D('',#4551,#4552,#4553);
#4551 = CARTESIAN_POINT('',(-76.4375,-50.625,14.05032537961));
#4552 = DIRECTION('',(0.,0.,-1.));
#4553 = DIRECTION('',(1.,0.,0.));
#4554 = PCURVE('',#2719,#4555);
#4555 = DEFINITIONAL_REPRESENTATION('',(#4556),#4564);
#4556 = ( BOUNDED_CURVE() B_SPLINE_CURVE(2,(#4557,#4558,#4559,#4560,
#4561,#4562,#4563),.UNSPECIFIED.,.T.,.F.) B_SPLINE_CURVE_WITH_KNOTS((1,2
    ,2,2,2,1),(-2.094395102393,0.,2.094395102393,4.188790204786,
6.28318530718,8.377580409573),.UNSPECIFIED.) CURVE() 
GEOMETRIC_REPRESENTATION_ITEM() RATIONAL_B_SPLINE_CURVE((1.,0.5,1.,0.5,
1.,0.5,1.)) REPRESENTATION_ITEM('') );
#4557 = CARTESIAN_POINT('',(1.75,0.));
#4558 = CARTESIAN_POINT('',(1.75,-3.031088913246));
#4559 = CARTESIAN_POINT('',(-0.875,-1.515544456623));
#4560 = CARTESIAN_POINT('',(-3.5,-4.286263797016E-16));
#4561 = CARTESIAN_POINT('',(-0.875,1.515544456623));
#4562 = CARTESIAN_POINT('',(1.75,3.031088913246));
#4563 = CARTESIAN_POINT('',(1.75,0.));
#4564 = ( GEOMETRIC_REPRESENTATION_CONTEXT(2) 
PARAMETRIC_REPRESENTATION_CONTEXT() REPRESENTATION_CONTEXT('2D SPACE',''
  ) );
#4565 = PCURVE('',#4566,#4571);
#4566 = CYLINDRICAL_SURFACE('',#4567,1.75);
#4567 = AXIS2_PLACEMENT_3D('',#4568,#4569,#4570);
#4568 = CARTESIAN_POINT('',(-76.4375,-50.625,7.85032537961));
#4569 = DIRECTION('',(-0.,-0.,-1.));
#4570 = DIRECTION('',(1.,0.,0.));
#4571 = DEFINITIONAL_REPRESENTATION('',(#4572),#4576);
#4572 = LINE('',#4573,#4574);
#4573 = CARTESIAN_POINT('',(-6.28318530718,-6.2));
#4574 = VECTOR('',#4575,1.);
#4575 = DIRECTION('',(1.,-0.));
#4576 = ( GEOMETRIC_REPRESENTATION_CONTEXT(2) 
PARAMETRIC_REPRESENTATION_CONTEXT() REPRESENTATION_CONTEXT('2D SPACE',''
  ) );
#4577 = ADVANCED_FACE('',(#4578),#2597,.T.);
#4578 = FACE_BOUND('',#4579,.F.);
#4579 = EDGE_LOOP('',(#4580,#4581,#4582,#4608));
#4580 = ORIENTED_EDGE('',*,*,#3619,.T.);
#4581 = ORIENTED_EDGE('',*,*,#2582,.F.);
#4582 = ORIENTED_EDGE('',*,*,#4583,.F.);
#4583 = EDGE_CURVE('',#2609,#2583,#4584,.T.);
#4584 = SURFACE_CURVE('',#4585,(#4590,#4597),.PCURVE_S1.);
#4585 = CIRCLE('',#4586,5.);
#4586 = AXIS2_PLACEMENT_3D('',#4587,#4588,#4589);
#4587 = CARTESIAN_POINT('',(0.,-50.625,14.05032537961));
#4588 = DIRECTION('',(-0.,0.,-1.));
#4589 = DIRECTION('',(-0.6,-0.8,0.));
#4590 = PCURVE('',#2597,#4591);
#4591 = DEFINITIONAL_REPRESENTATION('',(#4592),#4596);
#4592 = LINE('',#4593,#4594);
#4593 = CARTESIAN_POINT('',(-10.35207317877,-11.55032537961));
#4594 = VECTOR('',#4595,1.);
#4595 = DIRECTION('',(1.,-0.));
#4596 = ( GEOMETRIC_REPRESENTATION_CONTEXT(2) 
PARAMETRIC_REPRESENTATION_CONTEXT() REPRESENTATION_CONTEXT('2D SPACE',''
  ) );
#4597 = PCURVE('',#2623,#4598);
#4598 = DEFINITIONAL_REPRESENTATION('',(#4599),#4607);
#4599 = ( BOUNDED_CURVE() B_SPLINE_CURVE(2,(#4600,#4601,#4602,#4603,
#4604,#4605,#4606),.UNSPECIFIED.,.T.,.F.) B_SPLINE_CURVE_WITH_KNOTS((1,2
    ,2,2,2,1),(-2.094395102393,0.,2.094395102393,4.188790204786,
6.28318530718,8.377580409573),.UNSPECIFIED.) CURVE() 
GEOMETRIC_REPRESENTATION_ITEM() RATIONAL_B_SPLINE_CURVE((1.,0.5,1.,0.5,
1.,0.5,1.)) REPRESENTATION_ITEM('') );
#4600 = CARTESIAN_POINT('',(-3.,-4.));
#4601 = CARTESIAN_POINT('',(-9.928203230276,1.196152422707));
#4602 = CARTESIAN_POINT('',(-1.964101615138,4.598076211353));
#4603 = CARTESIAN_POINT('',(6.,8.));
#4604 = CARTESIAN_POINT('',(4.964101615138,-0.598076211353));
#4605 = CARTESIAN_POINT('',(3.928203230276,-9.196152422707));
#4606 = CARTESIAN_POINT('',(-3.,-4.));
#4607 = ( GEOMETRIC_REPRESENTATION_CONTEXT(2) 
PARAMETRIC_REPRESENTATION_CONTEXT() REPRESENTATION_CONTEXT('2D SPACE',''
  ) );
#4608 = ORIENTED_EDGE('',*,*,#2634,.T.);
#4609 = ADVANCED_FACE('',(#4610,#4614),#2623,.T.);
#4610 = FACE_BOUND('',#4611,.T.);
#4611 = EDGE_LOOP('',(#4612,#4613));
#4612 = ORIENTED_EDGE('',*,*,#2608,.T.);
#4613 = ORIENTED_EDGE('',*,*,#4583,.F.);
#4614 = FACE_BOUND('',#4615,.T.);
#4615 = EDGE_LOOP('',(#4616));
#4616 = ORIENTED_EDGE('',*,*,#4617,.T.);
#4617 = EDGE_CURVE('',#4618,#4618,#4620,.T.);
#4618 = VERTEX_POINT('',#4619);
#4619 = CARTESIAN_POINT('',(1.75,-50.625,14.05032537961));
#4620 = SURFACE_CURVE('',#4621,(#4626,#4637),.PCURVE_S1.);
#4621 = CIRCLE('',#4622,1.75);
#4622 = AXIS2_PLACEMENT_3D('',#4623,#4624,#4625);
#4623 = CARTESIAN_POINT('',(0.,-50.625,14.05032537961));
#4624 = DIRECTION('',(0.,0.,-1.));
#4625 = DIRECTION('',(1.,0.,0.));
#4626 = PCURVE('',#2623,#4627);
#4627 = DEFINITIONAL_REPRESENTATION('',(#4628),#4636);
#4628 = ( BOUNDED_CURVE() B_SPLINE_CURVE(2,(#4629,#4630,#4631,#4632,
#4633,#4634,#4635),.UNSPECIFIED.,.T.,.F.) B_SPLINE_CURVE_WITH_KNOTS((1,2
    ,2,2,2,1),(-2.094395102393,0.,2.094395102393,4.188790204786,
6.28318530718,8.377580409573),.UNSPECIFIED.) CURVE() 
GEOMETRIC_REPRESENTATION_ITEM() RATIONAL_B_SPLINE_CURVE((1.,0.5,1.,0.5,
1.,0.5,1.)) REPRESENTATION_ITEM('') );
#4629 = CARTESIAN_POINT('',(1.75,0.));
#4630 = CARTESIAN_POINT('',(1.75,-3.031088913246));
#4631 = CARTESIAN_POINT('',(-0.875,-1.515544456623));
#4632 = CARTESIAN_POINT('',(-3.5,-4.286263797016E-16));
#4633 = CARTESIAN_POINT('',(-0.875,1.515544456623));
#4634 = CARTESIAN_POINT('',(1.75,3.031088913246));
#4635 = CARTESIAN_POINT('',(1.75,0.));
#4636 = ( GEOMETRIC_REPRESENTATION_CONTEXT(2) 
PARAMETRIC_REPRESENTATION_CONTEXT() REPRESENTATION_CONTEXT('2D SPACE',''
  ) );
#4637 = PCURVE('',#4638,#4643);
#4638 = CYLINDRICAL_SURFACE('',#4639,1.75);
#4639 = AXIS2_PLACEMENT_3D('',#4640,#4641,#4642);
#4640 = CARTESIAN_POINT('',(0.,-50.625,7.85032537961));
#4641 = DIRECTION('',(-0.,-0.,-1.));
#4642 = DIRECTION('',(1.,0.,0.));
#4643 = DEFINITIONAL_REPRESENTATION('',(#4644),#4648);
#4644 = LINE('',#4645,#4646);
#4645 = CARTESIAN_POINT('',(-6.28318530718,-6.2));
#4646 = VECTOR('',#4647,1.);
#4647 = DIRECTION('',(1.,-0.));
#4648 = ( GEOMETRIC_REPRESENTATION_CONTEXT(2) 
PARAMETRIC_REPRESENTATION_CONTEXT() REPRESENTATION_CONTEXT('2D SPACE',''
  ) );
#4649 = ADVANCED_FACE('',(#4650),#2501,.T.);
#4650 = FACE_BOUND('',#4651,.F.);
#4651 = EDGE_LOOP('',(#4652,#4653,#4654,#4680));
#4652 = ORIENTED_EDGE('',*,*,#3646,.T.);
#4653 = ORIENTED_EDGE('',*,*,#2486,.F.);
#4654 = ORIENTED_EDGE('',*,*,#4655,.F.);
#4655 = EDGE_CURVE('',#2513,#2487,#4656,.T.);
#4656 = SURFACE_CURVE('',#4657,(#4662,#4669),.PCURVE_S1.);
#4657 = CIRCLE('',#4658,5.);
#4658 = AXIS2_PLACEMENT_3D('',#4659,#4660,#4661);
#4659 = CARTESIAN_POINT('',(76.4375,-50.625,14.05032537961));
#4660 = DIRECTION('',(-0.,0.,-1.));
#4661 = DIRECTION('',(-0.6,-0.8,0.));
#4662 = PCURVE('',#2501,#4663);
#4663 = DEFINITIONAL_REPRESENTATION('',(#4664),#4668);
#4664 = LINE('',#4665,#4666);
#4665 = CARTESIAN_POINT('',(-10.35207317877,-11.55032537961));
#4666 = VECTOR('',#4667,1.);
#4667 = DIRECTION('',(1.,-0.));
#4668 = ( GEOMETRIC_REPRESENTATION_CONTEXT(2) 
PARAMETRIC_REPRESENTATION_CONTEXT() REPRESENTATION_CONTEXT('2D SPACE',''
  ) );
#4669 = PCURVE('',#2527,#4670);
#4670 = DEFINITIONAL_REPRESENTATION('',(#4671),#4679);
#4671 = ( BOUNDED_CURVE() B_SPLINE_CURVE(2,(#4672,#4673,#4674,#4675,
#4676,#4677,#4678),.UNSPECIFIED.,.T.,.F.) B_SPLINE_CURVE_WITH_KNOTS((1,2
    ,2,2,2,1),(-2.094395102393,0.,2.094395102393,4.188790204786,
6.28318530718,8.377580409573),.UNSPECIFIED.) CURVE() 
GEOMETRIC_REPRESENTATION_ITEM() RATIONAL_B_SPLINE_CURVE((1.,0.5,1.,0.5,
1.,0.5,1.)) REPRESENTATION_ITEM('') );
#4672 = CARTESIAN_POINT('',(-3.,-4.));
#4673 = CARTESIAN_POINT('',(-9.928203230276,1.196152422707));
#4674 = CARTESIAN_POINT('',(-1.964101615138,4.598076211353));
#4675 = CARTESIAN_POINT('',(6.,8.));
#4676 = CARTESIAN_POINT('',(4.964101615138,-0.598076211353));
#4677 = CARTESIAN_POINT('',(3.928203230276,-9.196152422707));
#4678 = CARTESIAN_POINT('',(-3.,-4.));
#4679 = ( GEOMETRIC_REPRESENTATION_CONTEXT(2) 
PARAMETRIC_REPRESENTATION_CONTEXT() REPRESENTATION_CONTEXT('2D SPACE',''
  ) );
#4680 = ORIENTED_EDGE('',*,*,#2538,.T.);
#4681 = ADVANCED_FACE('',(#4682,#4686),#2527,.T.);
#4682 = FACE_BOUND('',#4683,.T.);
#4683 = EDGE_LOOP('',(#4684,#4685));
#4684 = ORIENTED_EDGE('',*,*,#2512,.T.);
#4685 = ORIENTED_EDGE('',*,*,#4655,.F.);
#4686 = FACE_BOUND('',#4687,.T.);
#4687 = EDGE_LOOP('',(#4688));
#4688 = ORIENTED_EDGE('',*,*,#4689,.T.);
#4689 = EDGE_CURVE('',#4690,#4690,#4692,.T.);
#4690 = VERTEX_POINT('',#4691);
#4691 = CARTESIAN_POINT('',(78.1875,-50.625,14.05032537961));
#4692 = SURFACE_CURVE('',#4693,(#4698,#4709),.PCURVE_S1.);
#4693 = CIRCLE('',#4694,1.75);
#4694 = AXIS2_PLACEMENT_3D('',#4695,#4696,#4697);
#4695 = CARTESIAN_POINT('',(76.4375,-50.625,14.05032537961));
#4696 = DIRECTION('',(0.,0.,-1.));
#4697 = DIRECTION('',(1.,0.,0.));
#4698 = PCURVE('',#2527,#4699);
#4699 = DEFINITIONAL_REPRESENTATION('',(#4700),#4708);
#4700 = ( BOUNDED_CURVE() B_SPLINE_CURVE(2,(#4701,#4702,#4703,#4704,
#4705,#4706,#4707),.UNSPECIFIED.,.T.,.F.) B_SPLINE_CURVE_WITH_KNOTS((1,2
    ,2,2,2,1),(-2.094395102393,0.,2.094395102393,4.188790204786,
6.28318530718,8.377580409573),.UNSPECIFIED.) CURVE() 
GEOMETRIC_REPRESENTATION_ITEM() RATIONAL_B_SPLINE_CURVE((1.,0.5,1.,0.5,
1.,0.5,1.)) REPRESENTATION_ITEM('') );
#4701 = CARTESIAN_POINT('',(1.75,0.));
#4702 = CARTESIAN_POINT('',(1.75,-3.031088913246));
#4703 = CARTESIAN_POINT('',(-0.875,-1.515544456623));
#4704 = CARTESIAN_POINT('',(-3.5,-4.286263797016E-16));
#4705 = CARTESIAN_POINT('',(-0.875,1.515544456623));
#4706 = CARTESIAN_POINT('',(1.75,3.031088913246));
#4707 = CARTESIAN_POINT('',(1.75,0.));
#4708 = ( GEOMETRIC_REPRESENTATION_CONTEXT(2) 
PARAMETRIC_REPRESENTATION_CONTEXT() REPRESENTATION_CONTEXT('2D SPACE',''
  ) );
#4709 = PCURVE('',#4710,#4715);
#4710 = CYLINDRICAL_SURFACE('',#4711,1.75);
#4711 = AXIS2_PLACEMENT_3D('',#4712,#4713,#4714);
#4712 = CARTESIAN_POINT('',(76.4375,-50.625,7.85032537961));
#4713 = DIRECTION('',(-0.,-0.,-1.));
#4714 = DIRECTION('',(1.,0.,0.));
#4715 = DEFINITIONAL_REPRESENTATION('',(#4716),#4720);
#4716 = LINE('',#4717,#4718);
#4717 = CARTESIAN_POINT('',(-6.28318530718,-6.2));
#4718 = VECTOR('',#4719,1.);
#4719 = DIRECTION('',(1.,-0.));
#4720 = ( GEOMETRIC_REPRESENTATION_CONTEXT(2) 
PARAMETRIC_REPRESENTATION_CONTEXT() REPRESENTATION_CONTEXT('2D SPACE',''
  ) );
#4721 = ADVANCED_FACE('',(#4722),#3031,.T.);
#4722 = FACE_BOUND('',#4723,.F.);
#4723 = EDGE_LOOP('',(#4724,#4725,#4726,#4752));
#4724 = ORIENTED_EDGE('',*,*,#3538,.T.);
#4725 = ORIENTED_EDGE('',*,*,#3016,.F.);
#4726 = ORIENTED_EDGE('',*,*,#4727,.F.);
#4727 = EDGE_CURVE('',#3043,#3017,#4728,.T.);
#4728 = SURFACE_CURVE('',#4729,(#4734,#4741),.PCURVE_S1.);
#4729 = CIRCLE('',#4730,5.);
#4730 = AXIS2_PLACEMENT_3D('',#4731,#4732,#4733);
#4731 = CARTESIAN_POINT('',(-145.875,0.,20.2));
#4732 = DIRECTION('',(0.,0.,-1.));
#4733 = DIRECTION('',(-0.8,0.6,0.));
#4734 = PCURVE('',#3031,#4735);
#4735 = DEFINITIONAL_REPRESENTATION('',(#4736),#4740);
#4736 = LINE('',#4737,#4738);
#4737 = CARTESIAN_POINT('',(-8.781276851976,-17.7));
#4738 = VECTOR('',#4739,1.);
#4739 = DIRECTION('',(1.,-0.));
#4740 = ( GEOMETRIC_REPRESENTATION_CONTEXT(2) 
PARAMETRIC_REPRESENTATION_CONTEXT() REPRESENTATION_CONTEXT('2D SPACE',''
  ) );
#4741 = PCURVE('',#3057,#4742);
#4742 = DEFINITIONAL_REPRESENTATION('',(#4743),#4751);
#4743 = ( BOUNDED_CURVE() B_SPLINE_CURVE(2,(#4744,#4745,#4746,#4747,
#4748,#4749,#4750),.UNSPECIFIED.,.T.,.F.) B_SPLINE_CURVE_WITH_KNOTS((1,2
    ,2,2,2,1),(-2.094395102393,0.,2.094395102393,4.188790204786,
6.28318530718,8.377580409573),.UNSPECIFIED.) CURVE() 
GEOMETRIC_REPRESENTATION_ITEM() RATIONAL_B_SPLINE_CURVE((1.,0.5,1.,0.5,
1.,0.5,1.)) REPRESENTATION_ITEM('') );
#4744 = CARTESIAN_POINT('',(-4.,3.));
#4745 = CARTESIAN_POINT('',(1.196152422707,9.928203230276));
#4746 = CARTESIAN_POINT('',(4.598076211353,1.964101615138));
#4747 = CARTESIAN_POINT('',(8.,-6.));
#4748 = CARTESIAN_POINT('',(-0.598076211353,-4.964101615138));
#4749 = CARTESIAN_POINT('',(-9.196152422707,-3.928203230276));
#4750 = CARTESIAN_POINT('',(-4.,3.));
#4751 = ( GEOMETRIC_REPRESENTATION_CONTEXT(2) 
PARAMETRIC_REPRESENTATION_CONTEXT() REPRESENTATION_CONTEXT('2D SPACE',''
  ) );
#4752 = ORIENTED_EDGE('',*,*,#3068,.T.);
#4753 = ADVANCED_FACE('',(#4754,#4758),#3057,.T.);
#4754 = FACE_BOUND('',#4755,.T.);
#4755 = EDGE_LOOP('',(#4756,#4757));
#4756 = ORIENTED_EDGE('',*,*,#3042,.T.);
#4757 = ORIENTED_EDGE('',*,*,#4727,.F.);
#4758 = FACE_BOUND('',#4759,.T.);
#4759 = EDGE_LOOP('',(#4760));
#4760 = ORIENTED_EDGE('',*,*,#4761,.T.);
#4761 = EDGE_CURVE('',#4762,#4762,#4764,.T.);
#4762 = VERTEX_POINT('',#4763);
#4763 = CARTESIAN_POINT('',(-144.125,0.,20.2));
#4764 = SURFACE_CURVE('',#4765,(#4770,#4781),.PCURVE_S1.);
#4765 = CIRCLE('',#4766,1.75);
#4766 = AXIS2_PLACEMENT_3D('',#4767,#4768,#4769);
#4767 = CARTESIAN_POINT('',(-145.875,0.,20.2));
#4768 = DIRECTION('',(0.,0.,-1.));
#4769 = DIRECTION('',(1.,0.,0.));
#4770 = PCURVE('',#3057,#4771);
#4771 = DEFINITIONAL_REPRESENTATION('',(#4772),#4780);
#4772 = ( BOUNDED_CURVE() B_SPLINE_CURVE(2,(#4773,#4774,#4775,#4776,
#4777,#4778,#4779),.UNSPECIFIED.,.T.,.F.) B_SPLINE_CURVE_WITH_KNOTS((1,2
    ,2,2,2,1),(-2.094395102393,0.,2.094395102393,4.188790204786,
6.28318530718,8.377580409573),.UNSPECIFIED.) CURVE() 
GEOMETRIC_REPRESENTATION_ITEM() RATIONAL_B_SPLINE_CURVE((1.,0.5,1.,0.5,
1.,0.5,1.)) REPRESENTATION_ITEM('') );
#4773 = CARTESIAN_POINT('',(1.75,-6.938022664999E-17));
#4774 = CARTESIAN_POINT('',(1.75,-3.031088913246));
#4775 = CARTESIAN_POINT('',(-0.875,-1.515544456623));
#4776 = CARTESIAN_POINT('',(-3.5,-4.980066063516E-16));
#4777 = CARTESIAN_POINT('',(-0.875,1.515544456623));
#4778 = CARTESIAN_POINT('',(1.75,3.031088913246));
#4779 = CARTESIAN_POINT('',(1.75,-6.938022664999E-17));
#4780 = ( GEOMETRIC_REPRESENTATION_CONTEXT(2) 
PARAMETRIC_REPRESENTATION_CONTEXT() REPRESENTATION_CONTEXT('2D SPACE',''
  ) );
#4781 = PCURVE('',#4782,#4787);
#4782 = CYLINDRICAL_SURFACE('',#4783,1.75);
#4783 = AXIS2_PLACEMENT_3D('',#4784,#4785,#4786);
#4784 = CARTESIAN_POINT('',(-145.875,0.,14.));
#4785 = DIRECTION('',(-0.,-0.,-1.));
#4786 = DIRECTION('',(1.,0.,0.));
#4787 = DEFINITIONAL_REPRESENTATION('',(#4788),#4792);
#4788 = LINE('',#4789,#4790);
#4789 = CARTESIAN_POINT('',(-6.28318530718,-6.2));
#4790 = VECTOR('',#4791,1.);
#4791 = DIRECTION('',(1.,-0.));
#4792 = ( GEOMETRIC_REPRESENTATION_CONTEXT(2) 
PARAMETRIC_REPRESENTATION_CONTEXT() REPRESENTATION_CONTEXT('2D SPACE',''
  ) );
#4793 = ADVANCED_FACE('',(#4794),#3283,.F.);
#4794 = FACE_BOUND('',#4795,.T.);
#4795 = EDGE_LOOP('',(#4796,#4825,#4846,#4847));
#4796 = ORIENTED_EDGE('',*,*,#4797,.F.);
#4797 = EDGE_CURVE('',#4798,#4798,#4800,.T.);
#4798 = VERTEX_POINT('',#4799);
#4799 = CARTESIAN_POINT('',(-144.125,50.625,20.14967462039));
#4800 = SURFACE_CURVE('',#4801,(#4806,#4813),.PCURVE_S1.);
#4801 = CIRCLE('',#4802,1.75);
#4802 = AXIS2_PLACEMENT_3D('',#4803,#4804,#4805);
#4803 = CARTESIAN_POINT('',(-145.875,50.625,20.14967462039));
#4804 = DIRECTION('',(0.,0.,1.));
#4805 = DIRECTION('',(1.,0.,0.));
#4806 = PCURVE('',#3283,#4807);
#4807 = DEFINITIONAL_REPRESENTATION('',(#4808),#4812);
#4808 = LINE('',#4809,#4810);
#4809 = CARTESIAN_POINT('',(-0.,0.));
#4810 = VECTOR('',#4811,1.);
#4811 = DIRECTION('',(-1.,0.));
#4812 = ( GEOMETRIC_REPRESENTATION_CONTEXT(2) 
PARAMETRIC_REPRESENTATION_CONTEXT() REPRESENTATION_CONTEXT('2D SPACE',''
  ) );
#4813 = PCURVE('',#4814,#4819);
#4814 = PLANE('',#4815);
#4815 = AXIS2_PLACEMENT_3D('',#4816,#4817,#4818);
#4816 = CARTESIAN_POINT('',(-145.875,50.625,20.14967462039));
#4817 = DIRECTION('',(0.,0.,1.));
#4818 = DIRECTION('',(1.,0.,-0.));
#4819 = DEFINITIONAL_REPRESENTATION('',(#4820),#4824);
#4820 = CIRCLE('',#4821,1.75);
#4821 = AXIS2_PLACEMENT_2D('',#4822,#4823);
#4822 = CARTESIAN_POINT('',(2.84217094304E-14,7.105427357601E-15));
#4823 = DIRECTION('',(1.,0.));
#4824 = ( GEOMETRIC_REPRESENTATION_CONTEXT(2) 
PARAMETRIC_REPRESENTATION_CONTEXT() REPRESENTATION_CONTEXT('2D SPACE',''
  ) );
#4825 = ORIENTED_EDGE('',*,*,#4826,.T.);
#4826 = EDGE_CURVE('',#4798,#3263,#4827,.T.);
#4827 = SEAM_CURVE('',#4828,(#4832,#4839),.PCURVE_S1.);
#4828 = LINE('',#4829,#4830);
#4829 = CARTESIAN_POINT('',(-144.125,50.625,20.14967462039));
#4830 = VECTOR('',#4831,1.);
#4831 = DIRECTION('',(0.,0.,1.));
#4832 = PCURVE('',#3283,#4833);
#4833 = DEFINITIONAL_REPRESENTATION('',(#4834),#4838);
#4834 = LINE('',#4835,#4836);
#4835 = CARTESIAN_POINT('',(-6.28318530718,0.));
#4836 = VECTOR('',#4837,1.);
#4837 = DIRECTION('',(-0.,-1.));
#4838 = ( GEOMETRIC_REPRESENTATION_CONTEXT(2) 
PARAMETRIC_REPRESENTATION_CONTEXT() REPRESENTATION_CONTEXT('2D SPACE',''
  ) );
#4839 = PCURVE('',#3283,#4840);
#4840 = DEFINITIONAL_REPRESENTATION('',(#4841),#4845);
#4841 = LINE('',#4842,#4843);
#4842 = CARTESIAN_POINT('',(-0.,0.));
#4843 = VECTOR('',#4844,1.);
#4844 = DIRECTION('',(-0.,-1.));
#4845 = ( GEOMETRIC_REPRESENTATION_CONTEXT(2) 
PARAMETRIC_REPRESENTATION_CONTEXT() REPRESENTATION_CONTEXT('2D SPACE',''
  ) );
#4846 = ORIENTED_EDGE('',*,*,#3262,.F.);
#4847 = ORIENTED_EDGE('',*,*,#4826,.F.);
#4848 = ADVANCED_FACE('',(#4849),#3691,.T.);
#4849 = FACE_BOUND('',#4850,.F.);
#4850 = EDGE_LOOP('',(#4851,#4852,#4875,#4904,#4936,#4978,#5004,#5039,
    #5061));
#4851 = ORIENTED_EDGE('',*,*,#3674,.F.);
#4852 = ORIENTED_EDGE('',*,*,#4853,.T.);
#4853 = EDGE_CURVE('',#3675,#4854,#4856,.T.);
#4854 = VERTEX_POINT('',#4855);
#4855 = CARTESIAN_POINT('',(-79.5,46.625,13.263774403471));
#4856 = SEAM_CURVE('',#4857,(#4861,#4868),.PCURVE_S1.);
#4857 = LINE('',#4858,#4859);
#4858 = CARTESIAN_POINT('',(-79.5,46.625,2.5));
#4859 = VECTOR('',#4860,1.);
#4860 = DIRECTION('',(0.,0.,1.));
#4861 = PCURVE('',#3691,#4862);
#4862 = DEFINITIONAL_REPRESENTATION('',(#4863),#4867);
#4863 = LINE('',#4864,#4865);
#4864 = CARTESIAN_POINT('',(-6.28318530718,0.));
#4865 = VECTOR('',#4866,1.);
#4866 = DIRECTION('',(-0.,-1.));
#4867 = ( GEOMETRIC_REPRESENTATION_CONTEXT(2) 
PARAMETRIC_REPRESENTATION_CONTEXT() REPRESENTATION_CONTEXT('2D SPACE',''
  ) );
#4868 = PCURVE('',#3691,#4869);
#4869 = DEFINITIONAL_REPRESENTATION('',(#4870),#4874);
#4870 = LINE('',#4871,#4872);
#4871 = CARTESIAN_POINT('',(-0.,0.));
#4872 = VECTOR('',#4873,1.);
#4873 = DIRECTION('',(-0.,-1.));
#4874 = ( GEOMETRIC_REPRESENTATION_CONTEXT(2) 
PARAMETRIC_REPRESENTATION_CONTEXT() REPRESENTATION_CONTEXT('2D SPACE',''
  ) );
#4875 = ORIENTED_EDGE('',*,*,#4876,.T.);
#4876 = EDGE_CURVE('',#4854,#4877,#4879,.T.);
#4877 = VERTEX_POINT('',#4878);
#4878 = CARTESIAN_POINT('',(-86.00612192048,48.417548743881,
    13.263774403471));
#4879 = SURFACE_CURVE('',#4880,(#4885,#4892),.PCURVE_S1.);
#4880 = CIRCLE('',#4881,3.5);
#4881 = AXIS2_PLACEMENT_3D('',#4882,#4883,#4884);
#4882 = CARTESIAN_POINT('',(-83.,46.625,13.263774403471));
#4883 = DIRECTION('',(0.,0.,1.));
#4884 = DIRECTION('',(1.,0.,0.));
#4885 = PCURVE('',#3691,#4886);
#4886 = DEFINITIONAL_REPRESENTATION('',(#4887),#4891);
#4887 = LINE('',#4888,#4889);
#4888 = CARTESIAN_POINT('',(-0.,-10.76377440347));
#4889 = VECTOR('',#4890,1.);
#4890 = DIRECTION('',(-1.,0.));
#4891 = ( GEOMETRIC_REPRESENTATION_CONTEXT(2) 
PARAMETRIC_REPRESENTATION_CONTEXT() REPRESENTATION_CONTEXT('2D SPACE',''
  ) );
#4892 = PCURVE('',#4893,#4898);
#4893 = PLANE('',#4894);
#4894 = AXIS2_PLACEMENT_3D('',#4895,#4896,#4897);
#4895 = CARTESIAN_POINT('',(-83.,46.625,13.263774403471));
#4896 = DIRECTION('',(0.,0.,1.));
#4897 = DIRECTION('',(1.,0.,-0.));
#4898 = DEFINITIONAL_REPRESENTATION('',(#4899),#4903);
#4899 = CIRCLE('',#4900,3.5);
#4900 = AXIS2_PLACEMENT_2D('',#4901,#4902);
#4901 = CARTESIAN_POINT('',(-1.42108547152E-14,0.));
#4902 = DIRECTION('',(1.,0.));
#4903 = ( GEOMETRIC_REPRESENTATION_CONTEXT(2) 
PARAMETRIC_REPRESENTATION_CONTEXT() REPRESENTATION_CONTEXT('2D SPACE',''
  ) );
#4904 = ORIENTED_EDGE('',*,*,#4905,.F.);
#4905 = EDGE_CURVE('',#4906,#4877,#4908,.T.);
#4906 = VERTEX_POINT('',#4907);
#4907 = CARTESIAN_POINT('',(-85.68192728837,48.873836592518,
    9.507547649515));
#4908 = SURFACE_CURVE('',#4909,(#4914,#4924),.PCURVE_S1.);
#4909 = ELLIPSE('',#4910,29.024302855538,3.5);
#4910 = AXIS2_PLACEMENT_3D('',#4911,#4912,#4913);
#4911 = CARTESIAN_POINT('',(-83.,46.625,28.020291741493));
#4912 = DIRECTION('',(0.,0.99270256872,0.120588598369));
#4913 = DIRECTION('',(0.,0.120588598369,-0.99270256872));
#4914 = PCURVE('',#3691,#4915);
#4915 = DEFINITIONAL_REPRESENTATION('',(#4916),#4923);
#4916 = B_SPLINE_CURVE_WITH_KNOTS('',5,(#4917,#4918,#4919,#4920,#4921,
    #4922),.UNSPECIFIED.,.F.,.F.,(6,6),(0.854883656367,1.033102311719),
  .PIECEWISE_BEZIER_KNOTS.);
#4917 = CARTESIAN_POINT('',(-2.425679983162,-6.610466622026));
#4918 = CARTESIAN_POINT('',(-2.461323714233,-7.385321223128));
#4919 = CARTESIAN_POINT('',(-2.496967445303,-8.190206395978));
#4920 = CARTESIAN_POINT('',(-2.532611176373,-9.023071347062));
#4921 = CARTESIAN_POINT('',(-2.568254907444,-9.881705812172));
#4922 = CARTESIAN_POINT('',(-2.603898638514,-10.76377500347));
#4923 = ( GEOMETRIC_REPRESENTATION_CONTEXT(2) 
PARAMETRIC_REPRESENTATION_CONTEXT() REPRESENTATION_CONTEXT('2D SPACE',''
  ) );
#4924 = PCURVE('',#4925,#4930);
#4925 = PLANE('',#4926);
#4926 = AXIS2_PLACEMENT_3D('',#4927,#4928,#4929);
#4927 = CARTESIAN_POINT('',(-135.,48.873836592518,9.507547649515));
#4928 = DIRECTION('',(0.,0.99270256872,0.120588598369));
#4929 = DIRECTION('',(0.,-0.120588598369,0.99270256872));
#4930 = DEFINITIONAL_REPRESENTATION('',(#4931),#4935);
#4931 = ELLIPSE('',#4932,29.024302855538,3.5);
#4932 = AXIS2_PLACEMENT_2D('',#4933,#4934);
#4933 = CARTESIAN_POINT('',(18.648832666816,52.));
#4934 = DIRECTION('',(-1.,0.));
#4935 = ( GEOMETRIC_REPRESENTATION_CONTEXT(2) 
PARAMETRIC_REPRESENTATION_CONTEXT() REPRESENTATION_CONTEXT('2D SPACE',''
  ) );
#4936 = ORIENTED_EDGE('',*,*,#4937,.T.);
#4937 = EDGE_CURVE('',#4906,#4938,#4940,.T.);
#4938 = VERTEX_POINT('',#4939);
#4939 = CARTESIAN_POINT('',(-81.,43.752718676731,8.885459572977));
#4940 = SURFACE_CURVE('',#4941,(#4946,#4966),.PCURVE_S1.);
#4941 = ELLIPSE('',#4942,3.525728763363,3.5);
#4942 = AXIS2_PLACEMENT_3D('',#4943,#4944,#4945);
#4943 = CARTESIAN_POINT('',(-83.,46.625,9.234370102485));
#4944 = DIRECTION('',(0.,-0.120588598369,0.99270256872));
#4945 = DIRECTION('',(0.,-0.99270256872,-0.120588598369));
#4946 = PCURVE('',#3691,#4947);
#4947 = DEFINITIONAL_REPRESENTATION('',(#4948),#4965);
#4948 = B_SPLINE_CURVE_WITH_KNOTS('',8,(#4949,#4950,#4951,#4952,#4953,
    #4954,#4955,#4956,#4957,#4958,#4959,#4960,#4961,#4962,#4963,#4964),
  .UNSPECIFIED.,.F.,.F.,(9,7,9),(1.570796326795,4.712388980385,
    7.853981633974),.UNSPECIFIED.);
#4949 = CARTESIAN_POINT('',(0.,-6.734370102485));
#4950 = CARTESIAN_POINT('',(-0.392699081699,-6.901331100344));
#4951 = CARTESIAN_POINT('',(-0.785398163398,-7.068293429466));
#4952 = CARTESIAN_POINT('',(-1.178097245092,-7.196007213272));
#4953 = CARTESIAN_POINT('',(-1.570796326796,-7.245330005004));
#4954 = CARTESIAN_POINT('',(-1.963495408493,-7.196007213275));
#4955 = CARTESIAN_POINT('',(-2.356194490193,-7.068293429465));
#4956 = CARTESIAN_POINT('',(-2.748893571891,-6.901331100344));
#4957 = CARTESIAN_POINT('',(-3.534291735289,-6.567409104626));
#4958 = CARTESIAN_POINT('',(-3.926990816986,-6.4004467755));
#4959 = CARTESIAN_POINT('',(-4.319689898681,-6.272732991689));
#4960 = CARTESIAN_POINT('',(-4.71238898037,-6.223410199938));
#4961 = CARTESIAN_POINT('',(-5.105088062079,-6.272732991689));
#4962 = CARTESIAN_POINT('',(-5.49778714378,-6.400446775499));
#4963 = CARTESIAN_POINT('',(-5.890486225481,-6.567409104626));
#4964 = CARTESIAN_POINT('',(-6.28318530718,-6.734370102485));
#4965 = ( GEOMETRIC_REPRESENTATION_CONTEXT(2) 
PARAMETRIC_REPRESENTATION_CONTEXT() REPRESENTATION_CONTEXT('2D SPACE',''
  ) );
#4966 = PCURVE('',#4967,#4972);
#4967 = PLANE('',#4968);
#4968 = AXIS2_PLACEMENT_3D('',#4969,#4970,#4971);
#4969 = CARTESIAN_POINT('',(-135.,-14.65912780556,1.78987735387));
#4970 = DIRECTION('',(0.,-0.120588598369,0.99270256872));
#4971 = DIRECTION('',(1.,0.,0.));
#4972 = DEFINITIONAL_REPRESENTATION('',(#4973),#4977);
#4973 = ELLIPSE('',#4974,3.525728763363,3.5);
#4974 = AXIS2_PLACEMENT_2D('',#4975,#4976);
#4975 = CARTESIAN_POINT('',(52.,61.734632040474));
#4976 = DIRECTION('',(0.,-1.));
#4977 = ( GEOMETRIC_REPRESENTATION_CONTEXT(2) 
PARAMETRIC_REPRESENTATION_CONTEXT() REPRESENTATION_CONTEXT('2D SPACE',''
  ) );
#4978 = ORIENTED_EDGE('',*,*,#4979,.F.);
#4979 = EDGE_CURVE('',#4980,#4938,#4982,.T.);
#4980 = VERTEX_POINT('',#4981);
#4981 = CARTESIAN_POINT('',(-81.,43.752718676731,12.914863873963));
#4982 = SURFACE_CURVE('',#4983,(#4987,#4993),.PCURVE_S1.);
#4983 = LINE('',#4984,#4985);
#4984 = CARTESIAN_POINT('',(-81.,43.752718676731,2.5));
#4985 = VECTOR('',#4986,1.);
#4986 = DIRECTION('',(-0.,-0.,-1.));
#4987 = PCURVE('',#3691,#4988);
#4988 = DEFINITIONAL_REPRESENTATION('',(#4989),#4992);
#4989 = B_SPLINE_CURVE_WITH_KNOTS('',1,(#4990,#4991),.UNSPECIFIED.,.F.,
  .F.,(2,2),(-10.76377500347,-5.982519142879),.PIECEWISE_BEZIER_KNOTS.);
#4990 = CARTESIAN_POINT('',(-5.320634559295,-10.76377500347));
#4991 = CARTESIAN_POINT('',(-5.320634559295,-5.982519142879));
#4992 = ( GEOMETRIC_REPRESENTATION_CONTEXT(2) 
PARAMETRIC_REPRESENTATION_CONTEXT() REPRESENTATION_CONTEXT('2D SPACE',''
  ) );
#4993 = PCURVE('',#4994,#4999);
#4994 = PLANE('',#4995);
#4995 = AXIS2_PLACEMENT_3D('',#4996,#4997,#4998);
#4996 = CARTESIAN_POINT('',(-81.,-14.65912780556,1.78987735387));
#4997 = DIRECTION('',(1.,0.,0.));
#4998 = DIRECTION('',(0.,-0.120588598369,0.99270256872));
#4999 = DEFINITIONAL_REPRESENTATION('',(#5000),#5003);
#5000 = B_SPLINE_CURVE_WITH_KNOTS('',1,(#5001,#5002),.UNSPECIFIED.,.F.,
  .F.,(2,2),(-10.76377500347,-5.982519142879),.PIECEWISE_BEZIER_KNOTS.);
#5001 = CARTESIAN_POINT('',(4.346364974517,-59.36921128205));
#5002 = CARTESIAN_POINT('',(-0.4,-58.79264633937));
#5003 = ( GEOMETRIC_REPRESENTATION_CONTEXT(2) 
PARAMETRIC_REPRESENTATION_CONTEXT() REPRESENTATION_CONTEXT('2D SPACE',''
  ) );
#5004 = ORIENTED_EDGE('',*,*,#5005,.F.);
#5005 = EDGE_CURVE('',#5006,#4980,#5008,.T.);
#5006 = VERTEX_POINT('',#5007);
#5007 = CARTESIAN_POINT('',(-86.5,46.625,13.263774403471));
#5008 = SURFACE_CURVE('',#5009,(#5014,#5027),.PCURVE_S1.);
#5009 = ELLIPSE('',#5010,3.525728763363,3.5);
#5010 = AXIS2_PLACEMENT_3D('',#5011,#5012,#5013);
#5011 = CARTESIAN_POINT('',(-83.,46.625,13.263774403471));
#5012 = DIRECTION('',(0.,-0.120588598369,0.99270256872));
#5013 = DIRECTION('',(0.,-0.99270256872,-0.120588598369));
#5014 = PCURVE('',#3691,#5015);
#5015 = DEFINITIONAL_REPRESENTATION('',(#5016),#5026);
#5016 = B_SPLINE_CURVE_WITH_KNOTS('',8,(#5017,#5018,#5019,#5020,#5021,
    #5022,#5023,#5024,#5025),.UNSPECIFIED.,.F.,.F.,(9,9),(4.71238756916,
    7.853981633974),.PIECEWISE_BEZIER_KNOTS.);
#5017 = CARTESIAN_POINT('',(-3.141591242365,-10.76377500347));
#5018 = CARTESIAN_POINT('',(-3.534290500467,-10.59681393061));
#5019 = CARTESIAN_POINT('',(-3.926989758571,-10.4298514207));
#5020 = CARTESIAN_POINT('',(-4.319689016668,-10.30213740349));
#5021 = CARTESIAN_POINT('',(-4.712388274779,-10.25281441219));
#5022 = CARTESIAN_POINT('',(-5.105087532869,-10.30213712064));
#5023 = CARTESIAN_POINT('',(-5.497786790979,-10.42985092647));
#5024 = CARTESIAN_POINT('',(-5.890486049078,-10.59681333061));
#5025 = CARTESIAN_POINT('',(-6.28318530718,-10.76377440347));
#5026 = ( GEOMETRIC_REPRESENTATION_CONTEXT(2) 
PARAMETRIC_REPRESENTATION_CONTEXT() REPRESENTATION_CONTEXT('2D SPACE',''
  ) );
#5027 = PCURVE('',#5028,#5033);
#5028 = PLANE('',#5029);
#5029 = AXIS2_PLACEMENT_3D('',#5030,#5031,#5032);
#5030 = CARTESIAN_POINT('',(-135.,-15.14148219904,5.76068762875));
#5031 = DIRECTION('',(0.,-0.120588598369,0.99270256872));
#5032 = DIRECTION('',(1.,0.,0.));
#5033 = DEFINITIONAL_REPRESENTATION('',(#5034),#5038);
#5034 = ELLIPSE('',#5035,3.525728763363,3.5);
#5035 = AXIS2_PLACEMENT_2D('',#5036,#5037);
#5036 = CARTESIAN_POINT('',(52.,62.220532257393));
#5037 = DIRECTION('',(0.,-1.));
#5038 = ( GEOMETRIC_REPRESENTATION_CONTEXT(2) 
PARAMETRIC_REPRESENTATION_CONTEXT() REPRESENTATION_CONTEXT('2D SPACE',''
  ) );
#5039 = ORIENTED_EDGE('',*,*,#5040,.T.);
#5040 = EDGE_CURVE('',#5006,#4854,#5041,.T.);
#5041 = SURFACE_CURVE('',#5042,(#5047,#5054),.PCURVE_S1.);
#5042 = CIRCLE('',#5043,3.5);
#5043 = AXIS2_PLACEMENT_3D('',#5044,#5045,#5046);
#5044 = CARTESIAN_POINT('',(-83.,46.625,13.263774403471));
#5045 = DIRECTION('',(0.,0.,1.));
#5046 = DIRECTION('',(1.,0.,0.));
#5047 = PCURVE('',#3691,#5048);
#5048 = DEFINITIONAL_REPRESENTATION('',(#5049),#5053);
#5049 = LINE('',#5050,#5051);
#5050 = CARTESIAN_POINT('',(-0.,-10.76377440347));
#5051 = VECTOR('',#5052,1.);
#5052 = DIRECTION('',(-1.,0.));
#5053 = ( GEOMETRIC_REPRESENTATION_CONTEXT(2) 
PARAMETRIC_REPRESENTATION_CONTEXT() REPRESENTATION_CONTEXT('2D SPACE',''
  ) );
#5054 = PCURVE('',#4893,#5055);
#5055 = DEFINITIONAL_REPRESENTATION('',(#5056),#5060);
#5056 = CIRCLE('',#5057,3.5);
#5057 = AXIS2_PLACEMENT_2D('',#5058,#5059);
#5058 = CARTESIAN_POINT('',(-1.42108547152E-14,0.));
#5059 = DIRECTION('',(1.,0.));
#5060 = ( GEOMETRIC_REPRESENTATION_CONTEXT(2) 
PARAMETRIC_REPRESENTATION_CONTEXT() REPRESENTATION_CONTEXT('2D SPACE',''
  ) );
#5061 = ORIENTED_EDGE('',*,*,#4853,.F.);
#5062 = ADVANCED_FACE('',(#5063),#3728,.T.);
#5063 = FACE_BOUND('',#5064,.F.);
#5064 = EDGE_LOOP('',(#5065,#5066,#5093,#5128,#5161));
#5065 = ORIENTED_EDGE('',*,*,#3705,.T.);
#5066 = ORIENTED_EDGE('',*,*,#5067,.T.);
#5067 = EDGE_CURVE('',#3708,#5068,#5070,.T.);
#5068 = VERTEX_POINT('',#5069);
#5069 = CARTESIAN_POINT('',(-86.02151297208,-15.14148219904,
    5.76068762875));
#5070 = SURFACE_CURVE('',#5071,(#5076,#5086),.PCURVE_S1.);
#5071 = ELLIPSE('',#5072,29.024302855538,3.5);
#5072 = AXIS2_PLACEMENT_3D('',#5073,#5074,#5075);
#5073 = CARTESIAN_POINT('',(-83.,-13.375,-8.781246188348));
#5074 = DIRECTION('',(0.,0.99270256872,0.120588598369));
#5075 = DIRECTION('',(0.,0.120588598369,-0.99270256872));
#5076 = PCURVE('',#3728,#5077);
#5077 = DEFINITIONAL_REPRESENTATION('',(#5078),#5085);
#5078 = B_SPLINE_CURVE_WITH_KNOTS('',5,(#5079,#5080,#5081,#5082,#5083,
    #5084),.UNSPECIFIED.,.F.,.F.,(6,6),(1.973100942443,2.099841407507),
  .PIECEWISE_BEZIER_KNOTS.);
#5079 = CARTESIAN_POINT('',(-3.543897269238,-2.506960740541E-15));
#5080 = CARTESIAN_POINT('',(-3.569245362251,-0.672032225729));
#5081 = CARTESIAN_POINT('',(-3.594593455263,-1.335003838629));
#5082 = CARTESIAN_POINT('',(-3.619941548276,-1.988015246547));
#5083 = CARTESIAN_POINT('',(-3.645289641289,-2.630191167575));
#5084 = CARTESIAN_POINT('',(-3.670637734301,-3.260687628814));
#5085 = ( GEOMETRIC_REPRESENTATION_CONTEXT(2) 
PARAMETRIC_REPRESENTATION_CONTEXT() REPRESENTATION_CONTEXT('2D SPACE',''
  ) );
#5086 = PCURVE('',#3755,#5087);
#5087 = DEFINITIONAL_REPRESENTATION('',(#5088),#5092);
#5088 = ELLIPSE('',#5089,29.024302855538,3.5);
#5089 = AXIS2_PLACEMENT_2D('',#5090,#5091);
#5090 = CARTESIAN_POINT('',(-10.64883266681,52.));
#5091 = DIRECTION('',(-1.,0.));
#5092 = ( GEOMETRIC_REPRESENTATION_CONTEXT(2) 
PARAMETRIC_REPRESENTATION_CONTEXT() REPRESENTATION_CONTEXT('2D SPACE',''
  ) );
#5093 = ORIENTED_EDGE('',*,*,#5094,.F.);
#5094 = EDGE_CURVE('',#5095,#5068,#5097,.T.);
#5095 = VERTEX_POINT('',#5096);
#5096 = CARTESIAN_POINT('',(-86.5,-13.375,5.975271149675));
#5097 = SURFACE_CURVE('',#5098,(#5103,#5116),.PCURVE_S1.);
#5098 = ELLIPSE('',#5099,3.525728763363,3.5);
#5099 = AXIS2_PLACEMENT_3D('',#5100,#5101,#5102);
#5100 = CARTESIAN_POINT('',(-83.,-13.375,5.975271149675));
#5101 = DIRECTION('',(0.,-0.120588598369,0.99270256872));
#5102 = DIRECTION('',(0.,-0.99270256872,-0.120588598369));
#5103 = PCURVE('',#3728,#5104);
#5104 = DEFINITIONAL_REPRESENTATION('',(#5105),#5115);
#5105 = B_SPLINE_CURVE_WITH_KNOTS('',8,(#5106,#5107,#5108,#5109,#5110,
    #5111,#5112,#5113,#5114),.UNSPECIFIED.,.F.,.F.,(9,9),(4.712388980385
    ,5.241434061096),.PIECEWISE_BEZIER_KNOTS.);
#5106 = CARTESIAN_POINT('',(-3.14159265359,-3.475271149675));
#5107 = CARTESIAN_POINT('',(-3.207723288679,-3.447154870981));
#5108 = CARTESIAN_POINT('',(-3.273853923767,-3.419038554535));
#5109 = CARTESIAN_POINT('',(-3.339984558856,-3.391109642255));
#5110 = CARTESIAN_POINT('',(-3.406115193945,-3.36355548966));
#5111 = CARTESIAN_POINT('',(-3.472245829034,-3.336560822448));
#5112 = CARTESIAN_POINT('',(-3.538376464123,-3.310305128271));
#5113 = CARTESIAN_POINT('',(-3.604507099211,-3.284960160719));
#5114 = CARTESIAN_POINT('',(-3.6706377343,-3.260687672871));
#5115 = ( GEOMETRIC_REPRESENTATION_CONTEXT(2) 
PARAMETRIC_REPRESENTATION_CONTEXT() REPRESENTATION_CONTEXT('2D SPACE',''
  ) );
#5116 = PCURVE('',#5117,#5122);
#5117 = PLANE('',#5118);
#5118 = AXIS2_PLACEMENT_3D('',#5119,#5120,#5121);
#5119 = CARTESIAN_POINT('',(-135.,-15.14148219904,5.76068762875));
#5120 = DIRECTION('',(0.,-0.120588598369,0.99270256872));
#5121 = DIRECTION('',(1.,0.,0.));
#5122 = DEFINITIONAL_REPRESENTATION('',(#5123),#5127);
#5123 = ELLIPSE('',#5124,3.525728763363,3.5);
#5124 = AXIS2_PLACEMENT_2D('',#5125,#5126);
#5125 = CARTESIAN_POINT('',(52.,1.779467742607));
#5126 = DIRECTION('',(0.,-1.));
#5127 = ( GEOMETRIC_REPRESENTATION_CONTEXT(2) 
PARAMETRIC_REPRESENTATION_CONTEXT() REPRESENTATION_CONTEXT('2D SPACE',''
  ) );
#5128 = ORIENTED_EDGE('',*,*,#5129,.F.);
#5129 = EDGE_CURVE('',#5130,#5095,#5132,.T.);
#5130 = VERTEX_POINT('',#5131);
#5131 = CARTESIAN_POINT('',(-81.,-10.50271867673,5.975271149675));
#5132 = SURFACE_CURVE('',#5133,(#5138,#5145),.PCURVE_S1.);
#5133 = CIRCLE('',#5134,3.5);
#5134 = AXIS2_PLACEMENT_3D('',#5135,#5136,#5137);
#5135 = CARTESIAN_POINT('',(-83.,-13.375,5.975271149675));
#5136 = DIRECTION('',(0.,0.,-1.));
#5137 = DIRECTION('',(0.571428571429,0.820651806648,0.));
#5138 = PCURVE('',#3728,#5139);
#5139 = DEFINITIONAL_REPRESENTATION('',(#5140),#5144);
#5140 = LINE('',#5141,#5142);
#5141 = CARTESIAN_POINT('',(-7.245736055064,-3.475271149675));
#5142 = VECTOR('',#5143,1.);
#5143 = DIRECTION('',(1.,-0.));
#5144 = ( GEOMETRIC_REPRESENTATION_CONTEXT(2) 
PARAMETRIC_REPRESENTATION_CONTEXT() REPRESENTATION_CONTEXT('2D SPACE',''
  ) );
#5145 = PCURVE('',#5146,#5151);
#5146 = PLANE('',#5147);
#5147 = AXIS2_PLACEMENT_3D('',#5148,#5149,#5150);
#5148 = CARTESIAN_POINT('',(-83.,-13.375,5.975271149675));
#5149 = DIRECTION('',(0.,0.,1.));
#5150 = DIRECTION('',(1.,0.,-0.));
#5151 = DEFINITIONAL_REPRESENTATION('',(#5152),#5160);
#5152 = ( BOUNDED_CURVE() B_SPLINE_CURVE(2,(#5153,#5154,#5155,#5156,
#5157,#5158,#5159),.UNSPECIFIED.,.T.,.F.) B_SPLINE_CURVE_WITH_KNOTS((1,2
    ,2,2,2,1),(-2.094395102393,0.,2.094395102393,4.188790204786,
6.28318530718,8.377580409573),.UNSPECIFIED.) CURVE() 
GEOMETRIC_REPRESENTATION_ITEM() RATIONAL_B_SPLINE_CURVE((1.,0.5,1.,0.5,
1.,0.5,1.)) REPRESENTATION_ITEM('') );
#5153 = CARTESIAN_POINT('',(2.,2.872281323269));
#5154 = CARTESIAN_POINT('',(6.974937185533,-0.591820291869));
#5155 = CARTESIAN_POINT('',(1.487468592767,-3.168191469203));
#5156 = CARTESIAN_POINT('',(-4.,-5.744562646538));
#5157 = CARTESIAN_POINT('',(-3.487468592767,0.295910145934));
#5158 = CARTESIAN_POINT('',(-2.974937185533,6.336382938407));
#5159 = CARTESIAN_POINT('',(2.,2.872281323269));
#5160 = ( GEOMETRIC_REPRESENTATION_CONTEXT(2) 
PARAMETRIC_REPRESENTATION_CONTEXT() REPRESENTATION_CONTEXT('2D SPACE',''
  ) );
#5161 = ORIENTED_EDGE('',*,*,#5162,.T.);
#5162 = EDGE_CURVE('',#5130,#3706,#5163,.T.);
#5163 = SURFACE_CURVE('',#5164,(#5168,#5174),.PCURVE_S1.);
#5164 = LINE('',#5165,#5166);
#5165 = CARTESIAN_POINT('',(-81.,-10.50271867673,2.5));
#5166 = VECTOR('',#5167,1.);
#5167 = DIRECTION('',(-0.,-0.,-1.));
#5168 = PCURVE('',#3728,#5169);
#5169 = DEFINITIONAL_REPRESENTATION('',(#5170),#5173);
#5170 = B_SPLINE_CURVE_WITH_KNOTS('',1,(#5171,#5172),.UNSPECIFIED.,.F.,
  .F.,(2,2),(-3.475271149675,-0.),.PIECEWISE_BEZIER_KNOTS.);
#5171 = CARTESIAN_POINT('',(-7.245736055064,-3.475271149675));
#5172 = CARTESIAN_POINT('',(-7.245736055064,0.));
#5173 = ( GEOMETRIC_REPRESENTATION_CONTEXT(2) 
PARAMETRIC_REPRESENTATION_CONTEXT() REPRESENTATION_CONTEXT('2D SPACE',''
  ) );
#5174 = PCURVE('',#3860,#5175);
#5175 = DEFINITIONAL_REPRESENTATION('',(#5176),#5179);
#5176 = B_SPLINE_CURVE_WITH_KNOTS('',1,(#5177,#5178),.UNSPECIFIED.,.F.,
  .F.,(2,2),(-3.475271749675,5.999999999062E-07),
  .PIECEWISE_BEZIER_KNOTS.);
#5177 = CARTESIAN_POINT('',(3.653636216726,-4.630788862655));
#5178 = CARTESIAN_POINT('',(0.203724428202,-4.211710641056));
#5179 = ( GEOMETRIC_REPRESENTATION_CONTEXT(2) 
PARAMETRIC_REPRESENTATION_CONTEXT() REPRESENTATION_CONTEXT('2D SPACE',''
  ) );
#5180 = ADVANCED_FACE('',(#5181),#3755,.T.);
#5181 = FACE_BOUND('',#5182,.T.);
#5182 = EDGE_LOOP('',(#5183,#5208,#5231,#5254,#5282,#5307,#5308,#5309));
#5183 = ORIENTED_EDGE('',*,*,#5184,.F.);
#5184 = EDGE_CURVE('',#5185,#5187,#5189,.T.);
#5185 = VERTEX_POINT('',#5186);
#5186 = CARTESIAN_POINT('',(-81.,-14.65912780556,1.78987735387));
#5187 = VERTEX_POINT('',#5188);
#5188 = CARTESIAN_POINT('',(-81.,-15.14148219904,5.76068762875));
#5189 = SURFACE_CURVE('',#5190,(#5194,#5201),.PCURVE_S1.);
#5190 = LINE('',#5191,#5192);
#5191 = CARTESIAN_POINT('',(-81.,-14.65912780556,1.78987735387));
#5192 = VECTOR('',#5193,1.);
#5193 = DIRECTION('',(0.,-0.120588598369,0.99270256872));
#5194 = PCURVE('',#3755,#5195);
#5195 = DEFINITIONAL_REPRESENTATION('',(#5196),#5200);
#5196 = LINE('',#5197,#5198);
#5197 = CARTESIAN_POINT('',(0.,54.));
#5198 = VECTOR('',#5199,1.);
#5199 = DIRECTION('',(1.,0.));
#5200 = ( GEOMETRIC_REPRESENTATION_CONTEXT(2) 
PARAMETRIC_REPRESENTATION_CONTEXT() REPRESENTATION_CONTEXT('2D SPACE',''
  ) );
#5201 = PCURVE('',#3860,#5202);
#5202 = DEFINITIONAL_REPRESENTATION('',(#5203),#5207);
#5203 = LINE('',#5204,#5205);
#5204 = CARTESIAN_POINT('',(0.,0.));
#5205 = VECTOR('',#5206,1.);
#5206 = DIRECTION('',(1.,0.));
#5207 = ( GEOMETRIC_REPRESENTATION_CONTEXT(2) 
PARAMETRIC_REPRESENTATION_CONTEXT() REPRESENTATION_CONTEXT('2D SPACE',''
  ) );
#5208 = ORIENTED_EDGE('',*,*,#5209,.F.);
#5209 = EDGE_CURVE('',#5210,#5185,#5212,.T.);
#5210 = VERTEX_POINT('',#5211);
#5211 = CARTESIAN_POINT('',(-135.,-14.65912780556,1.78987735387));
#5212 = SURFACE_CURVE('',#5213,(#5217,#5224),.PCURVE_S1.);
#5213 = LINE('',#5214,#5215);
#5214 = CARTESIAN_POINT('',(-135.,-14.65912780556,1.78987735387));
#5215 = VECTOR('',#5216,1.);
#5216 = DIRECTION('',(1.,0.,0.));
#5217 = PCURVE('',#3755,#5218);
#5218 = DEFINITIONAL_REPRESENTATION('',(#5219),#5223);
#5219 = LINE('',#5220,#5221);
#5220 = CARTESIAN_POINT('',(0.,0.));
#5221 = VECTOR('',#5222,1.);
#5222 = DIRECTION('',(0.,1.));
#5223 = ( GEOMETRIC_REPRESENTATION_CONTEXT(2) 
PARAMETRIC_REPRESENTATION_CONTEXT() REPRESENTATION_CONTEXT('2D SPACE',''
  ) );
#5224 = PCURVE('',#3836,#5225);
#5225 = DEFINITIONAL_REPRESENTATION('',(#5226),#5230);
#5226 = LINE('',#5227,#5228);
#5227 = CARTESIAN_POINT('',(0.,0.));
#5228 = VECTOR('',#5229,1.);
#5229 = DIRECTION('',(1.,0.));
#5230 = ( GEOMETRIC_REPRESENTATION_CONTEXT(2) 
PARAMETRIC_REPRESENTATION_CONTEXT() REPRESENTATION_CONTEXT('2D SPACE',''
  ) );
#5231 = ORIENTED_EDGE('',*,*,#5232,.T.);
#5232 = EDGE_CURVE('',#5210,#5233,#5235,.T.);
#5233 = VERTEX_POINT('',#5234);
#5234 = CARTESIAN_POINT('',(-135.,-15.14148219904,5.76068762875));
#5235 = SURFACE_CURVE('',#5236,(#5240,#5247),.PCURVE_S1.);
#5236 = LINE('',#5237,#5238);
#5237 = CARTESIAN_POINT('',(-135.,-14.65912780556,1.78987735387));
#5238 = VECTOR('',#5239,1.);
#5239 = DIRECTION('',(0.,-0.120588598369,0.99270256872));
#5240 = PCURVE('',#3755,#5241);
#5241 = DEFINITIONAL_REPRESENTATION('',(#5242),#5246);
#5242 = LINE('',#5243,#5244);
#5243 = CARTESIAN_POINT('',(0.,0.));
#5244 = VECTOR('',#5245,1.);
#5245 = DIRECTION('',(1.,0.));
#5246 = ( GEOMETRIC_REPRESENTATION_CONTEXT(2) 
PARAMETRIC_REPRESENTATION_CONTEXT() REPRESENTATION_CONTEXT('2D SPACE',''
  ) );
#5247 = PCURVE('',#3810,#5248);
#5248 = DEFINITIONAL_REPRESENTATION('',(#5249),#5253);
#5249 = LINE('',#5250,#5251);
#5250 = CARTESIAN_POINT('',(0.,0.));
#5251 = VECTOR('',#5252,1.);
#5252 = DIRECTION('',(1.,0.));
#5253 = ( GEOMETRIC_REPRESENTATION_CONTEXT(2) 
PARAMETRIC_REPRESENTATION_CONTEXT() REPRESENTATION_CONTEXT('2D SPACE',''
  ) );
#5254 = ORIENTED_EDGE('',*,*,#5255,.T.);
#5255 = EDGE_CURVE('',#5233,#5256,#5258,.T.);
#5256 = VERTEX_POINT('',#5257);
#5257 = CARTESIAN_POINT('',(-129.9784870279,-15.14148219904,
    5.76068762875));
#5258 = SURFACE_CURVE('',#5259,(#5263,#5270),.PCURVE_S1.);
#5259 = LINE('',#5260,#5261);
#5260 = CARTESIAN_POINT('',(-135.,-15.14148219904,5.76068762875));
#5261 = VECTOR('',#5262,1.);
#5262 = DIRECTION('',(1.,0.,0.));
#5263 = PCURVE('',#3755,#5264);
#5264 = DEFINITIONAL_REPRESENTATION('',(#5265),#5269);
#5265 = LINE('',#5266,#5267);
#5266 = CARTESIAN_POINT('',(4.,0.));
#5267 = VECTOR('',#5268,1.);
#5268 = DIRECTION('',(0.,1.));
#5269 = ( GEOMETRIC_REPRESENTATION_CONTEXT(2) 
PARAMETRIC_REPRESENTATION_CONTEXT() REPRESENTATION_CONTEXT('2D SPACE',''
  ) );
#5270 = PCURVE('',#5271,#5276);
#5271 = PLANE('',#5272);
#5272 = AXIS2_PLACEMENT_3D('',#5273,#5274,#5275);
#5273 = CARTESIAN_POINT('',(-135.,-15.14148219904,5.76068762875));
#5274 = DIRECTION('',(0.,-0.120588598369,0.99270256872));
#5275 = DIRECTION('',(1.,0.,0.));
#5276 = DEFINITIONAL_REPRESENTATION('',(#5277),#5281);
#5277 = LINE('',#5278,#5279);
#5278 = CARTESIAN_POINT('',(0.,0.));
#5279 = VECTOR('',#5280,1.);
#5280 = DIRECTION('',(1.,0.));
#5281 = ( GEOMETRIC_REPRESENTATION_CONTEXT(2) 
PARAMETRIC_REPRESENTATION_CONTEXT() REPRESENTATION_CONTEXT('2D SPACE',''
  ) );
#5282 = ORIENTED_EDGE('',*,*,#5283,.T.);
#5283 = EDGE_CURVE('',#5256,#3741,#5284,.T.);
#5284 = SURFACE_CURVE('',#5285,(#5290,#5297),.PCURVE_S1.);
#5285 = ELLIPSE('',#5286,29.024302855538,3.5);
#5286 = AXIS2_PLACEMENT_3D('',#5287,#5288,#5289);
#5287 = CARTESIAN_POINT('',(-133.,-13.375,-8.781246188348));
#5288 = DIRECTION('',(0.,0.99270256872,0.120588598369));
#5289 = DIRECTION('',(0.,0.120588598369,-0.99270256872));
#5290 = PCURVE('',#3755,#5291);
#5291 = DEFINITIONAL_REPRESENTATION('',(#5292),#5296);
#5292 = ELLIPSE('',#5293,29.024302855538,3.5);
#5293 = AXIS2_PLACEMENT_2D('',#5294,#5295);
#5294 = CARTESIAN_POINT('',(-10.64883266681,2.));
#5295 = DIRECTION('',(-1.,0.));
#5296 = ( GEOMETRIC_REPRESENTATION_CONTEXT(2) 
PARAMETRIC_REPRESENTATION_CONTEXT() REPRESENTATION_CONTEXT('2D SPACE',''
  ) );
#5297 = PCURVE('',#3783,#5298);
#5298 = DEFINITIONAL_REPRESENTATION('',(#5299),#5306);
#5299 = B_SPLINE_CURVE_WITH_KNOTS('',5,(#5300,#5301,#5302,#5303,#5304,
    #5305),.UNSPECIFIED.,.F.,.F.,(6,6),(4.174694916818,4.310084387367),
  .PIECEWISE_BEZIER_KNOTS.);
#5300 = CARTESIAN_POINT('',(-5.745491243613,-3.475271749675));
#5301 = CARTESIAN_POINT('',(-5.772569137723,-2.805179849873));
#5302 = CARTESIAN_POINT('',(-5.799647031833,-2.121563376067));
#5303 = CARTESIAN_POINT('',(-5.826724925943,-1.425445894471));
#5304 = CARTESIAN_POINT('',(-5.853802820052,-0.717892363896));
#5305 = CARTESIAN_POINT('',(-5.880880714162,6.00000008788E-07));
#5306 = ( GEOMETRIC_REPRESENTATION_CONTEXT(2) 
PARAMETRIC_REPRESENTATION_CONTEXT() REPRESENTATION_CONTEXT('2D SPACE',''
  ) );
#5307 = ORIENTED_EDGE('',*,*,#3740,.F.);
#5308 = ORIENTED_EDGE('',*,*,#5067,.T.);
#5309 = ORIENTED_EDGE('',*,*,#5310,.T.);
#5310 = EDGE_CURVE('',#5068,#5187,#5311,.T.);
#5311 = SURFACE_CURVE('',#5312,(#5316,#5323),.PCURVE_S1.);
#5312 = LINE('',#5313,#5314);
#5313 = CARTESIAN_POINT('',(-135.,-15.14148219904,5.76068762875));
#5314 = VECTOR('',#5315,1.);
#5315 = DIRECTION('',(1.,0.,0.));
#5316 = PCURVE('',#3755,#5317);
#5317 = DEFINITIONAL_REPRESENTATION('',(#5318),#5322);
#5318 = LINE('',#5319,#5320);
#5319 = CARTESIAN_POINT('',(4.,0.));
#5320 = VECTOR('',#5321,1.);
#5321 = DIRECTION('',(0.,1.));
#5322 = ( GEOMETRIC_REPRESENTATION_CONTEXT(2) 
PARAMETRIC_REPRESENTATION_CONTEXT() REPRESENTATION_CONTEXT('2D SPACE',''
  ) );
#5323 = PCURVE('',#5117,#5324);
#5324 = DEFINITIONAL_REPRESENTATION('',(#5325),#5329);
#5325 = LINE('',#5326,#5327);
#5326 = CARTESIAN_POINT('',(0.,0.));
#5327 = VECTOR('',#5328,1.);
#5328 = DIRECTION('',(1.,0.));
#5329 = ( GEOMETRIC_REPRESENTATION_CONTEXT(2) 
PARAMETRIC_REPRESENTATION_CONTEXT() REPRESENTATION_CONTEXT('2D SPACE',''
  ) );
#5330 = ADVANCED_FACE('',(#5331),#3783,.T.);
#5331 = FACE_BOUND('',#5332,.F.);
#5332 = EDGE_LOOP('',(#5333,#5364,#5392,#5393,#5394));
#5333 = ORIENTED_EDGE('',*,*,#5334,.T.);
#5334 = EDGE_CURVE('',#5335,#5337,#5339,.T.);
#5335 = VERTEX_POINT('',#5336);
#5336 = CARTESIAN_POINT('',(-135.,-10.50271867673,5.975271149675));
#5337 = VERTEX_POINT('',#5338);
#5338 = CARTESIAN_POINT('',(-129.5,-13.375,5.975271149675));
#5339 = SURFACE_CURVE('',#5340,(#5345,#5352),.PCURVE_S1.);
#5340 = CIRCLE('',#5341,3.5);
#5341 = AXIS2_PLACEMENT_3D('',#5342,#5343,#5344);
#5342 = CARTESIAN_POINT('',(-133.,-13.375,5.975271149675));
#5343 = DIRECTION('',(0.,0.,1.));
#5344 = DIRECTION('',(1.,0.,0.));
#5345 = PCURVE('',#3783,#5346);
#5346 = DEFINITIONAL_REPRESENTATION('',(#5347),#5351);
#5347 = LINE('',#5348,#5349);
#5348 = CARTESIAN_POINT('',(-0.,-3.475271149675));
#5349 = VECTOR('',#5350,1.);
#5350 = DIRECTION('',(-1.,0.));
#5351 = ( GEOMETRIC_REPRESENTATION_CONTEXT(2) 
PARAMETRIC_REPRESENTATION_CONTEXT() REPRESENTATION_CONTEXT('2D SPACE',''
  ) );
#5352 = PCURVE('',#5353,#5358);
#5353 = PLANE('',#5354);
#5354 = AXIS2_PLACEMENT_3D('',#5355,#5356,#5357);
#5355 = CARTESIAN_POINT('',(-133.,-13.375,5.975271149675));
#5356 = DIRECTION('',(0.,0.,1.));
#5357 = DIRECTION('',(1.,0.,-0.));
#5358 = DEFINITIONAL_REPRESENTATION('',(#5359),#5363);
#5359 = CIRCLE('',#5360,3.5);
#5360 = AXIS2_PLACEMENT_2D('',#5361,#5362);
#5361 = CARTESIAN_POINT('',(0.,-1.7763568394E-15));
#5362 = DIRECTION('',(1.,0.));
#5363 = ( GEOMETRIC_REPRESENTATION_CONTEXT(2) 
PARAMETRIC_REPRESENTATION_CONTEXT() REPRESENTATION_CONTEXT('2D SPACE',''
  ) );
#5364 = ORIENTED_EDGE('',*,*,#5365,.F.);
#5365 = EDGE_CURVE('',#5256,#5337,#5366,.T.);
#5366 = SURFACE_CURVE('',#5367,(#5372,#5385),.PCURVE_S1.);
#5367 = ELLIPSE('',#5368,3.525728763363,3.5);
#5368 = AXIS2_PLACEMENT_3D('',#5369,#5370,#5371);
#5369 = CARTESIAN_POINT('',(-133.,-13.375,5.975271149675));
#5370 = DIRECTION('',(0.,-0.120588598369,0.99270256872));
#5371 = DIRECTION('',(0.,-0.99270256872,-0.120588598369));
#5372 = PCURVE('',#3783,#5373);
#5373 = DEFINITIONAL_REPRESENTATION('',(#5374),#5384);
#5374 = B_SPLINE_CURVE_WITH_KNOTS('',8,(#5375,#5376,#5377,#5378,#5379,
    #5380,#5381,#5382,#5383),.UNSPECIFIED.,.F.,.F.,(9,9),(4.71238756916,
    7.853981633974),.PIECEWISE_BEZIER_KNOTS.);
#5375 = CARTESIAN_POINT('',(-3.141591242365,-3.475271749675));
#5376 = CARTESIAN_POINT('',(-3.534290500467,-3.308310676816));
#5377 = CARTESIAN_POINT('',(-3.926989758557,-3.141348166928));
#5378 = CARTESIAN_POINT('',(-4.319689016709,-3.013634149633));
#5379 = CARTESIAN_POINT('',(-4.712388274682,-2.964311158521));
#5380 = CARTESIAN_POINT('',(-5.105087532913,-3.01363386676));
#5381 = CARTESIAN_POINT('',(-5.497786790964,-3.141347672691));
#5382 = CARTESIAN_POINT('',(-5.890486049078,-3.308310076816));
#5383 = CARTESIAN_POINT('',(-6.28318530718,-3.475271149675));
#5384 = ( GEOMETRIC_REPRESENTATION_CONTEXT(2) 
PARAMETRIC_REPRESENTATION_CONTEXT() REPRESENTATION_CONTEXT('2D SPACE',''
  ) );
#5385 = PCURVE('',#5271,#5386);
#5386 = DEFINITIONAL_REPRESENTATION('',(#5387),#5391);
#5387 = ELLIPSE('',#5388,3.525728763363,3.5);
#5388 = AXIS2_PLACEMENT_2D('',#5389,#5390);
#5389 = CARTESIAN_POINT('',(2.,1.779467742607));
#5390 = DIRECTION('',(0.,-1.));
#5391 = ( GEOMETRIC_REPRESENTATION_CONTEXT(2) 
PARAMETRIC_REPRESENTATION_CONTEXT() REPRESENTATION_CONTEXT('2D SPACE',''
  ) );
#5392 = ORIENTED_EDGE('',*,*,#5283,.T.);
#5393 = ORIENTED_EDGE('',*,*,#3766,.F.);
#5394 = ORIENTED_EDGE('',*,*,#5395,.F.);
#5395 = EDGE_CURVE('',#5335,#3767,#5396,.T.);
#5396 = SURFACE_CURVE('',#5397,(#5401,#5407),.PCURVE_S1.);
#5397 = LINE('',#5398,#5399);
#5398 = CARTESIAN_POINT('',(-135.,-10.50271867673,2.5));
#5399 = VECTOR('',#5400,1.);
#5400 = DIRECTION('',(-0.,-0.,-1.));
#5401 = PCURVE('',#3783,#5402);
#5402 = DEFINITIONAL_REPRESENTATION('',(#5403),#5406);
#5403 = B_SPLINE_CURVE_WITH_KNOTS('',1,(#5404,#5405),.UNSPECIFIED.,.F.,
  .F.,(2,2),(-3.475271749675,5.999999999062E-07),
  .PIECEWISE_BEZIER_KNOTS.);
#5404 = CARTESIAN_POINT('',(-2.179041905705,-3.475271749675));
#5405 = CARTESIAN_POINT('',(-2.179041905705,5.999999999062E-07));
#5406 = ( GEOMETRIC_REPRESENTATION_CONTEXT(2) 
PARAMETRIC_REPRESENTATION_CONTEXT() REPRESENTATION_CONTEXT('2D SPACE',''
  ) );
#5407 = PCURVE('',#3810,#5408);
#5408 = DEFINITIONAL_REPRESENTATION('',(#5409),#5412);
#5409 = B_SPLINE_CURVE_WITH_KNOTS('',1,(#5410,#5411),.UNSPECIFIED.,.F.,
  .F.,(2,2),(-3.475271749675,5.999999999062E-07),
  .PIECEWISE_BEZIER_KNOTS.);
#5410 = CARTESIAN_POINT('',(3.653636216726,-4.630788862655));
#5411 = CARTESIAN_POINT('',(0.203724428202,-4.211710641056));
#5412 = ( GEOMETRIC_REPRESENTATION_CONTEXT(2) 
PARAMETRIC_REPRESENTATION_CONTEXT() REPRESENTATION_CONTEXT('2D SPACE',''
  ) );
#5413 = ADVANCED_FACE('',(#5414),#3810,.T.);
#5414 = FACE_BOUND('',#5415,.T.);
#5415 = EDGE_LOOP('',(#5416,#5439,#5440,#5461,#5462,#5463));
#5416 = ORIENTED_EDGE('',*,*,#5417,.F.);
#5417 = EDGE_CURVE('',#5233,#5418,#5420,.T.);
#5418 = VERTEX_POINT('',#5419);
#5419 = CARTESIAN_POINT('',(-135.,-13.375,5.975271149675));
#5420 = SURFACE_CURVE('',#5421,(#5425,#5432),.PCURVE_S1.);
#5421 = LINE('',#5422,#5423);
#5422 = CARTESIAN_POINT('',(-135.,-15.14148219904,5.76068762875));
#5423 = VECTOR('',#5424,1.);
#5424 = DIRECTION('',(0.,0.99270256872,0.120588598369));
#5425 = PCURVE('',#3810,#5426);
#5426 = DEFINITIONAL_REPRESENTATION('',(#5427),#5431);
#5427 = LINE('',#5428,#5429);
#5428 = CARTESIAN_POINT('',(4.,-9.436895709314E-16));
#5429 = VECTOR('',#5430,1.);
#5430 = DIRECTION('',(0.,-1.));
#5431 = ( GEOMETRIC_REPRESENTATION_CONTEXT(2) 
PARAMETRIC_REPRESENTATION_CONTEXT() REPRESENTATION_CONTEXT('2D SPACE',''
  ) );
#5432 = PCURVE('',#5271,#5433);
#5433 = DEFINITIONAL_REPRESENTATION('',(#5434),#5438);
#5434 = LINE('',#5435,#5436);
#5435 = CARTESIAN_POINT('',(0.,0.));
#5436 = VECTOR('',#5437,1.);
#5437 = DIRECTION('',(0.,1.));
#5438 = ( GEOMETRIC_REPRESENTATION_CONTEXT(2) 
PARAMETRIC_REPRESENTATION_CONTEXT() REPRESENTATION_CONTEXT('2D SPACE',''
  ) );
#5439 = ORIENTED_EDGE('',*,*,#5232,.F.);
#5440 = ORIENTED_EDGE('',*,*,#5441,.T.);
#5441 = EDGE_CURVE('',#5210,#3796,#5442,.T.);
#5442 = SURFACE_CURVE('',#5443,(#5447,#5454),.PCURVE_S1.);
#5443 = LINE('',#5444,#5445);
#5444 = CARTESIAN_POINT('',(-135.,-14.65912780556,1.78987735387));
#5445 = VECTOR('',#5446,1.);
#5446 = DIRECTION('',(0.,0.99270256872,0.120588598369));
#5447 = PCURVE('',#3810,#5448);
#5448 = DEFINITIONAL_REPRESENTATION('',(#5449),#5453);
#5449 = LINE('',#5450,#5451);
#5450 = CARTESIAN_POINT('',(0.,0.));
#5451 = VECTOR('',#5452,1.);
#5452 = DIRECTION('',(0.,-1.));
#5453 = ( GEOMETRIC_REPRESENTATION_CONTEXT(2) 
PARAMETRIC_REPRESENTATION_CONTEXT() REPRESENTATION_CONTEXT('2D SPACE',''
  ) );
#5454 = PCURVE('',#3836,#5455);
#5455 = DEFINITIONAL_REPRESENTATION('',(#5456),#5460);
#5456 = LINE('',#5457,#5458);
#5457 = CARTESIAN_POINT('',(0.,0.));
#5458 = VECTOR('',#5459,1.);
#5459 = DIRECTION('',(0.,1.));
#5460 = ( GEOMETRIC_REPRESENTATION_CONTEXT(2) 
PARAMETRIC_REPRESENTATION_CONTEXT() REPRESENTATION_CONTEXT('2D SPACE',''
  ) );
#5461 = ORIENTED_EDGE('',*,*,#3795,.F.);
#5462 = ORIENTED_EDGE('',*,*,#5395,.F.);
#5463 = ORIENTED_EDGE('',*,*,#5464,.F.);
#5464 = EDGE_CURVE('',#5418,#5335,#5465,.T.);
#5465 = SURFACE_CURVE('',#5466,(#5470,#5476),.PCURVE_S1.);
#5466 = LINE('',#5467,#5468);
#5467 = CARTESIAN_POINT('',(-135.,-14.01706390278,5.975271149675));
#5468 = VECTOR('',#5469,1.);
#5469 = DIRECTION('',(0.,1.,0.));
#5470 = PCURVE('',#3810,#5471);
#5471 = DEFINITIONAL_REPRESENTATION('',(#5472),#5475);
#5472 = B_SPLINE_CURVE_WITH_KNOTS('',1,(#5473,#5474),.UNSPECIFIED.,.F.,
  .F.,(2,2),(0.642063902781,4.142063902781),.PIECEWISE_BEZIER_KNOTS.);
#5473 = CARTESIAN_POINT('',(4.,-1.779467742607));
#5474 = CARTESIAN_POINT('',(3.577939905707,-5.253926733127));
#5475 = ( GEOMETRIC_REPRESENTATION_CONTEXT(2) 
PARAMETRIC_REPRESENTATION_CONTEXT() REPRESENTATION_CONTEXT('2D SPACE',''
  ) );
#5476 = PCURVE('',#5353,#5477);
#5477 = DEFINITIONAL_REPRESENTATION('',(#5478),#5481);
#5478 = B_SPLINE_CURVE_WITH_KNOTS('',1,(#5479,#5480),.UNSPECIFIED.,.F.,
  .F.,(2,2),(0.642063902781,4.142063902781),.PIECEWISE_BEZIER_KNOTS.);
#5479 = CARTESIAN_POINT('',(-2.,-3.219646771413E-15));
#5480 = CARTESIAN_POINT('',(-2.,3.5));
#5481 = ( GEOMETRIC_REPRESENTATION_CONTEXT(2) 
PARAMETRIC_REPRESENTATION_CONTEXT() REPRESENTATION_CONTEXT('2D SPACE',''
  ) );
#5482 = ADVANCED_FACE('',(#5483),#3836,.T.);
#5483 = FACE_BOUND('',#5484,.T.);
#5484 = EDGE_LOOP('',(#5485,#5486,#5487,#5508));
#5485 = ORIENTED_EDGE('',*,*,#5441,.F.);
#5486 = ORIENTED_EDGE('',*,*,#5209,.T.);
#5487 = ORIENTED_EDGE('',*,*,#5488,.T.);
#5488 = EDGE_CURVE('',#5185,#3822,#5489,.T.);
#5489 = SURFACE_CURVE('',#5490,(#5494,#5501),.PCURVE_S1.);
#5490 = LINE('',#5491,#5492);
#5491 = CARTESIAN_POINT('',(-81.,-14.65912780556,1.78987735387));
#5492 = VECTOR('',#5493,1.);
#5493 = DIRECTION('',(0.,0.99270256872,0.120588598369));
#5494 = PCURVE('',#3836,#5495);
#5495 = DEFINITIONAL_REPRESENTATION('',(#5496),#5500);
#5496 = LINE('',#5497,#5498);
#5497 = CARTESIAN_POINT('',(54.,0.));
#5498 = VECTOR('',#5499,1.);
#5499 = DIRECTION('',(0.,1.));
#5500 = ( GEOMETRIC_REPRESENTATION_CONTEXT(2) 
PARAMETRIC_REPRESENTATION_CONTEXT() REPRESENTATION_CONTEXT('2D SPACE',''
  ) );
#5501 = PCURVE('',#3860,#5502);
#5502 = DEFINITIONAL_REPRESENTATION('',(#5503),#5507);
#5503 = LINE('',#5504,#5505);
#5504 = CARTESIAN_POINT('',(0.,0.));
#5505 = VECTOR('',#5506,1.);
#5506 = DIRECTION('',(0.,-1.));
#5507 = ( GEOMETRIC_REPRESENTATION_CONTEXT(2) 
PARAMETRIC_REPRESENTATION_CONTEXT() REPRESENTATION_CONTEXT('2D SPACE',''
  ) );
#5508 = ORIENTED_EDGE('',*,*,#3821,.F.);
#5509 = ADVANCED_FACE('',(#5510),#3860,.F.);
#5510 = FACE_BOUND('',#5511,.F.);
#5511 = EDGE_LOOP('',(#5512,#5535,#5536,#5537,#5538,#5539));
#5512 = ORIENTED_EDGE('',*,*,#5513,.F.);
#5513 = EDGE_CURVE('',#5187,#5514,#5516,.T.);
#5514 = VERTEX_POINT('',#5515);
#5515 = CARTESIAN_POINT('',(-81.,-13.375,5.975271149675));
#5516 = SURFACE_CURVE('',#5517,(#5521,#5528),.PCURVE_S1.);
#5517 = LINE('',#5518,#5519);
#5518 = CARTESIAN_POINT('',(-81.,-15.14148219904,5.76068762875));
#5519 = VECTOR('',#5520,1.);
#5520 = DIRECTION('',(0.,0.99270256872,0.120588598369));
#5521 = PCURVE('',#3860,#5522);
#5522 = DEFINITIONAL_REPRESENTATION('',(#5523),#5527);
#5523 = LINE('',#5524,#5525);
#5524 = CARTESIAN_POINT('',(4.,-9.436895709314E-16));
#5525 = VECTOR('',#5526,1.);
#5526 = DIRECTION('',(0.,-1.));
#5527 = ( GEOMETRIC_REPRESENTATION_CONTEXT(2) 
PARAMETRIC_REPRESENTATION_CONTEXT() REPRESENTATION_CONTEXT('2D SPACE',''
  ) );
#5528 = PCURVE('',#5117,#5529);
#5529 = DEFINITIONAL_REPRESENTATION('',(#5530),#5534);
#5530 = LINE('',#5531,#5532);
#5531 = CARTESIAN_POINT('',(54.,0.));
#5532 = VECTOR('',#5533,1.);
#5533 = DIRECTION('',(0.,1.));
#5534 = ( GEOMETRIC_REPRESENTATION_CONTEXT(2) 
PARAMETRIC_REPRESENTATION_CONTEXT() REPRESENTATION_CONTEXT('2D SPACE',''
  ) );
#5535 = ORIENTED_EDGE('',*,*,#5184,.F.);
#5536 = ORIENTED_EDGE('',*,*,#5488,.T.);
#5537 = ORIENTED_EDGE('',*,*,#3847,.F.);
#5538 = ORIENTED_EDGE('',*,*,#5162,.F.);
#5539 = ORIENTED_EDGE('',*,*,#5540,.F.);
#5540 = EDGE_CURVE('',#5514,#5130,#5541,.T.);
#5541 = SURFACE_CURVE('',#5542,(#5546,#5552),.PCURVE_S1.);
#5542 = LINE('',#5543,#5544);
#5543 = CARTESIAN_POINT('',(-81.,-14.01706390278,5.975271149675));
#5544 = VECTOR('',#5545,1.);
#5545 = DIRECTION('',(0.,1.,0.));
#5546 = PCURVE('',#3860,#5547);
#5547 = DEFINITIONAL_REPRESENTATION('',(#5548),#5551);
#5548 = B_SPLINE_CURVE_WITH_KNOTS('',1,(#5549,#5550),.UNSPECIFIED.,.F.,
  .F.,(2,2),(0.642063902781,4.142063902781),.PIECEWISE_BEZIER_KNOTS.);
#5549 = CARTESIAN_POINT('',(4.,-1.779467742607));
#5550 = CARTESIAN_POINT('',(3.577939905707,-5.253926733127));
#5551 = ( GEOMETRIC_REPRESENTATION_CONTEXT(2) 
PARAMETRIC_REPRESENTATION_CONTEXT() REPRESENTATION_CONTEXT('2D SPACE',''
  ) );
#5552 = PCURVE('',#5146,#5553);
#5553 = DEFINITIONAL_REPRESENTATION('',(#5554),#5557);
#5554 = B_SPLINE_CURVE_WITH_KNOTS('',1,(#5555,#5556),.UNSPECIFIED.,.F.,
  .F.,(2,2),(0.642063902781,4.142063902781),.PIECEWISE_BEZIER_KNOTS.);
#5555 = CARTESIAN_POINT('',(2.,-3.219646771413E-15));
#5556 = CARTESIAN_POINT('',(2.,3.5));
#5557 = ( GEOMETRIC_REPRESENTATION_CONTEXT(2) 
PARAMETRIC_REPRESENTATION_CONTEXT() REPRESENTATION_CONTEXT('2D SPACE',''
  ) );
#5558 = ADVANCED_FACE('',(#5559),#3890,.T.);
#5559 = FACE_BOUND('',#5560,.F.);
#5560 = EDGE_LOOP('',(#5561,#5562,#5585,#5627,#5659,#5688,#5723,#5749,
    #5784));
#5561 = ORIENTED_EDGE('',*,*,#3873,.F.);
#5562 = ORIENTED_EDGE('',*,*,#5563,.T.);
#5563 = EDGE_CURVE('',#3874,#5564,#5566,.T.);
#5564 = VERTEX_POINT('',#5565);
#5565 = CARTESIAN_POINT('',(-129.5,46.625,9.234370102485));
#5566 = SEAM_CURVE('',#5567,(#5571,#5578),.PCURVE_S1.);
#5567 = LINE('',#5568,#5569);
#5568 = CARTESIAN_POINT('',(-129.5,46.625,2.5));
#5569 = VECTOR('',#5570,1.);
#5570 = DIRECTION('',(0.,0.,1.));
#5571 = PCURVE('',#3890,#5572);
#5572 = DEFINITIONAL_REPRESENTATION('',(#5573),#5577);
#5573 = LINE('',#5574,#5575);
#5574 = CARTESIAN_POINT('',(-6.28318530718,0.));
#5575 = VECTOR('',#5576,1.);
#5576 = DIRECTION('',(-0.,-1.));
#5577 = ( GEOMETRIC_REPRESENTATION_CONTEXT(2) 
PARAMETRIC_REPRESENTATION_CONTEXT() REPRESENTATION_CONTEXT('2D SPACE',''
  ) );
#5578 = PCURVE('',#3890,#5579);
#5579 = DEFINITIONAL_REPRESENTATION('',(#5580),#5584);
#5580 = LINE('',#5581,#5582);
#5581 = CARTESIAN_POINT('',(-0.,0.));
#5582 = VECTOR('',#5583,1.);
#5583 = DIRECTION('',(-0.,-1.));
#5584 = ( GEOMETRIC_REPRESENTATION_CONTEXT(2) 
PARAMETRIC_REPRESENTATION_CONTEXT() REPRESENTATION_CONTEXT('2D SPACE',''
  ) );
#5585 = ORIENTED_EDGE('',*,*,#5586,.T.);
#5586 = EDGE_CURVE('',#5564,#5587,#5589,.T.);
#5587 = VERTEX_POINT('',#5588);
#5588 = CARTESIAN_POINT('',(-130.3180727116,48.873836592518,
    9.507547649515));
#5589 = SURFACE_CURVE('',#5590,(#5595,#5615),.PCURVE_S1.);
#5590 = ELLIPSE('',#5591,3.525728763363,3.5);
#5591 = AXIS2_PLACEMENT_3D('',#5592,#5593,#5594);
#5592 = CARTESIAN_POINT('',(-133.,46.625,9.234370102485));
#5593 = DIRECTION('',(0.,-0.120588598369,0.99270256872));
#5594 = DIRECTION('',(0.,-0.99270256872,-0.120588598369));
#5595 = PCURVE('',#3890,#5596);
#5596 = DEFINITIONAL_REPRESENTATION('',(#5597),#5614);
#5597 = B_SPLINE_CURVE_WITH_KNOTS('',8,(#5598,#5599,#5600,#5601,#5602,
    #5603,#5604,#5605,#5606,#5607,#5608,#5609,#5610,#5611,#5612,#5613),
  .UNSPECIFIED.,.F.,.F.,(9,7,9),(1.570796326795,4.712388980385,
    7.853981633974),.UNSPECIFIED.);
#5598 = CARTESIAN_POINT('',(0.,-6.734370102485));
#5599 = CARTESIAN_POINT('',(-0.392699081699,-6.901331100344));
#5600 = CARTESIAN_POINT('',(-0.785398163398,-7.068293429466));
#5601 = CARTESIAN_POINT('',(-1.178097245093,-7.196007213272));
#5602 = CARTESIAN_POINT('',(-1.570796326798,-7.245330005004));
#5603 = CARTESIAN_POINT('',(-1.963495408488,-7.196007213275));
#5604 = CARTESIAN_POINT('',(-2.356194490191,-7.068293429465));
#5605 = CARTESIAN_POINT('',(-2.748893571891,-6.901331100344));
#5606 = CARTESIAN_POINT('',(-3.534291735289,-6.567409104626));
#5607 = CARTESIAN_POINT('',(-3.926990816991,-6.4004467755));
#5608 = CARTESIAN_POINT('',(-4.319689898666,-6.272732991689));
#5609 = CARTESIAN_POINT('',(-4.712388980399,-6.223410199938));
#5610 = CARTESIAN_POINT('',(-5.105088062064,-6.272732991689));
#5611 = CARTESIAN_POINT('',(-5.497787143785,-6.400446775499));
#5612 = CARTESIAN_POINT('',(-5.890486225481,-6.567409104626));
#5613 = CARTESIAN_POINT('',(-6.28318530718,-6.734370102485));
#5614 = ( GEOMETRIC_REPRESENTATION_CONTEXT(2) 
PARAMETRIC_REPRESENTATION_CONTEXT() REPRESENTATION_CONTEXT('2D SPACE',''
  ) );
#5615 = PCURVE('',#5616,#5621);
#5616 = PLANE('',#5617);
#5617 = AXIS2_PLACEMENT_3D('',#5618,#5619,#5620);
#5618 = CARTESIAN_POINT('',(-135.,-14.65912780556,1.78987735387));
#5619 = DIRECTION('',(0.,-0.120588598369,0.99270256872));
#5620 = DIRECTION('',(1.,0.,0.));
#5621 = DEFINITIONAL_REPRESENTATION('',(#5622),#5626);
#5622 = ELLIPSE('',#5623,3.525728763363,3.5);
#5623 = AXIS2_PLACEMENT_2D('',#5624,#5625);
#5624 = CARTESIAN_POINT('',(2.,61.734632040474));
#5625 = DIRECTION('',(0.,-1.));
#5626 = ( GEOMETRIC_REPRESENTATION_CONTEXT(2) 
PARAMETRIC_REPRESENTATION_CONTEXT() REPRESENTATION_CONTEXT('2D SPACE',''
  ) );
#5627 = ORIENTED_EDGE('',*,*,#5628,.F.);
#5628 = EDGE_CURVE('',#5629,#5587,#5631,.T.);
#5629 = VERTEX_POINT('',#5630);
#5630 = CARTESIAN_POINT('',(-129.9938780795,48.417548743881,
    13.263774403471));
#5631 = SURFACE_CURVE('',#5632,(#5637,#5647),.PCURVE_S1.);
#5632 = ELLIPSE('',#5633,29.024302855538,3.5);
#5633 = AXIS2_PLACEMENT_3D('',#5634,#5635,#5636);
#5634 = CARTESIAN_POINT('',(-133.,46.625,28.020291741493));
#5635 = DIRECTION('',(0.,0.99270256872,0.120588598369));
#5636 = DIRECTION('',(0.,0.120588598369,-0.99270256872));
#5637 = PCURVE('',#3890,#5638);
#5638 = DEFINITIONAL_REPRESENTATION('',(#5639),#5646);
#5639 = B_SPLINE_CURVE_WITH_KNOTS('',5,(#5640,#5641,#5642,#5643,#5644,
    #5645),.UNSPECIFIED.,.F.,.F.,(6,6),(5.25008299546,5.428301650812),
  .PIECEWISE_BEZIER_KNOTS.);
#5640 = CARTESIAN_POINT('',(-0.537694015076,-10.76377500347));
#5641 = CARTESIAN_POINT('',(-0.573337746146,-9.881705812173));
#5642 = CARTESIAN_POINT('',(-0.608981477216,-9.023071347063));
#5643 = CARTESIAN_POINT('',(-0.644625208287,-8.19020639598));
#5644 = CARTESIAN_POINT('',(-0.680268939357,-7.385321223131));
#5645 = CARTESIAN_POINT('',(-0.715912670427,-6.610466622029));
#5646 = ( GEOMETRIC_REPRESENTATION_CONTEXT(2) 
PARAMETRIC_REPRESENTATION_CONTEXT() REPRESENTATION_CONTEXT('2D SPACE',''
  ) );
#5647 = PCURVE('',#5648,#5653);
#5648 = PLANE('',#5649);
#5649 = AXIS2_PLACEMENT_3D('',#5650,#5651,#5652);
#5650 = CARTESIAN_POINT('',(-135.,48.873836592518,9.507547649515));
#5651 = DIRECTION('',(0.,0.99270256872,0.120588598369));
#5652 = DIRECTION('',(0.,-0.120588598369,0.99270256872));
#5653 = DEFINITIONAL_REPRESENTATION('',(#5654),#5658);
#5654 = ELLIPSE('',#5655,29.024302855538,3.5);
#5655 = AXIS2_PLACEMENT_2D('',#5656,#5657);
#5656 = CARTESIAN_POINT('',(18.648832666816,2.));
#5657 = DIRECTION('',(-1.,0.));
#5658 = ( GEOMETRIC_REPRESENTATION_CONTEXT(2) 
PARAMETRIC_REPRESENTATION_CONTEXT() REPRESENTATION_CONTEXT('2D SPACE',''
  ) );
#5659 = ORIENTED_EDGE('',*,*,#5660,.T.);
#5660 = EDGE_CURVE('',#5629,#5661,#5663,.T.);
#5661 = VERTEX_POINT('',#5662);
#5662 = CARTESIAN_POINT('',(-129.5,46.625,13.263774403471));
#5663 = SURFACE_CURVE('',#5664,(#5669,#5676),.PCURVE_S1.);
#5664 = CIRCLE('',#5665,3.5);
#5665 = AXIS2_PLACEMENT_3D('',#5666,#5667,#5668);
#5666 = CARTESIAN_POINT('',(-133.,46.625,13.263774403471));
#5667 = DIRECTION('',(0.,0.,1.));
#5668 = DIRECTION('',(1.,0.,0.));
#5669 = PCURVE('',#3890,#5670);
#5670 = DEFINITIONAL_REPRESENTATION('',(#5671),#5675);
#5671 = LINE('',#5672,#5673);
#5672 = CARTESIAN_POINT('',(-0.,-10.76377440347));
#5673 = VECTOR('',#5674,1.);
#5674 = DIRECTION('',(-1.,0.));
#5675 = ( GEOMETRIC_REPRESENTATION_CONTEXT(2) 
PARAMETRIC_REPRESENTATION_CONTEXT() REPRESENTATION_CONTEXT('2D SPACE',''
  ) );
#5676 = PCURVE('',#5677,#5682);
#5677 = PLANE('',#5678);
#5678 = AXIS2_PLACEMENT_3D('',#5679,#5680,#5681);
#5679 = CARTESIAN_POINT('',(-133.,46.625,13.263774403471));
#5680 = DIRECTION('',(0.,0.,1.));
#5681 = DIRECTION('',(1.,0.,-0.));
#5682 = DEFINITIONAL_REPRESENTATION('',(#5683),#5687);
#5683 = CIRCLE('',#5684,3.5);
#5684 = AXIS2_PLACEMENT_2D('',#5685,#5686);
#5685 = CARTESIAN_POINT('',(0.,0.));
#5686 = DIRECTION('',(1.,0.));
#5687 = ( GEOMETRIC_REPRESENTATION_CONTEXT(2) 
PARAMETRIC_REPRESENTATION_CONTEXT() REPRESENTATION_CONTEXT('2D SPACE',''
  ) );
#5688 = ORIENTED_EDGE('',*,*,#5689,.F.);
#5689 = EDGE_CURVE('',#5690,#5661,#5692,.T.);
#5690 = VERTEX_POINT('',#5691);
#5691 = CARTESIAN_POINT('',(-135.,43.752718676731,12.914863873963));
#5692 = SURFACE_CURVE('',#5693,(#5698,#5711),.PCURVE_S1.);
#5693 = ELLIPSE('',#5694,3.525728763363,3.5);
#5694 = AXIS2_PLACEMENT_3D('',#5695,#5696,#5697);
#5695 = CARTESIAN_POINT('',(-133.,46.625,13.263774403471));
#5696 = DIRECTION('',(0.,-0.120588598369,0.99270256872));
#5697 = DIRECTION('',(0.,-0.99270256872,-0.120588598369));
#5698 = PCURVE('',#3890,#5699);
#5699 = DEFINITIONAL_REPRESENTATION('',(#5700),#5710);
#5700 = B_SPLINE_CURVE_WITH_KNOTS('',8,(#5701,#5702,#5703,#5704,#5705,
    #5706,#5707,#5708,#5709),.UNSPECIFIED.,.F.,.F.,(9,9),(4.71238756916,
    7.853981633974),.PIECEWISE_BEZIER_KNOTS.);
#5701 = CARTESIAN_POINT('',(-3.141591242365,-10.76377500347));
#5702 = CARTESIAN_POINT('',(-3.534290500467,-10.59681393061));
#5703 = CARTESIAN_POINT('',(-3.926989758571,-10.4298514207));
#5704 = CARTESIAN_POINT('',(-4.319689016667,-10.30213740349));
#5705 = CARTESIAN_POINT('',(-4.712388274776,-10.25281441219));
#5706 = CARTESIAN_POINT('',(-5.105087532874,-10.30213712064));
#5707 = CARTESIAN_POINT('',(-5.497786790978,-10.42985092647));
#5708 = CARTESIAN_POINT('',(-5.890486049078,-10.59681333061));
#5709 = CARTESIAN_POINT('',(-6.28318530718,-10.76377440347));
#5710 = ( GEOMETRIC_REPRESENTATION_CONTEXT(2) 
PARAMETRIC_REPRESENTATION_CONTEXT() REPRESENTATION_CONTEXT('2D SPACE',''
  ) );
#5711 = PCURVE('',#5712,#5717);
#5712 = PLANE('',#5713);
#5713 = AXIS2_PLACEMENT_3D('',#5714,#5715,#5716);
#5714 = CARTESIAN_POINT('',(-135.,-15.14148219904,5.76068762875));
#5715 = DIRECTION('',(0.,-0.120588598369,0.99270256872));
#5716 = DIRECTION('',(1.,0.,0.));
#5717 = DEFINITIONAL_REPRESENTATION('',(#5718),#5722);
#5718 = ELLIPSE('',#5719,3.525728763363,3.5);
#5719 = AXIS2_PLACEMENT_2D('',#5720,#5721);
#5720 = CARTESIAN_POINT('',(2.,62.220532257393));
#5721 = DIRECTION('',(0.,-1.));
#5722 = ( GEOMETRIC_REPRESENTATION_CONTEXT(2) 
PARAMETRIC_REPRESENTATION_CONTEXT() REPRESENTATION_CONTEXT('2D SPACE',''
  ) );
#5723 = ORIENTED_EDGE('',*,*,#5724,.T.);
#5724 = EDGE_CURVE('',#5690,#5725,#5727,.T.);
#5725 = VERTEX_POINT('',#5726);
#5726 = CARTESIAN_POINT('',(-135.,43.752718676731,8.885459572977));
#5727 = SURFACE_CURVE('',#5728,(#5732,#5738),.PCURVE_S1.);
#5728 = LINE('',#5729,#5730);
#5729 = CARTESIAN_POINT('',(-135.,43.752718676731,2.5));
#5730 = VECTOR('',#5731,1.);
#5731 = DIRECTION('',(-0.,-0.,-1.));
#5732 = PCURVE('',#3890,#5733);
#5733 = DEFINITIONAL_REPRESENTATION('',(#5734),#5737);
#5734 = B_SPLINE_CURVE_WITH_KNOTS('',1,(#5735,#5736),.UNSPECIFIED.,.F.,
  .F.,(2,2),(-10.76377500347,-5.982519142879),.PIECEWISE_BEZIER_KNOTS.);
#5735 = CARTESIAN_POINT('',(-4.104143401474,-10.76377500347));
#5736 = CARTESIAN_POINT('',(-4.104143401474,-5.982519142879));
#5737 = ( GEOMETRIC_REPRESENTATION_CONTEXT(2) 
PARAMETRIC_REPRESENTATION_CONTEXT() REPRESENTATION_CONTEXT('2D SPACE',''
  ) );
#5738 = PCURVE('',#5739,#5744);
#5739 = PLANE('',#5740);
#5740 = AXIS2_PLACEMENT_3D('',#5741,#5742,#5743);
#5741 = CARTESIAN_POINT('',(-135.,-14.65912780556,1.78987735387));
#5742 = DIRECTION('',(1.,0.,0.));
#5743 = DIRECTION('',(0.,-0.120588598369,0.99270256872));
#5744 = DEFINITIONAL_REPRESENTATION('',(#5745),#5748);
#5745 = B_SPLINE_CURVE_WITH_KNOTS('',1,(#5746,#5747),.UNSPECIFIED.,.F.,
  .F.,(2,2),(-10.76377500347,-5.982519142879),.PIECEWISE_BEZIER_KNOTS.);
#5746 = CARTESIAN_POINT('',(4.346364974517,-59.36921128205));
#5747 = CARTESIAN_POINT('',(-0.4,-58.79264633937));
#5748 = ( GEOMETRIC_REPRESENTATION_CONTEXT(2) 
PARAMETRIC_REPRESENTATION_CONTEXT() REPRESENTATION_CONTEXT('2D SPACE',''
  ) );
#5749 = ORIENTED_EDGE('',*,*,#5750,.T.);
#5750 = EDGE_CURVE('',#5725,#5564,#5751,.T.);
#5751 = SURFACE_CURVE('',#5752,(#5757,#5777),.PCURVE_S1.);
#5752 = ELLIPSE('',#5753,3.525728763363,3.5);
#5753 = AXIS2_PLACEMENT_3D('',#5754,#5755,#5756);
#5754 = CARTESIAN_POINT('',(-133.,46.625,9.234370102485));
#5755 = DIRECTION('',(0.,-0.120588598369,0.99270256872));
#5756 = DIRECTION('',(0.,-0.99270256872,-0.120588598369));
#5757 = PCURVE('',#3890,#5758);
#5758 = DEFINITIONAL_REPRESENTATION('',(#5759),#5776);
#5759 = B_SPLINE_CURVE_WITH_KNOTS('',8,(#5760,#5761,#5762,#5763,#5764,
    #5765,#5766,#5767,#5768,#5769,#5770,#5771,#5772,#5773,#5774,#5775),
  .UNSPECIFIED.,.F.,.F.,(9,7,9),(1.570796326795,4.712388980385,
    7.853981633974),.UNSPECIFIED.);
#5760 = CARTESIAN_POINT('',(0.,-6.734370102485));
#5761 = CARTESIAN_POINT('',(-0.392699081699,-6.901331100344));
#5762 = CARTESIAN_POINT('',(-0.785398163398,-7.068293429466));
#5763 = CARTESIAN_POINT('',(-1.178097245093,-7.196007213272));
#5764 = CARTESIAN_POINT('',(-1.570796326798,-7.245330005004));
#5765 = CARTESIAN_POINT('',(-1.963495408488,-7.196007213275));
#5766 = CARTESIAN_POINT('',(-2.356194490191,-7.068293429465));
#5767 = CARTESIAN_POINT('',(-2.748893571891,-6.901331100344));
#5768 = CARTESIAN_POINT('',(-3.534291735289,-6.567409104626));
#5769 = CARTESIAN_POINT('',(-3.926990816991,-6.4004467755));
#5770 = CARTESIAN_POINT('',(-4.319689898666,-6.272732991689));
#5771 = CARTESIAN_POINT('',(-4.712388980399,-6.223410199938));
#5772 = CARTESIAN_POINT('',(-5.105088062064,-6.272732991689));
#5773 = CARTESIAN_POINT('',(-5.497787143785,-6.400446775499));
#5774 = CARTESIAN_POINT('',(-5.890486225481,-6.567409104626));
#5775 = CARTESIAN_POINT('',(-6.28318530718,-6.734370102485));
#5776 = ( GEOMETRIC_REPRESENTATION_CONTEXT(2) 
PARAMETRIC_REPRESENTATION_CONTEXT() REPRESENTATION_CONTEXT('2D SPACE',''
  ) );
#5777 = PCURVE('',#5616,#5778);
#5778 = DEFINITIONAL_REPRESENTATION('',(#5779),#5783);
#5779 = ELLIPSE('',#5780,3.525728763363,3.5);
#5780 = AXIS2_PLACEMENT_2D('',#5781,#5782);
#5781 = CARTESIAN_POINT('',(2.,61.734632040474));
#5782 = DIRECTION('',(0.,-1.));
#5783 = ( GEOMETRIC_REPRESENTATION_CONTEXT(2) 
PARAMETRIC_REPRESENTATION_CONTEXT() REPRESENTATION_CONTEXT('2D SPACE',''
  ) );
#5784 = ORIENTED_EDGE('',*,*,#5563,.F.);
#5785 = ADVANCED_FACE('',(#5786),#3953,.F.);
#5786 = FACE_BOUND('',#5787,.T.);
#5787 = EDGE_LOOP('',(#5788,#5817,#5838,#5839));
#5788 = ORIENTED_EDGE('',*,*,#5789,.F.);
#5789 = EDGE_CURVE('',#5790,#5790,#5792,.T.);
#5790 = VERTEX_POINT('',#5791);
#5791 = CARTESIAN_POINT('',(147.625,50.625,20.14967462039));
#5792 = SURFACE_CURVE('',#5793,(#5798,#5805),.PCURVE_S1.);
#5793 = CIRCLE('',#5794,1.75);
#5794 = AXIS2_PLACEMENT_3D('',#5795,#5796,#5797);
#5795 = CARTESIAN_POINT('',(145.875,50.625,20.14967462039));
#5796 = DIRECTION('',(0.,0.,1.));
#5797 = DIRECTION('',(1.,0.,0.));
#5798 = PCURVE('',#3953,#5799);
#5799 = DEFINITIONAL_REPRESENTATION('',(#5800),#5804);
#5800 = LINE('',#5801,#5802);
#5801 = CARTESIAN_POINT('',(-0.,0.));
#5802 = VECTOR('',#5803,1.);
#5803 = DIRECTION('',(-1.,0.));
#5804 = ( GEOMETRIC_REPRESENTATION_CONTEXT(2) 
PARAMETRIC_REPRESENTATION_CONTEXT() REPRESENTATION_CONTEXT('2D SPACE',''
  ) );
#5805 = PCURVE('',#5806,#5811);
#5806 = PLANE('',#5807);
#5807 = AXIS2_PLACEMENT_3D('',#5808,#5809,#5810);
#5808 = CARTESIAN_POINT('',(145.875,50.625,20.14967462039));
#5809 = DIRECTION('',(0.,0.,1.));
#5810 = DIRECTION('',(1.,0.,-0.));
#5811 = DEFINITIONAL_REPRESENTATION('',(#5812),#5816);
#5812 = CIRCLE('',#5813,1.75);
#5813 = AXIS2_PLACEMENT_2D('',#5814,#5815);
#5814 = CARTESIAN_POINT('',(0.,7.105427357601E-15));
#5815 = DIRECTION('',(1.,0.));
#5816 = ( GEOMETRIC_REPRESENTATION_CONTEXT(2) 
PARAMETRIC_REPRESENTATION_CONTEXT() REPRESENTATION_CONTEXT('2D SPACE',''
  ) );
#5817 = ORIENTED_EDGE('',*,*,#5818,.T.);
#5818 = EDGE_CURVE('',#5790,#3933,#5819,.T.);
#5819 = SEAM_CURVE('',#5820,(#5824,#5831),.PCURVE_S1.);
#5820 = LINE('',#5821,#5822);
#5821 = CARTESIAN_POINT('',(147.625,50.625,20.14967462039));
#5822 = VECTOR('',#5823,1.);
#5823 = DIRECTION('',(0.,0.,1.));
#5824 = PCURVE('',#3953,#5825);
#5825 = DEFINITIONAL_REPRESENTATION('',(#5826),#5830);
#5826 = LINE('',#5827,#5828);
#5827 = CARTESIAN_POINT('',(-6.28318530718,0.));
#5828 = VECTOR('',#5829,1.);
#5829 = DIRECTION('',(-0.,-1.));
#5830 = ( GEOMETRIC_REPRESENTATION_CONTEXT(2) 
PARAMETRIC_REPRESENTATION_CONTEXT() REPRESENTATION_CONTEXT('2D SPACE',''
  ) );
#5831 = PCURVE('',#3953,#5832);
#5832 = DEFINITIONAL_REPRESENTATION('',(#5833),#5837);
#5833 = LINE('',#5834,#5835);
#5834 = CARTESIAN_POINT('',(-0.,0.));
#5835 = VECTOR('',#5836,1.);
#5836 = DIRECTION('',(-0.,-1.));
#5837 = ( GEOMETRIC_REPRESENTATION_CONTEXT(2) 
PARAMETRIC_REPRESENTATION_CONTEXT() REPRESENTATION_CONTEXT('2D SPACE',''
  ) );
#5838 = ORIENTED_EDGE('',*,*,#3932,.F.);
#5839 = ORIENTED_EDGE('',*,*,#5818,.F.);
#5840 = ADVANCED_FACE('',(#5841),#4032,.F.);
#5841 = FACE_BOUND('',#5842,.T.);
#5842 = EDGE_LOOP('',(#5843,#5872,#5893,#5894));
#5843 = ORIENTED_EDGE('',*,*,#5844,.F.);
#5844 = EDGE_CURVE('',#5845,#5845,#5847,.T.);
#5845 = VERTEX_POINT('',#5846);
#5846 = CARTESIAN_POINT('',(-68.25,50.625,20.14967462039));
#5847 = SURFACE_CURVE('',#5848,(#5853,#5860),.PCURVE_S1.);
#5848 = CIRCLE('',#5849,1.75);
#5849 = AXIS2_PLACEMENT_3D('',#5850,#5851,#5852);
#5850 = CARTESIAN_POINT('',(-70.,50.625,20.14967462039));
#5851 = DIRECTION('',(0.,0.,1.));
#5852 = DIRECTION('',(1.,0.,0.));
#5853 = PCURVE('',#4032,#5854);
#5854 = DEFINITIONAL_REPRESENTATION('',(#5855),#5859);
#5855 = LINE('',#5856,#5857);
#5856 = CARTESIAN_POINT('',(-0.,0.));
#5857 = VECTOR('',#5858,1.);
#5858 = DIRECTION('',(-1.,0.));
#5859 = ( GEOMETRIC_REPRESENTATION_CONTEXT(2) 
PARAMETRIC_REPRESENTATION_CONTEXT() REPRESENTATION_CONTEXT('2D SPACE',''
  ) );
#5860 = PCURVE('',#5861,#5866);
#5861 = PLANE('',#5862);
#5862 = AXIS2_PLACEMENT_3D('',#5863,#5864,#5865);
#5863 = CARTESIAN_POINT('',(-70.,50.625,20.14967462039));
#5864 = DIRECTION('',(0.,0.,1.));
#5865 = DIRECTION('',(1.,0.,-0.));
#5866 = DEFINITIONAL_REPRESENTATION('',(#5867),#5871);
#5867 = CIRCLE('',#5868,1.75);
#5868 = AXIS2_PLACEMENT_2D('',#5869,#5870);
#5869 = CARTESIAN_POINT('',(0.,7.105427357601E-15));
#5870 = DIRECTION('',(1.,0.));
#5871 = ( GEOMETRIC_REPRESENTATION_CONTEXT(2) 
PARAMETRIC_REPRESENTATION_CONTEXT() REPRESENTATION_CONTEXT('2D SPACE',''
  ) );
#5872 = ORIENTED_EDGE('',*,*,#5873,.T.);
#5873 = EDGE_CURVE('',#5845,#4012,#5874,.T.);
#5874 = SEAM_CURVE('',#5875,(#5879,#5886),.PCURVE_S1.);
#5875 = LINE('',#5876,#5877);
#5876 = CARTESIAN_POINT('',(-68.25,50.625,20.14967462039));
#5877 = VECTOR('',#5878,1.);
#5878 = DIRECTION('',(0.,0.,1.));
#5879 = PCURVE('',#4032,#5880);
#5880 = DEFINITIONAL_REPRESENTATION('',(#5881),#5885);
#5881 = LINE('',#5882,#5883);
#5882 = CARTESIAN_POINT('',(-6.28318530718,0.));
#5883 = VECTOR('',#5884,1.);
#5884 = DIRECTION('',(-0.,-1.));
#5885 = ( GEOMETRIC_REPRESENTATION_CONTEXT(2) 
PARAMETRIC_REPRESENTATION_CONTEXT() REPRESENTATION_CONTEXT('2D SPACE',''
  ) );
#5886 = PCURVE('',#4032,#5887);
#5887 = DEFINITIONAL_REPRESENTATION('',(#5888),#5892);
#5888 = LINE('',#5889,#5890);
#5889 = CARTESIAN_POINT('',(-0.,0.));
#5890 = VECTOR('',#5891,1.);
#5891 = DIRECTION('',(-0.,-1.));
#5892 = ( GEOMETRIC_REPRESENTATION_CONTEXT(2) 
PARAMETRIC_REPRESENTATION_CONTEXT() REPRESENTATION_CONTEXT('2D SPACE',''
  ) );
#5893 = ORIENTED_EDGE('',*,*,#4011,.F.);
#5894 = ORIENTED_EDGE('',*,*,#5873,.F.);
#5895 = ADVANCED_FACE('',(#5896),#4104,.F.);
#5896 = FACE_BOUND('',#5897,.T.);
#5897 = EDGE_LOOP('',(#5898,#5927,#5948,#5949));
#5898 = ORIENTED_EDGE('',*,*,#5899,.F.);
#5899 = EDGE_CURVE('',#5900,#5900,#5902,.T.);
#5900 = VERTEX_POINT('',#5901);
#5901 = CARTESIAN_POINT('',(78.1875,50.625,20.14967462039));
#5902 = SURFACE_CURVE('',#5903,(#5908,#5915),.PCURVE_S1.);
#5903 = CIRCLE('',#5904,1.75);
#5904 = AXIS2_PLACEMENT_3D('',#5905,#5906,#5907);
#5905 = CARTESIAN_POINT('',(76.4375,50.625,20.14967462039));
#5906 = DIRECTION('',(0.,0.,1.));
#5907 = DIRECTION('',(1.,0.,0.));
#5908 = PCURVE('',#4104,#5909);
#5909 = DEFINITIONAL_REPRESENTATION('',(#5910),#5914);
#5910 = LINE('',#5911,#5912);
#5911 = CARTESIAN_POINT('',(-0.,0.));
#5912 = VECTOR('',#5913,1.);
#5913 = DIRECTION('',(-1.,0.));
#5914 = ( GEOMETRIC_REPRESENTATION_CONTEXT(2) 
PARAMETRIC_REPRESENTATION_CONTEXT() REPRESENTATION_CONTEXT('2D SPACE',''
  ) );
#5915 = PCURVE('',#5916,#5921);
#5916 = PLANE('',#5917);
#5917 = AXIS2_PLACEMENT_3D('',#5918,#5919,#5920);
#5918 = CARTESIAN_POINT('',(76.4375,50.625,20.14967462039));
#5919 = DIRECTION('',(0.,0.,1.));
#5920 = DIRECTION('',(1.,0.,-0.));
#5921 = DEFINITIONAL_REPRESENTATION('',(#5922),#5926);
#5922 = CIRCLE('',#5923,1.75);
#5923 = AXIS2_PLACEMENT_2D('',#5924,#5925);
#5924 = CARTESIAN_POINT('',(0.,7.105427357601E-15));
#5925 = DIRECTION('',(1.,0.));
#5926 = ( GEOMETRIC_REPRESENTATION_CONTEXT(2) 
PARAMETRIC_REPRESENTATION_CONTEXT() REPRESENTATION_CONTEXT('2D SPACE',''
  ) );
#5927 = ORIENTED_EDGE('',*,*,#5928,.T.);
#5928 = EDGE_CURVE('',#5900,#4084,#5929,.T.);
#5929 = SEAM_CURVE('',#5930,(#5934,#5941),.PCURVE_S1.);
#5930 = LINE('',#5931,#5932);
#5931 = CARTESIAN_POINT('',(78.1875,50.625,20.14967462039));
#5932 = VECTOR('',#5933,1.);
#5933 = DIRECTION('',(0.,0.,1.));
#5934 = PCURVE('',#4104,#5935);
#5935 = DEFINITIONAL_REPRESENTATION('',(#5936),#5940);
#5936 = LINE('',#5937,#5938);
#5937 = CARTESIAN_POINT('',(-6.28318530718,0.));
#5938 = VECTOR('',#5939,1.);
#5939 = DIRECTION('',(-0.,-1.));
#5940 = ( GEOMETRIC_REPRESENTATION_CONTEXT(2) 
PARAMETRIC_REPRESENTATION_CONTEXT() REPRESENTATION_CONTEXT('2D SPACE',''
  ) );
#5941 = PCURVE('',#4104,#5942);
#5942 = DEFINITIONAL_REPRESENTATION('',(#5943),#5947);
#5943 = LINE('',#5944,#5945);
#5944 = CARTESIAN_POINT('',(-0.,0.));
#5945 = VECTOR('',#5946,1.);
#5946 = DIRECTION('',(-0.,-1.));
#5947 = ( GEOMETRIC_REPRESENTATION_CONTEXT(2) 
PARAMETRIC_REPRESENTATION_CONTEXT() REPRESENTATION_CONTEXT('2D SPACE',''
  ) );
#5948 = ORIENTED_EDGE('',*,*,#4083,.F.);
#5949 = ORIENTED_EDGE('',*,*,#5928,.F.);
#5950 = ADVANCED_FACE('',(#5951),#4176,.F.);
#5951 = FACE_BOUND('',#5952,.T.);
#5952 = EDGE_LOOP('',(#5953,#5982,#6003,#6004));
#5953 = ORIENTED_EDGE('',*,*,#5954,.F.);
#5954 = EDGE_CURVE('',#5955,#5955,#5957,.T.);
#5955 = VERTEX_POINT('',#5956);
#5956 = CARTESIAN_POINT('',(1.75,50.625,20.14967462039));
#5957 = SURFACE_CURVE('',#5958,(#5963,#5970),.PCURVE_S1.);
#5958 = CIRCLE('',#5959,1.75);
#5959 = AXIS2_PLACEMENT_3D('',#5960,#5961,#5962);
#5960 = CARTESIAN_POINT('',(0.,50.625,20.14967462039));
#5961 = DIRECTION('',(0.,0.,1.));
#5962 = DIRECTION('',(1.,0.,0.));
#5963 = PCURVE('',#4176,#5964);
#5964 = DEFINITIONAL_REPRESENTATION('',(#5965),#5969);
#5965 = LINE('',#5966,#5967);
#5966 = CARTESIAN_POINT('',(-0.,0.));
#5967 = VECTOR('',#5968,1.);
#5968 = DIRECTION('',(-1.,0.));
#5969 = ( GEOMETRIC_REPRESENTATION_CONTEXT(2) 
PARAMETRIC_REPRESENTATION_CONTEXT() REPRESENTATION_CONTEXT('2D SPACE',''
  ) );
#5970 = PCURVE('',#5971,#5976);
#5971 = PLANE('',#5972);
#5972 = AXIS2_PLACEMENT_3D('',#5973,#5974,#5975);
#5973 = CARTESIAN_POINT('',(-4.883714759069E-16,50.625,20.14967462039));
#5974 = DIRECTION('',(0.,0.,1.));
#5975 = DIRECTION('',(1.,0.,-0.));
#5976 = DEFINITIONAL_REPRESENTATION('',(#5977),#5981);
#5977 = CIRCLE('',#5978,1.75);
#5978 = AXIS2_PLACEMENT_2D('',#5979,#5980);
#5979 = CARTESIAN_POINT('',(4.883714759069E-16,0.));
#5980 = DIRECTION('',(1.,0.));
#5981 = ( GEOMETRIC_REPRESENTATION_CONTEXT(2) 
PARAMETRIC_REPRESENTATION_CONTEXT() REPRESENTATION_CONTEXT('2D SPACE',''
  ) );
#5982 = ORIENTED_EDGE('',*,*,#5983,.T.);
#5983 = EDGE_CURVE('',#5955,#4156,#5984,.T.);
#5984 = SEAM_CURVE('',#5985,(#5989,#5996),.PCURVE_S1.);
#5985 = LINE('',#5986,#5987);
#5986 = CARTESIAN_POINT('',(1.75,50.625,20.14967462039));
#5987 = VECTOR('',#5988,1.);
#5988 = DIRECTION('',(0.,0.,1.));
#5989 = PCURVE('',#4176,#5990);
#5990 = DEFINITIONAL_REPRESENTATION('',(#5991),#5995);
#5991 = LINE('',#5992,#5993);
#5992 = CARTESIAN_POINT('',(-6.28318530718,0.));
#5993 = VECTOR('',#5994,1.);
#5994 = DIRECTION('',(-0.,-1.));
#5995 = ( GEOMETRIC_REPRESENTATION_CONTEXT(2) 
PARAMETRIC_REPRESENTATION_CONTEXT() REPRESENTATION_CONTEXT('2D SPACE',''
  ) );
#5996 = PCURVE('',#4176,#5997);
#5997 = DEFINITIONAL_REPRESENTATION('',(#5998),#6002);
#5998 = LINE('',#5999,#6000);
#5999 = CARTESIAN_POINT('',(-0.,0.));
#6000 = VECTOR('',#6001,1.);
#6001 = DIRECTION('',(-0.,-1.));
#6002 = ( GEOMETRIC_REPRESENTATION_CONTEXT(2) 
PARAMETRIC_REPRESENTATION_CONTEXT() REPRESENTATION_CONTEXT('2D SPACE',''
  ) );
#6003 = ORIENTED_EDGE('',*,*,#4155,.F.);
#6004 = ORIENTED_EDGE('',*,*,#5983,.F.);
#6005 = ADVANCED_FACE('',(#6006),#4244,.F.);
#6006 = FACE_BOUND('',#6007,.T.);
#6007 = EDGE_LOOP('',(#6008,#6037,#6058,#6059));
#6008 = ORIENTED_EDGE('',*,*,#6009,.F.);
#6009 = EDGE_CURVE('',#6010,#6010,#6012,.T.);
#6010 = VERTEX_POINT('',#6011);
#6011 = CARTESIAN_POINT('',(147.625,0.,14.));
#6012 = SURFACE_CURVE('',#6013,(#6018,#6025),.PCURVE_S1.);
#6013 = CIRCLE('',#6014,1.75);
#6014 = AXIS2_PLACEMENT_3D('',#6015,#6016,#6017);
#6015 = CARTESIAN_POINT('',(145.875,0.,14.));
#6016 = DIRECTION('',(0.,0.,1.));
#6017 = DIRECTION('',(1.,0.,0.));
#6018 = PCURVE('',#4244,#6019);
#6019 = DEFINITIONAL_REPRESENTATION('',(#6020),#6024);
#6020 = LINE('',#6021,#6022);
#6021 = CARTESIAN_POINT('',(-0.,0.));
#6022 = VECTOR('',#6023,1.);
#6023 = DIRECTION('',(-1.,0.));
#6024 = ( GEOMETRIC_REPRESENTATION_CONTEXT(2) 
PARAMETRIC_REPRESENTATION_CONTEXT() REPRESENTATION_CONTEXT('2D SPACE',''
  ) );
#6025 = PCURVE('',#6026,#6031);
#6026 = PLANE('',#6027);
#6027 = AXIS2_PLACEMENT_3D('',#6028,#6029,#6030);
#6028 = CARTESIAN_POINT('',(145.875,2.215851555939E-16,14.));
#6029 = DIRECTION('',(0.,0.,1.));
#6030 = DIRECTION('',(1.,0.,-0.));
#6031 = DEFINITIONAL_REPRESENTATION('',(#6032),#6036);
#6032 = CIRCLE('',#6033,1.75);
#6033 = AXIS2_PLACEMENT_2D('',#6034,#6035);
#6034 = CARTESIAN_POINT('',(2.84217094304E-14,-2.215851555939E-16));
#6035 = DIRECTION('',(1.,0.));
#6036 = ( GEOMETRIC_REPRESENTATION_CONTEXT(2) 
PARAMETRIC_REPRESENTATION_CONTEXT() REPRESENTATION_CONTEXT('2D SPACE',''
  ) );
#6037 = ORIENTED_EDGE('',*,*,#6038,.T.);
#6038 = EDGE_CURVE('',#6010,#4224,#6039,.T.);
#6039 = SEAM_CURVE('',#6040,(#6044,#6051),.PCURVE_S1.);
#6040 = LINE('',#6041,#6042);
#6041 = CARTESIAN_POINT('',(147.625,0.,14.));
#6042 = VECTOR('',#6043,1.);
#6043 = DIRECTION('',(0.,0.,1.));
#6044 = PCURVE('',#4244,#6045);
#6045 = DEFINITIONAL_REPRESENTATION('',(#6046),#6050);
#6046 = LINE('',#6047,#6048);
#6047 = CARTESIAN_POINT('',(-6.28318530718,0.));
#6048 = VECTOR('',#6049,1.);
#6049 = DIRECTION('',(-0.,-1.));
#6050 = ( GEOMETRIC_REPRESENTATION_CONTEXT(2) 
PARAMETRIC_REPRESENTATION_CONTEXT() REPRESENTATION_CONTEXT('2D SPACE',''
  ) );
#6051 = PCURVE('',#4244,#6052);
#6052 = DEFINITIONAL_REPRESENTATION('',(#6053),#6057);
#6053 = LINE('',#6054,#6055);
#6054 = CARTESIAN_POINT('',(-0.,0.));
#6055 = VECTOR('',#6056,1.);
#6056 = DIRECTION('',(-0.,-1.));
#6057 = ( GEOMETRIC_REPRESENTATION_CONTEXT(2) 
PARAMETRIC_REPRESENTATION_CONTEXT() REPRESENTATION_CONTEXT('2D SPACE',''
  ) );
#6058 = ORIENTED_EDGE('',*,*,#4223,.F.);
#6059 = ORIENTED_EDGE('',*,*,#6038,.F.);
#6060 = ADVANCED_FACE('',(#6061),#4335,.F.);
#6061 = FACE_BOUND('',#6062,.T.);
#6062 = EDGE_LOOP('',(#6063,#6092,#6113,#6114));
#6063 = ORIENTED_EDGE('',*,*,#6064,.F.);
#6064 = EDGE_CURVE('',#6065,#6065,#6067,.T.);
#6065 = VERTEX_POINT('',#6066);
#6066 = CARTESIAN_POINT('',(147.625,-50.625,7.85032537961));
#6067 = SURFACE_CURVE('',#6068,(#6073,#6080),.PCURVE_S1.);
#6068 = CIRCLE('',#6069,1.75);
#6069 = AXIS2_PLACEMENT_3D('',#6070,#6071,#6072);
#6070 = CARTESIAN_POINT('',(145.875,-50.625,7.85032537961));
#6071 = DIRECTION('',(0.,0.,1.));
#6072 = DIRECTION('',(1.,0.,0.));
#6073 = PCURVE('',#4335,#6074);
#6074 = DEFINITIONAL_REPRESENTATION('',(#6075),#6079);
#6075 = LINE('',#6076,#6077);
#6076 = CARTESIAN_POINT('',(-0.,0.));
#6077 = VECTOR('',#6078,1.);
#6078 = DIRECTION('',(-1.,0.));
#6079 = ( GEOMETRIC_REPRESENTATION_CONTEXT(2) 
PARAMETRIC_REPRESENTATION_CONTEXT() REPRESENTATION_CONTEXT('2D SPACE',''
  ) );
#6080 = PCURVE('',#6081,#6086);
#6081 = PLANE('',#6082);
#6082 = AXIS2_PLACEMENT_3D('',#6083,#6084,#6085);
#6083 = CARTESIAN_POINT('',(145.875,-50.625,7.85032537961));
#6084 = DIRECTION('',(0.,0.,1.));
#6085 = DIRECTION('',(1.,0.,-0.));
#6086 = DEFINITIONAL_REPRESENTATION('',(#6087),#6091);
#6087 = CIRCLE('',#6088,1.75);
#6088 = AXIS2_PLACEMENT_2D('',#6089,#6090);
#6089 = CARTESIAN_POINT('',(0.,-7.105427357601E-15));
#6090 = DIRECTION('',(1.,0.));
#6091 = ( GEOMETRIC_REPRESENTATION_CONTEXT(2) 
PARAMETRIC_REPRESENTATION_CONTEXT() REPRESENTATION_CONTEXT('2D SPACE',''
  ) );
#6092 = ORIENTED_EDGE('',*,*,#6093,.T.);
#6093 = EDGE_CURVE('',#6065,#4315,#6094,.T.);
#6094 = SEAM_CURVE('',#6095,(#6099,#6106),.PCURVE_S1.);
#6095 = LINE('',#6096,#6097);
#6096 = CARTESIAN_POINT('',(147.625,-50.625,7.85032537961));
#6097 = VECTOR('',#6098,1.);
#6098 = DIRECTION('',(0.,0.,1.));
#6099 = PCURVE('',#4335,#6100);
#6100 = DEFINITIONAL_REPRESENTATION('',(#6101),#6105);
#6101 = LINE('',#6102,#6103);
#6102 = CARTESIAN_POINT('',(-6.28318530718,0.));
#6103 = VECTOR('',#6104,1.);
#6104 = DIRECTION('',(-0.,-1.));
#6105 = ( GEOMETRIC_REPRESENTATION_CONTEXT(2) 
PARAMETRIC_REPRESENTATION_CONTEXT() REPRESENTATION_CONTEXT('2D SPACE',''
  ) );
#6106 = PCURVE('',#4335,#6107);
#6107 = DEFINITIONAL_REPRESENTATION('',(#6108),#6112);
#6108 = LINE('',#6109,#6110);
#6109 = CARTESIAN_POINT('',(-0.,0.));
#6110 = VECTOR('',#6111,1.);
#6111 = DIRECTION('',(-0.,-1.));
#6112 = ( GEOMETRIC_REPRESENTATION_CONTEXT(2) 
PARAMETRIC_REPRESENTATION_CONTEXT() REPRESENTATION_CONTEXT('2D SPACE',''
  ) );
#6113 = ORIENTED_EDGE('',*,*,#4314,.F.);
#6114 = ORIENTED_EDGE('',*,*,#6093,.F.);
#6115 = ADVANCED_FACE('',(#6116),#4487,.F.);
#6116 = FACE_BOUND('',#6117,.T.);
#6117 = EDGE_LOOP('',(#6118,#6147,#6168,#6169));
#6118 = ORIENTED_EDGE('',*,*,#6119,.F.);
#6119 = EDGE_CURVE('',#6120,#6120,#6122,.T.);
#6120 = VERTEX_POINT('',#6121);
#6121 = CARTESIAN_POINT('',(-144.125,-50.625,7.85032537961));
#6122 = SURFACE_CURVE('',#6123,(#6128,#6135),.PCURVE_S1.);
#6123 = CIRCLE('',#6124,1.75);
#6124 = AXIS2_PLACEMENT_3D('',#6125,#6126,#6127);
#6125 = CARTESIAN_POINT('',(-145.875,-50.625,7.85032537961));
#6126 = DIRECTION('',(0.,0.,1.));
#6127 = DIRECTION('',(1.,0.,0.));
#6128 = PCURVE('',#4487,#6129);
#6129 = DEFINITIONAL_REPRESENTATION('',(#6130),#6134);
#6130 = LINE('',#6131,#6132);
#6131 = CARTESIAN_POINT('',(-0.,0.));
#6132 = VECTOR('',#6133,1.);
#6133 = DIRECTION('',(-1.,0.));
#6134 = ( GEOMETRIC_REPRESENTATION_CONTEXT(2) 
PARAMETRIC_REPRESENTATION_CONTEXT() REPRESENTATION_CONTEXT('2D SPACE',''
  ) );
#6135 = PCURVE('',#6136,#6141);
#6136 = PLANE('',#6137);
#6137 = AXIS2_PLACEMENT_3D('',#6138,#6139,#6140);
#6138 = CARTESIAN_POINT('',(-145.875,-50.625,7.85032537961));
#6139 = DIRECTION('',(0.,0.,1.));
#6140 = DIRECTION('',(1.,0.,-0.));
#6141 = DEFINITIONAL_REPRESENTATION('',(#6142),#6146);
#6142 = CIRCLE('',#6143,1.75);
#6143 = AXIS2_PLACEMENT_2D('',#6144,#6145);
#6144 = CARTESIAN_POINT('',(2.84217094304E-14,-7.105427357601E-15));
#6145 = DIRECTION('',(1.,0.));
#6146 = ( GEOMETRIC_REPRESENTATION_CONTEXT(2) 
PARAMETRIC_REPRESENTATION_CONTEXT() REPRESENTATION_CONTEXT('2D SPACE',''
  ) );
#6147 = ORIENTED_EDGE('',*,*,#6148,.T.);
#6148 = EDGE_CURVE('',#6120,#4467,#6149,.T.);
#6149 = SEAM_CURVE('',#6150,(#6154,#6161),.PCURVE_S1.);
#6150 = LINE('',#6151,#6152);
#6151 = CARTESIAN_POINT('',(-144.125,-50.625,7.85032537961));
#6152 = VECTOR('',#6153,1.);
#6153 = DIRECTION('',(0.,0.,1.));
#6154 = PCURVE('',#4487,#6155);
#6155 = DEFINITIONAL_REPRESENTATION('',(#6156),#6160);
#6156 = LINE('',#6157,#6158);
#6157 = CARTESIAN_POINT('',(-6.28318530718,0.));
#6158 = VECTOR('',#6159,1.);
#6159 = DIRECTION('',(-0.,-1.));
#6160 = ( GEOMETRIC_REPRESENTATION_CONTEXT(2) 
PARAMETRIC_REPRESENTATION_CONTEXT() REPRESENTATION_CONTEXT('2D SPACE',''
  ) );
#6161 = PCURVE('',#4487,#6162);
#6162 = DEFINITIONAL_REPRESENTATION('',(#6163),#6167);
#6163 = LINE('',#6164,#6165);
#6164 = CARTESIAN_POINT('',(-0.,0.));
#6165 = VECTOR('',#6166,1.);
#6166 = DIRECTION('',(-0.,-1.));
#6167 = ( GEOMETRIC_REPRESENTATION_CONTEXT(2) 
PARAMETRIC_REPRESENTATION_CONTEXT() REPRESENTATION_CONTEXT('2D SPACE',''
  ) );
#6168 = ORIENTED_EDGE('',*,*,#4466,.F.);
#6169 = ORIENTED_EDGE('',*,*,#6148,.F.);
#6170 = ADVANCED_FACE('',(#6171),#4566,.F.);
#6171 = FACE_BOUND('',#6172,.T.);
#6172 = EDGE_LOOP('',(#6173,#6202,#6223,#6224));
#6173 = ORIENTED_EDGE('',*,*,#6174,.F.);
#6174 = EDGE_CURVE('',#6175,#6175,#6177,.T.);
#6175 = VERTEX_POINT('',#6176);
#6176 = CARTESIAN_POINT('',(-74.6875,-50.625,7.85032537961));
#6177 = SURFACE_CURVE('',#6178,(#6183,#6190),.PCURVE_S1.);
#6178 = CIRCLE('',#6179,1.75);
#6179 = AXIS2_PLACEMENT_3D('',#6180,#6181,#6182);
#6180 = CARTESIAN_POINT('',(-76.4375,-50.625,7.85032537961));
#6181 = DIRECTION('',(0.,0.,1.));
#6182 = DIRECTION('',(1.,0.,0.));
#6183 = PCURVE('',#4566,#6184);
#6184 = DEFINITIONAL_REPRESENTATION('',(#6185),#6189);
#6185 = LINE('',#6186,#6187);
#6186 = CARTESIAN_POINT('',(-0.,0.));
#6187 = VECTOR('',#6188,1.);
#6188 = DIRECTION('',(-1.,0.));
#6189 = ( GEOMETRIC_REPRESENTATION_CONTEXT(2) 
PARAMETRIC_REPRESENTATION_CONTEXT() REPRESENTATION_CONTEXT('2D SPACE',''
  ) );
#6190 = PCURVE('',#6191,#6196);
#6191 = PLANE('',#6192);
#6192 = AXIS2_PLACEMENT_3D('',#6193,#6194,#6195);
#6193 = CARTESIAN_POINT('',(-76.4375,-50.625,7.85032537961));
#6194 = DIRECTION('',(0.,0.,1.));
#6195 = DIRECTION('',(1.,0.,-0.));
#6196 = DEFINITIONAL_REPRESENTATION('',(#6197),#6201);
#6197 = CIRCLE('',#6198,1.75);
#6198 = AXIS2_PLACEMENT_2D('',#6199,#6200);
#6199 = CARTESIAN_POINT('',(0.,-7.105427357601E-15));
#6200 = DIRECTION('',(1.,0.));
#6201 = ( GEOMETRIC_REPRESENTATION_CONTEXT(2) 
PARAMETRIC_REPRESENTATION_CONTEXT() REPRESENTATION_CONTEXT('2D SPACE',''
  ) );
#6202 = ORIENTED_EDGE('',*,*,#6203,.T.);
#6203 = EDGE_CURVE('',#6175,#4546,#6204,.T.);
#6204 = SEAM_CURVE('',#6205,(#6209,#6216),.PCURVE_S1.);
#6205 = LINE('',#6206,#6207);
#6206 = CARTESIAN_POINT('',(-74.6875,-50.625,7.85032537961));
#6207 = VECTOR('',#6208,1.);
#6208 = DIRECTION('',(0.,0.,1.));
#6209 = PCURVE('',#4566,#6210);
#6210 = DEFINITIONAL_REPRESENTATION('',(#6211),#6215);
#6211 = LINE('',#6212,#6213);
#6212 = CARTESIAN_POINT('',(-6.28318530718,0.));
#6213 = VECTOR('',#6214,1.);
#6214 = DIRECTION('',(-0.,-1.));
#6215 = ( GEOMETRIC_REPRESENTATION_CONTEXT(2) 
PARAMETRIC_REPRESENTATION_CONTEXT() REPRESENTATION_CONTEXT('2D SPACE',''
  ) );
#6216 = PCURVE('',#4566,#6217);
#6217 = DEFINITIONAL_REPRESENTATION('',(#6218),#6222);
#6218 = LINE('',#6219,#6220);
#6219 = CARTESIAN_POINT('',(-0.,0.));
#6220 = VECTOR('',#6221,1.);
#6221 = DIRECTION('',(-0.,-1.));
#6222 = ( GEOMETRIC_REPRESENTATION_CONTEXT(2) 
PARAMETRIC_REPRESENTATION_CONTEXT() REPRESENTATION_CONTEXT('2D SPACE',''
  ) );
#6223 = ORIENTED_EDGE('',*,*,#4545,.F.);
#6224 = ORIENTED_EDGE('',*,*,#6203,.F.);
#6225 = ADVANCED_FACE('',(#6226),#4638,.F.);
#6226 = FACE_BOUND('',#6227,.T.);
#6227 = EDGE_LOOP('',(#6228,#6257,#6278,#6279));
#6228 = ORIENTED_EDGE('',*,*,#6229,.F.);
#6229 = EDGE_CURVE('',#6230,#6230,#6232,.T.);
#6230 = VERTEX_POINT('',#6231);
#6231 = CARTESIAN_POINT('',(1.75,-50.625,7.85032537961));
#6232 = SURFACE_CURVE('',#6233,(#6238,#6245),.PCURVE_S1.);
#6233 = CIRCLE('',#6234,1.75);
#6234 = AXIS2_PLACEMENT_3D('',#6235,#6236,#6237);
#6235 = CARTESIAN_POINT('',(0.,-50.625,7.85032537961));
#6236 = DIRECTION('',(0.,0.,1.));
#6237 = DIRECTION('',(1.,0.,0.));
#6238 = PCURVE('',#4638,#6239);
#6239 = DEFINITIONAL_REPRESENTATION('',(#6240),#6244);
#6240 = LINE('',#6241,#6242);
#6241 = CARTESIAN_POINT('',(-0.,0.));
#6242 = VECTOR('',#6243,1.);
#6243 = DIRECTION('',(-1.,0.));
#6244 = ( GEOMETRIC_REPRESENTATION_CONTEXT(2) 
PARAMETRIC_REPRESENTATION_CONTEXT() REPRESENTATION_CONTEXT('2D SPACE',''
  ) );
#6245 = PCURVE('',#6246,#6251);
#6246 = PLANE('',#6247);
#6247 = AXIS2_PLACEMENT_3D('',#6248,#6249,#6250);
#6248 = CARTESIAN_POINT('',(-4.883714759069E-16,-50.625,7.85032537961));
#6249 = DIRECTION('',(0.,0.,1.));
#6250 = DIRECTION('',(1.,0.,-0.));
#6251 = DEFINITIONAL_REPRESENTATION('',(#6252),#6256);
#6252 = CIRCLE('',#6253,1.75);
#6253 = AXIS2_PLACEMENT_2D('',#6254,#6255);
#6254 = CARTESIAN_POINT('',(4.883714759069E-16,-7.105427357601E-15));
#6255 = DIRECTION('',(1.,0.));
#6256 = ( GEOMETRIC_REPRESENTATION_CONTEXT(2) 
PARAMETRIC_REPRESENTATION_CONTEXT() REPRESENTATION_CONTEXT('2D SPACE',''
  ) );
#6257 = ORIENTED_EDGE('',*,*,#6258,.T.);
#6258 = EDGE_CURVE('',#6230,#4618,#6259,.T.);
#6259 = SEAM_CURVE('',#6260,(#6264,#6271),.PCURVE_S1.);
#6260 = LINE('',#6261,#6262);
#6261 = CARTESIAN_POINT('',(1.75,-50.625,7.85032537961));
#6262 = VECTOR('',#6263,1.);
#6263 = DIRECTION('',(0.,0.,1.));
#6264 = PCURVE('',#4638,#6265);
#6265 = DEFINITIONAL_REPRESENTATION('',(#6266),#6270);
#6266 = LINE('',#6267,#6268);
#6267 = CARTESIAN_POINT('',(-6.28318530718,0.));
#6268 = VECTOR('',#6269,1.);
#6269 = DIRECTION('',(-0.,-1.));
#6270 = ( GEOMETRIC_REPRESENTATION_CONTEXT(2) 
PARAMETRIC_REPRESENTATION_CONTEXT() REPRESENTATION_CONTEXT('2D SPACE',''
  ) );
#6271 = PCURVE('',#4638,#6272);
#6272 = DEFINITIONAL_REPRESENTATION('',(#6273),#6277);
#6273 = LINE('',#6274,#6275);
#6274 = CARTESIAN_POINT('',(-0.,0.));
#6275 = VECTOR('',#6276,1.);
#6276 = DIRECTION('',(-0.,-1.));
#6277 = ( GEOMETRIC_REPRESENTATION_CONTEXT(2) 
PARAMETRIC_REPRESENTATION_CONTEXT() REPRESENTATION_CONTEXT('2D SPACE',''
  ) );
#6278 = ORIENTED_EDGE('',*,*,#4617,.F.);
#6279 = ORIENTED_EDGE('',*,*,#6258,.F.);
#6280 = ADVANCED_FACE('',(#6281),#4710,.F.);
#6281 = FACE_BOUND('',#6282,.T.);
#6282 = EDGE_LOOP('',(#6283,#6312,#6333,#6334));
#6283 = ORIENTED_EDGE('',*,*,#6284,.F.);
#6284 = EDGE_CURVE('',#6285,#6285,#6287,.T.);
#6285 = VERTEX_POINT('',#6286);
#6286 = CARTESIAN_POINT('',(78.1875,-50.625,7.85032537961));
#6287 = SURFACE_CURVE('',#6288,(#6293,#6300),.PCURVE_S1.);
#6288 = CIRCLE('',#6289,1.75);
#6289 = AXIS2_PLACEMENT_3D('',#6290,#6291,#6292);
#6290 = CARTESIAN_POINT('',(76.4375,-50.625,7.85032537961));
#6291 = DIRECTION('',(0.,0.,1.));
#6292 = DIRECTION('',(1.,0.,0.));
#6293 = PCURVE('',#4710,#6294);
#6294 = DEFINITIONAL_REPRESENTATION('',(#6295),#6299);
#6295 = LINE('',#6296,#6297);
#6296 = CARTESIAN_POINT('',(-0.,0.));
#6297 = VECTOR('',#6298,1.);
#6298 = DIRECTION('',(-1.,0.));
#6299 = ( GEOMETRIC_REPRESENTATION_CONTEXT(2) 
PARAMETRIC_REPRESENTATION_CONTEXT() REPRESENTATION_CONTEXT('2D SPACE',''
  ) );
#6300 = PCURVE('',#6301,#6306);
#6301 = PLANE('',#6302);
#6302 = AXIS2_PLACEMENT_3D('',#6303,#6304,#6305);
#6303 = CARTESIAN_POINT('',(76.4375,-50.625,7.85032537961));
#6304 = DIRECTION('',(0.,0.,1.));
#6305 = DIRECTION('',(1.,0.,-0.));
#6306 = DEFINITIONAL_REPRESENTATION('',(#6307),#6311);
#6307 = CIRCLE('',#6308,1.75);
#6308 = AXIS2_PLACEMENT_2D('',#6309,#6310);
#6309 = CARTESIAN_POINT('',(0.,-7.105427357601E-15));
#6310 = DIRECTION('',(1.,0.));
#6311 = ( GEOMETRIC_REPRESENTATION_CONTEXT(2) 
PARAMETRIC_REPRESENTATION_CONTEXT() REPRESENTATION_CONTEXT('2D SPACE',''
  ) );
#6312 = ORIENTED_EDGE('',*,*,#6313,.T.);
#6313 = EDGE_CURVE('',#6285,#4690,#6314,.T.);
#6314 = SEAM_CURVE('',#6315,(#6319,#6326),.PCURVE_S1.);
#6315 = LINE('',#6316,#6317);
#6316 = CARTESIAN_POINT('',(78.1875,-50.625,7.85032537961));
#6317 = VECTOR('',#6318,1.);
#6318 = DIRECTION('',(0.,0.,1.));
#6319 = PCURVE('',#4710,#6320);
#6320 = DEFINITIONAL_REPRESENTATION('',(#6321),#6325);
#6321 = LINE('',#6322,#6323);
#6322 = CARTESIAN_POINT('',(-6.28318530718,0.));
#6323 = VECTOR('',#6324,1.);
#6324 = DIRECTION('',(-0.,-1.));
#6325 = ( GEOMETRIC_REPRESENTATION_CONTEXT(2) 
PARAMETRIC_REPRESENTATION_CONTEXT() REPRESENTATION_CONTEXT('2D SPACE',''
  ) );
#6326 = PCURVE('',#4710,#6327);
#6327 = DEFINITIONAL_REPRESENTATION('',(#6328),#6332);
#6328 = LINE('',#6329,#6330);
#6329 = CARTESIAN_POINT('',(-0.,0.));
#6330 = VECTOR('',#6331,1.);
#6331 = DIRECTION('',(-0.,-1.));
#6332 = ( GEOMETRIC_REPRESENTATION_CONTEXT(2) 
PARAMETRIC_REPRESENTATION_CONTEXT() REPRESENTATION_CONTEXT('2D SPACE',''
  ) );
#6333 = ORIENTED_EDGE('',*,*,#4689,.F.);
#6334 = ORIENTED_EDGE('',*,*,#6313,.F.);
#6335 = ADVANCED_FACE('',(#6336),#4782,.F.);
#6336 = FACE_BOUND('',#6337,.T.);
#6337 = EDGE_LOOP('',(#6338,#6367,#6388,#6389));
#6338 = ORIENTED_EDGE('',*,*,#6339,.F.);
#6339 = EDGE_CURVE('',#6340,#6340,#6342,.T.);
#6340 = VERTEX_POINT('',#6341);
#6341 = CARTESIAN_POINT('',(-144.125,0.,14.));
#6342 = SURFACE_CURVE('',#6343,(#6348,#6355),.PCURVE_S1.);
#6343 = CIRCLE('',#6344,1.75);
#6344 = AXIS2_PLACEMENT_3D('',#6345,#6346,#6347);
#6345 = CARTESIAN_POINT('',(-145.875,0.,14.));
#6346 = DIRECTION('',(0.,0.,1.));
#6347 = DIRECTION('',(1.,0.,0.));
#6348 = PCURVE('',#4782,#6349);
#6349 = DEFINITIONAL_REPRESENTATION('',(#6350),#6354);
#6350 = LINE('',#6351,#6352);
#6351 = CARTESIAN_POINT('',(-0.,0.));
#6352 = VECTOR('',#6353,1.);
#6353 = DIRECTION('',(-1.,0.));
#6354 = ( GEOMETRIC_REPRESENTATION_CONTEXT(2) 
PARAMETRIC_REPRESENTATION_CONTEXT() REPRESENTATION_CONTEXT('2D SPACE',''
  ) );
#6355 = PCURVE('',#6356,#6361);
#6356 = PLANE('',#6357);
#6357 = AXIS2_PLACEMENT_3D('',#6358,#6359,#6360);
#6358 = CARTESIAN_POINT('',(-145.875,2.215851555939E-16,14.));
#6359 = DIRECTION('',(0.,0.,1.));
#6360 = DIRECTION('',(1.,0.,-0.));
#6361 = DEFINITIONAL_REPRESENTATION('',(#6362),#6366);
#6362 = CIRCLE('',#6363,1.75);
#6363 = AXIS2_PLACEMENT_2D('',#6364,#6365);
#6364 = CARTESIAN_POINT('',(-2.84217094304E-14,-2.215851555939E-16));
#6365 = DIRECTION('',(1.,0.));
#6366 = ( GEOMETRIC_REPRESENTATION_CONTEXT(2) 
PARAMETRIC_REPRESENTATION_CONTEXT() REPRESENTATION_CONTEXT('2D SPACE',''
  ) );
#6367 = ORIENTED_EDGE('',*,*,#6368,.T.);
#6368 = EDGE_CURVE('',#6340,#4762,#6369,.T.);
#6369 = SEAM_CURVE('',#6370,(#6374,#6381),.PCURVE_S1.);
#6370 = LINE('',#6371,#6372);
#6371 = CARTESIAN_POINT('',(-144.125,0.,14.));
#6372 = VECTOR('',#6373,1.);
#6373 = DIRECTION('',(0.,0.,1.));
#6374 = PCURVE('',#4782,#6375);
#6375 = DEFINITIONAL_REPRESENTATION('',(#6376),#6380);
#6376 = LINE('',#6377,#6378);
#6377 = CARTESIAN_POINT('',(-6.28318530718,0.));
#6378 = VECTOR('',#6379,1.);
#6379 = DIRECTION('',(-0.,-1.));
#6380 = ( GEOMETRIC_REPRESENTATION_CONTEXT(2) 
PARAMETRIC_REPRESENTATION_CONTEXT() REPRESENTATION_CONTEXT('2D SPACE',''
  ) );
#6381 = PCURVE('',#4782,#6382);
#6382 = DEFINITIONAL_REPRESENTATION('',(#6383),#6387);
#6383 = LINE('',#6384,#6385);
#6384 = CARTESIAN_POINT('',(-0.,0.));
#6385 = VECTOR('',#6386,1.);
#6386 = DIRECTION('',(-0.,-1.));
#6387 = ( GEOMETRIC_REPRESENTATION_CONTEXT(2) 
PARAMETRIC_REPRESENTATION_CONTEXT() REPRESENTATION_CONTEXT('2D SPACE',''
  ) );
#6388 = ORIENTED_EDGE('',*,*,#4761,.F.);
#6389 = ORIENTED_EDGE('',*,*,#6368,.F.);
#6390 = ADVANCED_FACE('',(#6391),#4814,.T.);
#6391 = FACE_BOUND('',#6392,.T.);
#6392 = EDGE_LOOP('',(#6393));
#6393 = ORIENTED_EDGE('',*,*,#4797,.T.);
#6394 = ADVANCED_FACE('',(#6395),#4893,.T.);
#6395 = FACE_BOUND('',#6396,.T.);
#6396 = EDGE_LOOP('',(#6397,#6398,#6399,#6420,#6441,#6462,#6491));
#6397 = ORIENTED_EDGE('',*,*,#5040,.T.);
#6398 = ORIENTED_EDGE('',*,*,#4876,.T.);
#6399 = ORIENTED_EDGE('',*,*,#6400,.F.);
#6400 = EDGE_CURVE('',#6401,#4877,#6403,.T.);
#6401 = VERTEX_POINT('',#6402);
#6402 = CARTESIAN_POINT('',(-81.,48.417548743881,13.263774403471));
#6403 = SURFACE_CURVE('',#6404,(#6408,#6414),.PCURVE_S1.);
#6404 = LINE('',#6405,#6406);
#6405 = CARTESIAN_POINT('',(-109.,48.417548743881,13.263774403471));
#6406 = VECTOR('',#6407,1.);
#6407 = DIRECTION('',(-1.,0.,0.));
#6408 = PCURVE('',#4893,#6409);
#6409 = DEFINITIONAL_REPRESENTATION('',(#6410),#6413);
#6410 = B_SPLINE_CURVE_WITH_KNOTS('',1,(#6411,#6412),.UNSPECIFIED.,.F.,
  .F.,(2,2),(-28.,-22.5),.PIECEWISE_BEZIER_KNOTS.);
#6411 = CARTESIAN_POINT('',(2.,1.792548743881));
#6412 = CARTESIAN_POINT('',(-3.5,1.792548743881));
#6413 = ( GEOMETRIC_REPRESENTATION_CONTEXT(2) 
PARAMETRIC_REPRESENTATION_CONTEXT() REPRESENTATION_CONTEXT('2D SPACE',''
  ) );
#6414 = PCURVE('',#4925,#6415);
#6415 = DEFINITIONAL_REPRESENTATION('',(#6416),#6419);
#6416 = B_SPLINE_CURVE_WITH_KNOTS('',1,(#6417,#6418),.UNSPECIFIED.,.F.,
  .F.,(2,2),(-28.,-22.5),.PIECEWISE_BEZIER_KNOTS.);
#6417 = CARTESIAN_POINT('',(3.783839059466,54.));
#6418 = CARTESIAN_POINT('',(3.783839059466,48.5));
#6419 = ( GEOMETRIC_REPRESENTATION_CONTEXT(2) 
PARAMETRIC_REPRESENTATION_CONTEXT() REPRESENTATION_CONTEXT('2D SPACE',''
  ) );
#6420 = ORIENTED_EDGE('',*,*,#6421,.F.);
#6421 = EDGE_CURVE('',#6422,#6401,#6424,.T.);
#6422 = VERTEX_POINT('',#6423);
#6423 = CARTESIAN_POINT('',(-81.,46.625,13.263774403471));
#6424 = SURFACE_CURVE('',#6425,(#6429,#6435),.PCURVE_S1.);
#6425 = LINE('',#6426,#6427);
#6426 = CARTESIAN_POINT('',(-81.,15.982936097219,13.263774403471));
#6427 = VECTOR('',#6428,1.);
#6428 = DIRECTION('',(0.,1.,0.));
#6429 = PCURVE('',#4893,#6430);
#6430 = DEFINITIONAL_REPRESENTATION('',(#6431),#6434);
#6431 = B_SPLINE_CURVE_WITH_KNOTS('',1,(#6432,#6433),.UNSPECIFIED.,.F.,
  .F.,(2,2),(30.642063902781,32.434612646662),.PIECEWISE_BEZIER_KNOTS.);
#6432 = CARTESIAN_POINT('',(2.,-7.105427357601E-15));
#6433 = CARTESIAN_POINT('',(2.,1.792548743881));
#6434 = ( GEOMETRIC_REPRESENTATION_CONTEXT(2) 
PARAMETRIC_REPRESENTATION_CONTEXT() REPRESENTATION_CONTEXT('2D SPACE',''
  ) );
#6435 = PCURVE('',#4994,#6436);
#6436 = DEFINITIONAL_REPRESENTATION('',(#6437),#6440);
#6437 = B_SPLINE_CURVE_WITH_KNOTS('',1,(#6438,#6439),.UNSPECIFIED.,.F.,
  .F.,(2,2),(30.642063902781,32.434612646662),.PIECEWISE_BEZIER_KNOTS.);
#6438 = CARTESIAN_POINT('',(4.,-62.22053225739));
#6439 = CARTESIAN_POINT('',(3.783839059466,-64.));
#6440 = ( GEOMETRIC_REPRESENTATION_CONTEXT(2) 
PARAMETRIC_REPRESENTATION_CONTEXT() REPRESENTATION_CONTEXT('2D SPACE',''
  ) );
#6441 = ORIENTED_EDGE('',*,*,#6442,.F.);
#6442 = EDGE_CURVE('',#6443,#6422,#6445,.T.);
#6443 = VERTEX_POINT('',#6444);
#6444 = CARTESIAN_POINT('',(-82.,46.625,13.263774403471));
#6445 = SURFACE_CURVE('',#6446,(#6450,#6456),.PCURVE_S1.);
#6446 = LINE('',#6447,#6448);
#6447 = CARTESIAN_POINT('',(-109.,46.625,13.263774403471));
#6448 = VECTOR('',#6449,1.);
#6449 = DIRECTION('',(1.,0.,-0.));
#6450 = PCURVE('',#4893,#6451);
#6451 = DEFINITIONAL_REPRESENTATION('',(#6452),#6455);
#6452 = B_SPLINE_CURVE_WITH_KNOTS('',1,(#6453,#6454),.UNSPECIFIED.,.F.,
  .F.,(2,2),(22.5,28.),.PIECEWISE_BEZIER_KNOTS.);
#6453 = CARTESIAN_POINT('',(-3.5,2.984279490192E-13));
#6454 = CARTESIAN_POINT('',(2.,2.984279490192E-13));
#6455 = ( GEOMETRIC_REPRESENTATION_CONTEXT(2) 
PARAMETRIC_REPRESENTATION_CONTEXT() REPRESENTATION_CONTEXT('2D SPACE',''
  ) );
#6456 = PCURVE('',#5028,#6457);
#6457 = DEFINITIONAL_REPRESENTATION('',(#6458),#6461);
#6458 = B_SPLINE_CURVE_WITH_KNOTS('',1,(#6459,#6460),.UNSPECIFIED.,.F.,
  .F.,(2,2),(22.5,28.),.PIECEWISE_BEZIER_KNOTS.);
#6459 = CARTESIAN_POINT('',(48.5,62.220532257394));
#6460 = CARTESIAN_POINT('',(54.,62.220532257394));
#6461 = ( GEOMETRIC_REPRESENTATION_CONTEXT(2) 
PARAMETRIC_REPRESENTATION_CONTEXT() REPRESENTATION_CONTEXT('2D SPACE',''
  ) );
#6462 = ORIENTED_EDGE('',*,*,#6463,.F.);
#6463 = EDGE_CURVE('',#6464,#6443,#6466,.T.);
#6464 = VERTEX_POINT('',#6465);
#6465 = CARTESIAN_POINT('',(-84.,46.625,13.263774403471));
#6466 = SURFACE_CURVE('',#6467,(#6472,#6479),.PCURVE_S1.);
#6467 = CIRCLE('',#6468,1.);
#6468 = AXIS2_PLACEMENT_3D('',#6469,#6470,#6471);
#6469 = CARTESIAN_POINT('',(-83.,46.625,13.263774403471));
#6470 = DIRECTION('',(0.,0.,1.));
#6471 = DIRECTION('',(1.,0.,0.));
#6472 = PCURVE('',#4893,#6473);
#6473 = DEFINITIONAL_REPRESENTATION('',(#6474),#6478);
#6474 = CIRCLE('',#6475,1.);
#6475 = AXIS2_PLACEMENT_2D('',#6476,#6477);
#6476 = CARTESIAN_POINT('',(-1.42108547152E-14,0.));
#6477 = DIRECTION('',(1.,0.));
#6478 = ( GEOMETRIC_REPRESENTATION_CONTEXT(2) 
PARAMETRIC_REPRESENTATION_CONTEXT() REPRESENTATION_CONTEXT('2D SPACE',''
  ) );
#6479 = PCURVE('',#6480,#6485);
#6480 = CYLINDRICAL_SURFACE('',#6481,1.);
#6481 = AXIS2_PLACEMENT_3D('',#6482,#6483,#6484);
#6482 = CARTESIAN_POINT('',(-83.,46.625,8.263774403471));
#6483 = DIRECTION('',(-0.,-0.,-1.));
#6484 = DIRECTION('',(1.,0.,0.));
#6485 = DEFINITIONAL_REPRESENTATION('',(#6486),#6490);
#6486 = LINE('',#6487,#6488);
#6487 = CARTESIAN_POINT('',(-0.,-5.));
#6488 = VECTOR('',#6489,1.);
#6489 = DIRECTION('',(-1.,0.));
#6490 = ( GEOMETRIC_REPRESENTATION_CONTEXT(2) 
PARAMETRIC_REPRESENTATION_CONTEXT() REPRESENTATION_CONTEXT('2D SPACE',''
  ) );
#6491 = ORIENTED_EDGE('',*,*,#6492,.F.);
#6492 = EDGE_CURVE('',#5006,#6464,#6493,.T.);
#6493 = SURFACE_CURVE('',#6494,(#6498,#6504),.PCURVE_S1.);
#6494 = LINE('',#6495,#6496);
#6495 = CARTESIAN_POINT('',(-109.,46.625,13.263774403471));
#6496 = VECTOR('',#6497,1.);
#6497 = DIRECTION('',(1.,0.,-0.));
#6498 = PCURVE('',#4893,#6499);
#6499 = DEFINITIONAL_REPRESENTATION('',(#6500),#6503);
#6500 = B_SPLINE_CURVE_WITH_KNOTS('',1,(#6501,#6502),.UNSPECIFIED.,.F.,
  .F.,(2,2),(22.5,28.),.PIECEWISE_BEZIER_KNOTS.);
#6501 = CARTESIAN_POINT('',(-3.5,2.984279490192E-13));
#6502 = CARTESIAN_POINT('',(2.,2.984279490192E-13));
#6503 = ( GEOMETRIC_REPRESENTATION_CONTEXT(2) 
PARAMETRIC_REPRESENTATION_CONTEXT() REPRESENTATION_CONTEXT('2D SPACE',''
  ) );
#6504 = PCURVE('',#5028,#6505);
#6505 = DEFINITIONAL_REPRESENTATION('',(#6506),#6509);
#6506 = B_SPLINE_CURVE_WITH_KNOTS('',1,(#6507,#6508),.UNSPECIFIED.,.F.,
  .F.,(2,2),(22.5,28.),.PIECEWISE_BEZIER_KNOTS.);
#6507 = CARTESIAN_POINT('',(48.5,62.220532257394));
#6508 = CARTESIAN_POINT('',(54.,62.220532257394));
#6509 = ( GEOMETRIC_REPRESENTATION_CONTEXT(2) 
PARAMETRIC_REPRESENTATION_CONTEXT() REPRESENTATION_CONTEXT('2D SPACE',''
  ) );
#6510 = ADVANCED_FACE('',(#6511),#5028,.F.);
#6511 = FACE_BOUND('',#6512,.F.);
#6512 = EDGE_LOOP('',(#6513,#6514,#6535,#6536,#6564));
#6513 = ORIENTED_EDGE('',*,*,#5005,.T.);
#6514 = ORIENTED_EDGE('',*,*,#6515,.T.);
#6515 = EDGE_CURVE('',#4980,#6422,#6516,.T.);
#6516 = SURFACE_CURVE('',#6517,(#6521,#6528),.PCURVE_S1.);
#6517 = LINE('',#6518,#6519);
#6518 = CARTESIAN_POINT('',(-81.,-15.14148219904,5.76068762875));
#6519 = VECTOR('',#6520,1.);
#6520 = DIRECTION('',(0.,0.99270256872,0.120588598369));
#6521 = PCURVE('',#5028,#6522);
#6522 = DEFINITIONAL_REPRESENTATION('',(#6523),#6527);
#6523 = LINE('',#6524,#6525);
#6524 = CARTESIAN_POINT('',(54.,0.));
#6525 = VECTOR('',#6526,1.);
#6526 = DIRECTION('',(0.,1.));
#6527 = ( GEOMETRIC_REPRESENTATION_CONTEXT(2) 
PARAMETRIC_REPRESENTATION_CONTEXT() REPRESENTATION_CONTEXT('2D SPACE',''
  ) );
#6528 = PCURVE('',#4994,#6529);
#6529 = DEFINITIONAL_REPRESENTATION('',(#6530),#6534);
#6530 = LINE('',#6531,#6532);
#6531 = CARTESIAN_POINT('',(4.,-9.436895709314E-16));
#6532 = VECTOR('',#6533,1.);
#6533 = DIRECTION('',(0.,-1.));
#6534 = ( GEOMETRIC_REPRESENTATION_CONTEXT(2) 
PARAMETRIC_REPRESENTATION_CONTEXT() REPRESENTATION_CONTEXT('2D SPACE',''
  ) );
#6535 = ORIENTED_EDGE('',*,*,#6442,.F.);
#6536 = ORIENTED_EDGE('',*,*,#6537,.F.);
#6537 = EDGE_CURVE('',#6464,#6443,#6538,.T.);
#6538 = SURFACE_CURVE('',#6539,(#6544,#6551),.PCURVE_S1.);
#6539 = ELLIPSE('',#6540,1.007351075246,1.);
#6540 = AXIS2_PLACEMENT_3D('',#6541,#6542,#6543);
#6541 = CARTESIAN_POINT('',(-83.,46.625,13.263774403471));
#6542 = DIRECTION('',(0.,-0.120588598369,0.99270256872));
#6543 = DIRECTION('',(0.,-0.99270256872,-0.120588598369));
#6544 = PCURVE('',#5028,#6545);
#6545 = DEFINITIONAL_REPRESENTATION('',(#6546),#6550);
#6546 = ELLIPSE('',#6547,1.007351075246,1.);
#6547 = AXIS2_PLACEMENT_2D('',#6548,#6549);
#6548 = CARTESIAN_POINT('',(52.,62.220532257393));
#6549 = DIRECTION('',(0.,-1.));
#6550 = ( GEOMETRIC_REPRESENTATION_CONTEXT(2) 
PARAMETRIC_REPRESENTATION_CONTEXT() REPRESENTATION_CONTEXT('2D SPACE',''
  ) );
#6551 = PCURVE('',#6480,#6552);
#6552 = DEFINITIONAL_REPRESENTATION('',(#6553),#6563);
#6553 = B_SPLINE_CURVE_WITH_KNOTS('',8,(#6554,#6555,#6556,#6557,#6558,
    #6559,#6560,#6561,#6562),.UNSPECIFIED.,.F.,.F.,(9,9),(4.712384041099
    ,7.853981633974),.PIECEWISE_BEZIER_KNOTS.);
#6554 = CARTESIAN_POINT('',(-3.141587714304,-5.0000006));
#6555 = CARTESIAN_POINT('',(-3.534287413413,-4.952297382755));
#6556 = CARTESIAN_POINT('',(-3.926987112523,-4.904593679384));
#6557 = CARTESIAN_POINT('',(-4.319686811637,-4.868103793384));
#6558 = CARTESIAN_POINT('',(-4.712386510744,-4.854011367803));
#6559 = CARTESIAN_POINT('',(-5.105086209856,-4.868103510518));
#6560 = CARTESIAN_POINT('',(-5.497785908961,-4.904593185148));
#6561 = CARTESIAN_POINT('',(-5.89048560807,-4.952296782755));
#6562 = CARTESIAN_POINT('',(-6.28318530718,-5.));
#6563 = ( GEOMETRIC_REPRESENTATION_CONTEXT(2) 
PARAMETRIC_REPRESENTATION_CONTEXT() REPRESENTATION_CONTEXT('2D SPACE',''
  ) );
#6564 = ORIENTED_EDGE('',*,*,#6492,.F.);
#6565 = ADVANCED_FACE('',(#6566),#4994,.F.);
#6566 = FACE_BOUND('',#6567,.F.);
#6567 = EDGE_LOOP('',(#6568,#6569,#6570,#6593,#6614));
#6568 = ORIENTED_EDGE('',*,*,#6515,.F.);
#6569 = ORIENTED_EDGE('',*,*,#4979,.T.);
#6570 = ORIENTED_EDGE('',*,*,#6571,.T.);
#6571 = EDGE_CURVE('',#4938,#6572,#6574,.T.);
#6572 = VERTEX_POINT('',#6573);
#6573 = CARTESIAN_POINT('',(-81.,48.873836592518,9.507547649515));
#6574 = SURFACE_CURVE('',#6575,(#6579,#6586),.PCURVE_S1.);
#6575 = LINE('',#6576,#6577);
#6576 = CARTESIAN_POINT('',(-81.,-14.65912780556,1.78987735387));
#6577 = VECTOR('',#6578,1.);
#6578 = DIRECTION('',(0.,0.99270256872,0.120588598369));
#6579 = PCURVE('',#4994,#6580);
#6580 = DEFINITIONAL_REPRESENTATION('',(#6581),#6585);
#6581 = LINE('',#6582,#6583);
#6582 = CARTESIAN_POINT('',(0.,0.));
#6583 = VECTOR('',#6584,1.);
#6584 = DIRECTION('',(0.,-1.));
#6585 = ( GEOMETRIC_REPRESENTATION_CONTEXT(2) 
PARAMETRIC_REPRESENTATION_CONTEXT() REPRESENTATION_CONTEXT('2D SPACE',''
  ) );
#6586 = PCURVE('',#4967,#6587);
#6587 = DEFINITIONAL_REPRESENTATION('',(#6588),#6592);
#6588 = LINE('',#6589,#6590);
#6589 = CARTESIAN_POINT('',(54.,0.));
#6590 = VECTOR('',#6591,1.);
#6591 = DIRECTION('',(0.,1.));
#6592 = ( GEOMETRIC_REPRESENTATION_CONTEXT(2) 
PARAMETRIC_REPRESENTATION_CONTEXT() REPRESENTATION_CONTEXT('2D SPACE',''
  ) );
#6593 = ORIENTED_EDGE('',*,*,#6594,.T.);
#6594 = EDGE_CURVE('',#6572,#6401,#6595,.T.);
#6595 = SURFACE_CURVE('',#6596,(#6600,#6607),.PCURVE_S1.);
#6596 = LINE('',#6597,#6598);
#6597 = CARTESIAN_POINT('',(-81.,48.873836592518,9.507547649515));
#6598 = VECTOR('',#6599,1.);
#6599 = DIRECTION('',(0.,-0.120588598369,0.99270256872));
#6600 = PCURVE('',#4994,#6601);
#6601 = DEFINITIONAL_REPRESENTATION('',(#6602),#6606);
#6602 = LINE('',#6603,#6604);
#6603 = CARTESIAN_POINT('',(0.,-64.));
#6604 = VECTOR('',#6605,1.);
#6605 = DIRECTION('',(1.,0.));
#6606 = ( GEOMETRIC_REPRESENTATION_CONTEXT(2) 
PARAMETRIC_REPRESENTATION_CONTEXT() REPRESENTATION_CONTEXT('2D SPACE',''
  ) );
#6607 = PCURVE('',#4925,#6608);
#6608 = DEFINITIONAL_REPRESENTATION('',(#6609),#6613);
#6609 = LINE('',#6610,#6611);
#6610 = CARTESIAN_POINT('',(0.,54.));
#6611 = VECTOR('',#6612,1.);
#6612 = DIRECTION('',(1.,0.));
#6613 = ( GEOMETRIC_REPRESENTATION_CONTEXT(2) 
PARAMETRIC_REPRESENTATION_CONTEXT() REPRESENTATION_CONTEXT('2D SPACE',''
  ) );
#6614 = ORIENTED_EDGE('',*,*,#6421,.F.);
#6615 = ADVANCED_FACE('',(#6616,#6641),#4967,.T.);
#6616 = FACE_BOUND('',#6617,.T.);
#6617 = EDGE_LOOP('',(#6618,#6619,#6620));
#6618 = ORIENTED_EDGE('',*,*,#4937,.T.);
#6619 = ORIENTED_EDGE('',*,*,#6571,.T.);
#6620 = ORIENTED_EDGE('',*,*,#6621,.F.);
#6621 = EDGE_CURVE('',#4906,#6572,#6622,.T.);
#6622 = SURFACE_CURVE('',#6623,(#6627,#6634),.PCURVE_S1.);
#6623 = LINE('',#6624,#6625);
#6624 = CARTESIAN_POINT('',(-135.,48.873836592518,9.507547649515));
#6625 = VECTOR('',#6626,1.);
#6626 = DIRECTION('',(1.,0.,0.));
#6627 = PCURVE('',#4967,#6628);
#6628 = DEFINITIONAL_REPRESENTATION('',(#6629),#6633);
#6629 = LINE('',#6630,#6631);
#6630 = CARTESIAN_POINT('',(0.,64.));
#6631 = VECTOR('',#6632,1.);
#6632 = DIRECTION('',(1.,0.));
#6633 = ( GEOMETRIC_REPRESENTATION_CONTEXT(2) 
PARAMETRIC_REPRESENTATION_CONTEXT() REPRESENTATION_CONTEXT('2D SPACE',''
  ) );
#6634 = PCURVE('',#4925,#6635);
#6635 = DEFINITIONAL_REPRESENTATION('',(#6636),#6640);
#6636 = LINE('',#6637,#6638);
#6637 = CARTESIAN_POINT('',(0.,0.));
#6638 = VECTOR('',#6639,1.);
#6639 = DIRECTION('',(0.,1.));
#6640 = ( GEOMETRIC_REPRESENTATION_CONTEXT(2) 
PARAMETRIC_REPRESENTATION_CONTEXT() REPRESENTATION_CONTEXT('2D SPACE',''
  ) );
#6641 = FACE_BOUND('',#6642,.T.);
#6642 = EDGE_LOOP('',(#6643));
#6643 = ORIENTED_EDGE('',*,*,#6644,.F.);
#6644 = EDGE_CURVE('',#6645,#6645,#6647,.T.);
#6645 = VERTEX_POINT('',#6646);
#6646 = CARTESIAN_POINT('',(-82.,46.625,9.234370102485));
#6647 = SURFACE_CURVE('',#6648,(#6653,#6660),.PCURVE_S1.);
#6648 = ELLIPSE('',#6649,1.007351075246,1.);
#6649 = AXIS2_PLACEMENT_3D('',#6650,#6651,#6652);
#6650 = CARTESIAN_POINT('',(-83.,46.625,9.234370102485));
#6651 = DIRECTION('',(0.,-0.120588598369,0.99270256872));
#6652 = DIRECTION('',(0.,-0.99270256872,-0.120588598369));
#6653 = PCURVE('',#4967,#6654);
#6654 = DEFINITIONAL_REPRESENTATION('',(#6655),#6659);
#6655 = ELLIPSE('',#6656,1.007351075246,1.);
#6656 = AXIS2_PLACEMENT_2D('',#6657,#6658);
#6657 = CARTESIAN_POINT('',(52.,61.734632040474));
#6658 = DIRECTION('',(0.,-1.));
#6659 = ( GEOMETRIC_REPRESENTATION_CONTEXT(2) 
PARAMETRIC_REPRESENTATION_CONTEXT() REPRESENTATION_CONTEXT('2D SPACE',''
  ) );
#6660 = PCURVE('',#6661,#6666);
#6661 = CYLINDRICAL_SURFACE('',#6662,1.);
#6662 = AXIS2_PLACEMENT_3D('',#6663,#6664,#6665);
#6663 = CARTESIAN_POINT('',(-83.,46.625,8.263774403471));
#6664 = DIRECTION('',(-0.,-0.,-1.));
#6665 = DIRECTION('',(1.,0.,0.));
#6666 = DEFINITIONAL_REPRESENTATION('',(#6667),#6684);
#6667 = B_SPLINE_CURVE_WITH_KNOTS('',8,(#6668,#6669,#6670,#6671,#6672,
    #6673,#6674,#6675,#6676,#6677,#6678,#6679,#6680,#6681,#6682,#6683),
  .UNSPECIFIED.,.F.,.F.,(9,7,9),(1.570796326795,4.712388980385,
    7.853981633974),.UNSPECIFIED.);
#6668 = CARTESIAN_POINT('',(0.,-0.970595699014));
#6669 = CARTESIAN_POINT('',(-0.392699081699,-1.01829884126));
#6670 = CARTESIAN_POINT('',(-0.785398163397,-1.066002363866));
#6671 = CARTESIAN_POINT('',(-1.178097245092,-1.102492016382));
#6672 = CARTESIAN_POINT('',(-1.5707963268,-1.116584242595));
#6673 = CARTESIAN_POINT('',(-1.96349540849,-1.102492016382));
#6674 = CARTESIAN_POINT('',(-2.356194490191,-1.066002363866));
#6675 = CARTESIAN_POINT('',(-2.748893571891,-1.01829884126));
#6676 = CARTESIAN_POINT('',(-3.534291735289,-0.922892556769));
#6677 = CARTESIAN_POINT('',(-3.926990816984,-0.87518903416));
#6678 = CARTESIAN_POINT('',(-4.319689898664,-0.838699381652));
#6679 = CARTESIAN_POINT('',(-4.712388980392,-0.824607155419));
#6680 = CARTESIAN_POINT('',(-5.105088062071,-0.838699381654));
#6681 = CARTESIAN_POINT('',(-5.497787143781,-0.87518903416));
#6682 = CARTESIAN_POINT('',(-5.890486225481,-0.922892556769));
#6683 = CARTESIAN_POINT('',(-6.28318530718,-0.970595699014));
#6684 = ( GEOMETRIC_REPRESENTATION_CONTEXT(2) 
PARAMETRIC_REPRESENTATION_CONTEXT() REPRESENTATION_CONTEXT('2D SPACE',''
  ) );
#6685 = ADVANCED_FACE('',(#6686),#4925,.F.);
#6686 = FACE_BOUND('',#6687,.F.);
#6687 = EDGE_LOOP('',(#6688,#6689,#6690,#6691));
#6688 = ORIENTED_EDGE('',*,*,#6621,.F.);
#6689 = ORIENTED_EDGE('',*,*,#4905,.T.);
#6690 = ORIENTED_EDGE('',*,*,#6400,.F.);
#6691 = ORIENTED_EDGE('',*,*,#6594,.F.);
#6692 = ADVANCED_FACE('',(#6693),#5117,.F.);
#6693 = FACE_BOUND('',#6694,.F.);
#6694 = EDGE_LOOP('',(#6695,#6696,#6697,#6698,#6719,#6754));
#6695 = ORIENTED_EDGE('',*,*,#5094,.T.);
#6696 = ORIENTED_EDGE('',*,*,#5310,.T.);
#6697 = ORIENTED_EDGE('',*,*,#5513,.T.);
#6698 = ORIENTED_EDGE('',*,*,#6699,.F.);
#6699 = EDGE_CURVE('',#6700,#5514,#6702,.T.);
#6700 = VERTEX_POINT('',#6701);
#6701 = CARTESIAN_POINT('',(-82.,-13.375,5.975271149675));
#6702 = SURFACE_CURVE('',#6703,(#6707,#6713),.PCURVE_S1.);
#6703 = LINE('',#6704,#6705);
#6704 = CARTESIAN_POINT('',(-109.,-13.375,5.975271149675));
#6705 = VECTOR('',#6706,1.);
#6706 = DIRECTION('',(1.,0.,-0.));
#6707 = PCURVE('',#5117,#6708);
#6708 = DEFINITIONAL_REPRESENTATION('',(#6709),#6712);
#6709 = B_SPLINE_CURVE_WITH_KNOTS('',1,(#6710,#6711),.UNSPECIFIED.,.F.,
  .F.,(2,2),(22.5,28.),.PIECEWISE_BEZIER_KNOTS.);
#6710 = CARTESIAN_POINT('',(48.5,1.779467742607));
#6711 = CARTESIAN_POINT('',(54.,1.779467742607));
#6712 = ( GEOMETRIC_REPRESENTATION_CONTEXT(2) 
PARAMETRIC_REPRESENTATION_CONTEXT() REPRESENTATION_CONTEXT('2D SPACE',''
  ) );
#6713 = PCURVE('',#5146,#6714);
#6714 = DEFINITIONAL_REPRESENTATION('',(#6715),#6718);
#6715 = B_SPLINE_CURVE_WITH_KNOTS('',1,(#6716,#6717),.UNSPECIFIED.,.F.,
  .F.,(2,2),(22.5,28.),.PIECEWISE_BEZIER_KNOTS.);
#6716 = CARTESIAN_POINT('',(-3.5,8.881784197001E-15));
#6717 = CARTESIAN_POINT('',(2.,8.881784197001E-15));
#6718 = ( GEOMETRIC_REPRESENTATION_CONTEXT(2) 
PARAMETRIC_REPRESENTATION_CONTEXT() REPRESENTATION_CONTEXT('2D SPACE',''
  ) );
#6719 = ORIENTED_EDGE('',*,*,#6720,.F.);
#6720 = EDGE_CURVE('',#6721,#6700,#6723,.T.);
#6721 = VERTEX_POINT('',#6722);
#6722 = CARTESIAN_POINT('',(-84.,-13.375,5.975271149675));
#6723 = SURFACE_CURVE('',#6724,(#6729,#6736),.PCURVE_S1.);
#6724 = ELLIPSE('',#6725,1.007351075246,1.);
#6725 = AXIS2_PLACEMENT_3D('',#6726,#6727,#6728);
#6726 = CARTESIAN_POINT('',(-83.,-13.375,5.975271149675));
#6727 = DIRECTION('',(0.,-0.120588598369,0.99270256872));
#6728 = DIRECTION('',(0.,-0.99270256872,-0.120588598369));
#6729 = PCURVE('',#5117,#6730);
#6730 = DEFINITIONAL_REPRESENTATION('',(#6731),#6735);
#6731 = ELLIPSE('',#6732,1.007351075246,1.);
#6732 = AXIS2_PLACEMENT_2D('',#6733,#6734);
#6733 = CARTESIAN_POINT('',(52.,1.779467742607));
#6734 = DIRECTION('',(0.,-1.));
#6735 = ( GEOMETRIC_REPRESENTATION_CONTEXT(2) 
PARAMETRIC_REPRESENTATION_CONTEXT() REPRESENTATION_CONTEXT('2D SPACE',''
  ) );
#6736 = PCURVE('',#6737,#6742);
#6737 = CYLINDRICAL_SURFACE('',#6738,1.);
#6738 = AXIS2_PLACEMENT_3D('',#6739,#6740,#6741);
#6739 = CARTESIAN_POINT('',(-83.,-13.375,3.3));
#6740 = DIRECTION('',(-0.,-0.,-1.));
#6741 = DIRECTION('',(1.,0.,0.));
#6742 = DEFINITIONAL_REPRESENTATION('',(#6743),#6753);
#6743 = B_SPLINE_CURVE_WITH_KNOTS('',8,(#6744,#6745,#6746,#6747,#6748,
    #6749,#6750,#6751,#6752),.UNSPECIFIED.,.F.,.F.,(9,9),(4.712384041099
    ,7.853981633974),.PIECEWISE_BEZIER_KNOTS.);
#6744 = CARTESIAN_POINT('',(-3.141587714304,-2.675271749675));
#6745 = CARTESIAN_POINT('',(-3.534287413414,-2.62756853243));
#6746 = CARTESIAN_POINT('',(-3.926987112524,-2.57986482906));
#6747 = CARTESIAN_POINT('',(-4.319686811629,-2.543374943042));
#6748 = CARTESIAN_POINT('',(-4.712386510746,-2.529282517495));
#6749 = CARTESIAN_POINT('',(-5.105086209848,-2.543374660178));
#6750 = CARTESIAN_POINT('',(-5.497785908962,-2.579864334823));
#6751 = CARTESIAN_POINT('',(-5.89048560807,-2.627567932429));
#6752 = CARTESIAN_POINT('',(-6.28318530718,-2.675271149675));
#6753 = ( GEOMETRIC_REPRESENTATION_CONTEXT(2) 
PARAMETRIC_REPRESENTATION_CONTEXT() REPRESENTATION_CONTEXT('2D SPACE',''
  ) );
#6754 = ORIENTED_EDGE('',*,*,#6755,.F.);
#6755 = EDGE_CURVE('',#5095,#6721,#6756,.T.);
#6756 = SURFACE_CURVE('',#6757,(#6761,#6767),.PCURVE_S1.);
#6757 = LINE('',#6758,#6759);
#6758 = CARTESIAN_POINT('',(-109.,-13.375,5.975271149675));
#6759 = VECTOR('',#6760,1.);
#6760 = DIRECTION('',(1.,0.,-0.));
#6761 = PCURVE('',#5117,#6762);
#6762 = DEFINITIONAL_REPRESENTATION('',(#6763),#6766);
#6763 = B_SPLINE_CURVE_WITH_KNOTS('',1,(#6764,#6765),.UNSPECIFIED.,.F.,
  .F.,(2,2),(22.5,28.),.PIECEWISE_BEZIER_KNOTS.);
#6764 = CARTESIAN_POINT('',(48.5,1.779467742607));
#6765 = CARTESIAN_POINT('',(54.,1.779467742607));
#6766 = ( GEOMETRIC_REPRESENTATION_CONTEXT(2) 
PARAMETRIC_REPRESENTATION_CONTEXT() REPRESENTATION_CONTEXT('2D SPACE',''
  ) );
#6767 = PCURVE('',#5146,#6768);
#6768 = DEFINITIONAL_REPRESENTATION('',(#6769),#6772);
#6769 = B_SPLINE_CURVE_WITH_KNOTS('',1,(#6770,#6771),.UNSPECIFIED.,.F.,
  .F.,(2,2),(22.5,28.),.PIECEWISE_BEZIER_KNOTS.);
#6770 = CARTESIAN_POINT('',(-3.5,8.881784197001E-15));
#6771 = CARTESIAN_POINT('',(2.,8.881784197001E-15));
#6772 = ( GEOMETRIC_REPRESENTATION_CONTEXT(2) 
PARAMETRIC_REPRESENTATION_CONTEXT() REPRESENTATION_CONTEXT('2D SPACE',''
  ) );
#6773 = ADVANCED_FACE('',(#6774),#5146,.T.);
#6774 = FACE_BOUND('',#6775,.T.);
#6775 = EDGE_LOOP('',(#6776,#6777,#6778,#6779,#6780));
#6776 = ORIENTED_EDGE('',*,*,#6755,.F.);
#6777 = ORIENTED_EDGE('',*,*,#5129,.F.);
#6778 = ORIENTED_EDGE('',*,*,#5540,.F.);
#6779 = ORIENTED_EDGE('',*,*,#6699,.F.);
#6780 = ORIENTED_EDGE('',*,*,#6781,.F.);
#6781 = EDGE_CURVE('',#6721,#6700,#6782,.T.);
#6782 = SURFACE_CURVE('',#6783,(#6788,#6795),.PCURVE_S1.);
#6783 = CIRCLE('',#6784,1.);
#6784 = AXIS2_PLACEMENT_3D('',#6785,#6786,#6787);
#6785 = CARTESIAN_POINT('',(-83.,-13.375,5.975271149675));
#6786 = DIRECTION('',(0.,0.,1.));
#6787 = DIRECTION('',(1.,0.,0.));
#6788 = PCURVE('',#5146,#6789);
#6789 = DEFINITIONAL_REPRESENTATION('',(#6790),#6794);
#6790 = CIRCLE('',#6791,1.);
#6791 = AXIS2_PLACEMENT_2D('',#6792,#6793);
#6792 = CARTESIAN_POINT('',(-2.84217094304E-14,-1.7763568394E-15));
#6793 = DIRECTION('',(1.,0.));
#6794 = ( GEOMETRIC_REPRESENTATION_CONTEXT(2) 
PARAMETRIC_REPRESENTATION_CONTEXT() REPRESENTATION_CONTEXT('2D SPACE',''
  ) );
#6795 = PCURVE('',#6737,#6796);
#6796 = DEFINITIONAL_REPRESENTATION('',(#6797),#6801);
#6797 = LINE('',#6798,#6799);
#6798 = CARTESIAN_POINT('',(-0.,-2.675271149675));
#6799 = VECTOR('',#6800,1.);
#6800 = DIRECTION('',(-1.,0.));
#6801 = ( GEOMETRIC_REPRESENTATION_CONTEXT(2) 
PARAMETRIC_REPRESENTATION_CONTEXT() REPRESENTATION_CONTEXT('2D SPACE',''
  ) );
#6802 = ADVANCED_FACE('',(#6803),#5271,.F.);
#6803 = FACE_BOUND('',#6804,.F.);
#6804 = EDGE_LOOP('',(#6805,#6806,#6807,#6808,#6829,#6864));
#6805 = ORIENTED_EDGE('',*,*,#5417,.F.);
#6806 = ORIENTED_EDGE('',*,*,#5255,.T.);
#6807 = ORIENTED_EDGE('',*,*,#5365,.T.);
#6808 = ORIENTED_EDGE('',*,*,#6809,.F.);
#6809 = EDGE_CURVE('',#6810,#5337,#6812,.T.);
#6810 = VERTEX_POINT('',#6811);
#6811 = CARTESIAN_POINT('',(-132.,-13.375,5.975271149675));
#6812 = SURFACE_CURVE('',#6813,(#6817,#6823),.PCURVE_S1.);
#6813 = LINE('',#6814,#6815);
#6814 = CARTESIAN_POINT('',(-134.,-13.375,5.975271149675));
#6815 = VECTOR('',#6816,1.);
#6816 = DIRECTION('',(1.,0.,-0.));
#6817 = PCURVE('',#5271,#6818);
#6818 = DEFINITIONAL_REPRESENTATION('',(#6819),#6822);
#6819 = B_SPLINE_CURVE_WITH_KNOTS('',1,(#6820,#6821),.UNSPECIFIED.,.F.,
  .F.,(2,2),(-1.,4.5),.PIECEWISE_BEZIER_KNOTS.);
#6820 = CARTESIAN_POINT('',(0.,1.779467742607));
#6821 = CARTESIAN_POINT('',(5.5,1.779467742607));
#6822 = ( GEOMETRIC_REPRESENTATION_CONTEXT(2) 
PARAMETRIC_REPRESENTATION_CONTEXT() REPRESENTATION_CONTEXT('2D SPACE',''
  ) );
#6823 = PCURVE('',#5353,#6824);
#6824 = DEFINITIONAL_REPRESENTATION('',(#6825),#6828);
#6825 = B_SPLINE_CURVE_WITH_KNOTS('',1,(#6826,#6827),.UNSPECIFIED.,.F.,
  .F.,(2,2),(-1.,4.5),.PIECEWISE_BEZIER_KNOTS.);
#6826 = CARTESIAN_POINT('',(-2.,8.881784197001E-15));
#6827 = CARTESIAN_POINT('',(3.5,8.881784197001E-15));
#6828 = ( GEOMETRIC_REPRESENTATION_CONTEXT(2) 
PARAMETRIC_REPRESENTATION_CONTEXT() REPRESENTATION_CONTEXT('2D SPACE',''
  ) );
#6829 = ORIENTED_EDGE('',*,*,#6830,.F.);
#6830 = EDGE_CURVE('',#6831,#6810,#6833,.T.);
#6831 = VERTEX_POINT('',#6832);
#6832 = CARTESIAN_POINT('',(-134.,-13.375,5.975271149675));
#6833 = SURFACE_CURVE('',#6834,(#6839,#6846),.PCURVE_S1.);
#6834 = ELLIPSE('',#6835,1.007351075246,1.);
#6835 = AXIS2_PLACEMENT_3D('',#6836,#6837,#6838);
#6836 = CARTESIAN_POINT('',(-133.,-13.375,5.975271149675));
#6837 = DIRECTION('',(0.,-0.120588598369,0.99270256872));
#6838 = DIRECTION('',(0.,-0.99270256872,-0.120588598369));
#6839 = PCURVE('',#5271,#6840);
#6840 = DEFINITIONAL_REPRESENTATION('',(#6841),#6845);
#6841 = ELLIPSE('',#6842,1.007351075246,1.);
#6842 = AXIS2_PLACEMENT_2D('',#6843,#6844);
#6843 = CARTESIAN_POINT('',(2.,1.779467742607));
#6844 = DIRECTION('',(0.,-1.));
#6845 = ( GEOMETRIC_REPRESENTATION_CONTEXT(2) 
PARAMETRIC_REPRESENTATION_CONTEXT() REPRESENTATION_CONTEXT('2D SPACE',''
  ) );
#6846 = PCURVE('',#6847,#6852);
#6847 = CYLINDRICAL_SURFACE('',#6848,1.);
#6848 = AXIS2_PLACEMENT_3D('',#6849,#6850,#6851);
#6849 = CARTESIAN_POINT('',(-133.,-13.375,3.3));
#6850 = DIRECTION('',(-0.,-0.,-1.));
#6851 = DIRECTION('',(1.,0.,0.));
#6852 = DEFINITIONAL_REPRESENTATION('',(#6853),#6863);
#6853 = B_SPLINE_CURVE_WITH_KNOTS('',8,(#6854,#6855,#6856,#6857,#6858,
    #6859,#6860,#6861,#6862),.UNSPECIFIED.,.F.,.F.,(9,9),(4.712384041099
    ,7.853981633974),.PIECEWISE_BEZIER_KNOTS.);
#6854 = CARTESIAN_POINT('',(-3.141587714304,-2.675271749675));
#6855 = CARTESIAN_POINT('',(-3.534287413414,-2.62756853243));
#6856 = CARTESIAN_POINT('',(-3.926987112525,-2.57986482906));
#6857 = CARTESIAN_POINT('',(-4.31968681163,-2.543374943042));
#6858 = CARTESIAN_POINT('',(-4.712386510752,-2.529282517495));
#6859 = CARTESIAN_POINT('',(-5.105086209848,-2.543374660178));
#6860 = CARTESIAN_POINT('',(-5.497785908963,-2.579864334823));
#6861 = CARTESIAN_POINT('',(-5.89048560807,-2.627567932429));
#6862 = CARTESIAN_POINT('',(-6.28318530718,-2.675271149675));
#6863 = ( GEOMETRIC_REPRESENTATION_CONTEXT(2) 
PARAMETRIC_REPRESENTATION_CONTEXT() REPRESENTATION_CONTEXT('2D SPACE',''
  ) );
#6864 = ORIENTED_EDGE('',*,*,#6865,.F.);
#6865 = EDGE_CURVE('',#5418,#6831,#6866,.T.);
#6866 = SURFACE_CURVE('',#6867,(#6871,#6877),.PCURVE_S1.);
#6867 = LINE('',#6868,#6869);
#6868 = CARTESIAN_POINT('',(-134.,-13.375,5.975271149675));
#6869 = VECTOR('',#6870,1.);
#6870 = DIRECTION('',(1.,0.,-0.));
#6871 = PCURVE('',#5271,#6872);
#6872 = DEFINITIONAL_REPRESENTATION('',(#6873),#6876);
#6873 = B_SPLINE_CURVE_WITH_KNOTS('',1,(#6874,#6875),.UNSPECIFIED.,.F.,
  .F.,(2,2),(-1.,4.5),.PIECEWISE_BEZIER_KNOTS.);
#6874 = CARTESIAN_POINT('',(0.,1.779467742607));
#6875 = CARTESIAN_POINT('',(5.5,1.779467742607));
#6876 = ( GEOMETRIC_REPRESENTATION_CONTEXT(2) 
PARAMETRIC_REPRESENTATION_CONTEXT() REPRESENTATION_CONTEXT('2D SPACE',''
  ) );
#6877 = PCURVE('',#5353,#6878);
#6878 = DEFINITIONAL_REPRESENTATION('',(#6879),#6882);
#6879 = B_SPLINE_CURVE_WITH_KNOTS('',1,(#6880,#6881),.UNSPECIFIED.,.F.,
  .F.,(2,2),(-1.,4.5),.PIECEWISE_BEZIER_KNOTS.);
#6880 = CARTESIAN_POINT('',(-2.,8.881784197001E-15));
#6881 = CARTESIAN_POINT('',(3.5,8.881784197001E-15));
#6882 = ( GEOMETRIC_REPRESENTATION_CONTEXT(2) 
PARAMETRIC_REPRESENTATION_CONTEXT() REPRESENTATION_CONTEXT('2D SPACE',''
  ) );
#6883 = ADVANCED_FACE('',(#6884),#5353,.T.);
#6884 = FACE_BOUND('',#6885,.T.);
#6885 = EDGE_LOOP('',(#6886,#6887,#6888,#6910,#6911));
#6886 = ORIENTED_EDGE('',*,*,#5334,.T.);
#6887 = ORIENTED_EDGE('',*,*,#6809,.F.);
#6888 = ORIENTED_EDGE('',*,*,#6889,.F.);
#6889 = EDGE_CURVE('',#6831,#6810,#6890,.T.);
#6890 = SURFACE_CURVE('',#6891,(#6896,#6903),.PCURVE_S1.);
#6891 = CIRCLE('',#6892,1.);
#6892 = AXIS2_PLACEMENT_3D('',#6893,#6894,#6895);
#6893 = CARTESIAN_POINT('',(-133.,-13.375,5.975271149675));
#6894 = DIRECTION('',(0.,0.,1.));
#6895 = DIRECTION('',(1.,0.,0.));
#6896 = PCURVE('',#5353,#6897);
#6897 = DEFINITIONAL_REPRESENTATION('',(#6898),#6902);
#6898 = CIRCLE('',#6899,1.);
#6899 = AXIS2_PLACEMENT_2D('',#6900,#6901);
#6900 = CARTESIAN_POINT('',(0.,-1.7763568394E-15));
#6901 = DIRECTION('',(1.,0.));
#6902 = ( GEOMETRIC_REPRESENTATION_CONTEXT(2) 
PARAMETRIC_REPRESENTATION_CONTEXT() REPRESENTATION_CONTEXT('2D SPACE',''
  ) );
#6903 = PCURVE('',#6847,#6904);
#6904 = DEFINITIONAL_REPRESENTATION('',(#6905),#6909);
#6905 = LINE('',#6906,#6907);
#6906 = CARTESIAN_POINT('',(-0.,-2.675271149675));
#6907 = VECTOR('',#6908,1.);
#6908 = DIRECTION('',(-1.,0.));
#6909 = ( GEOMETRIC_REPRESENTATION_CONTEXT(2) 
PARAMETRIC_REPRESENTATION_CONTEXT() REPRESENTATION_CONTEXT('2D SPACE',''
  ) );
#6910 = ORIENTED_EDGE('',*,*,#6865,.F.);
#6911 = ORIENTED_EDGE('',*,*,#5464,.T.);
#6912 = ADVANCED_FACE('',(#6913,#6961),#5616,.T.);
#6913 = FACE_BOUND('',#6914,.T.);
#6914 = EDGE_LOOP('',(#6915,#6938,#6939,#6940));
#6915 = ORIENTED_EDGE('',*,*,#6916,.F.);
#6916 = EDGE_CURVE('',#5725,#6917,#6919,.T.);
#6917 = VERTEX_POINT('',#6918);
#6918 = CARTESIAN_POINT('',(-135.,48.873836592518,9.507547649515));
#6919 = SURFACE_CURVE('',#6920,(#6924,#6931),.PCURVE_S1.);
#6920 = LINE('',#6921,#6922);
#6921 = CARTESIAN_POINT('',(-135.,-14.65912780556,1.78987735387));
#6922 = VECTOR('',#6923,1.);
#6923 = DIRECTION('',(0.,0.99270256872,0.120588598369));
#6924 = PCURVE('',#5616,#6925);
#6925 = DEFINITIONAL_REPRESENTATION('',(#6926),#6930);
#6926 = LINE('',#6927,#6928);
#6927 = CARTESIAN_POINT('',(0.,0.));
#6928 = VECTOR('',#6929,1.);
#6929 = DIRECTION('',(0.,1.));
#6930 = ( GEOMETRIC_REPRESENTATION_CONTEXT(2) 
PARAMETRIC_REPRESENTATION_CONTEXT() REPRESENTATION_CONTEXT('2D SPACE',''
  ) );
#6931 = PCURVE('',#5739,#6932);
#6932 = DEFINITIONAL_REPRESENTATION('',(#6933),#6937);
#6933 = LINE('',#6934,#6935);
#6934 = CARTESIAN_POINT('',(0.,0.));
#6935 = VECTOR('',#6936,1.);
#6936 = DIRECTION('',(0.,-1.));
#6937 = ( GEOMETRIC_REPRESENTATION_CONTEXT(2) 
PARAMETRIC_REPRESENTATION_CONTEXT() REPRESENTATION_CONTEXT('2D SPACE',''
  ) );
#6938 = ORIENTED_EDGE('',*,*,#5750,.T.);
#6939 = ORIENTED_EDGE('',*,*,#5586,.T.);
#6940 = ORIENTED_EDGE('',*,*,#6941,.F.);
#6941 = EDGE_CURVE('',#6917,#5587,#6942,.T.);
#6942 = SURFACE_CURVE('',#6943,(#6947,#6954),.PCURVE_S1.);
#6943 = LINE('',#6944,#6945);
#6944 = CARTESIAN_POINT('',(-135.,48.873836592518,9.507547649515));
#6945 = VECTOR('',#6946,1.);
#6946 = DIRECTION('',(1.,0.,0.));
#6947 = PCURVE('',#5616,#6948);
#6948 = DEFINITIONAL_REPRESENTATION('',(#6949),#6953);
#6949 = LINE('',#6950,#6951);
#6950 = CARTESIAN_POINT('',(0.,64.));
#6951 = VECTOR('',#6952,1.);
#6952 = DIRECTION('',(1.,0.));
#6953 = ( GEOMETRIC_REPRESENTATION_CONTEXT(2) 
PARAMETRIC_REPRESENTATION_CONTEXT() REPRESENTATION_CONTEXT('2D SPACE',''
  ) );
#6954 = PCURVE('',#5648,#6955);
#6955 = DEFINITIONAL_REPRESENTATION('',(#6956),#6960);
#6956 = LINE('',#6957,#6958);
#6957 = CARTESIAN_POINT('',(0.,0.));
#6958 = VECTOR('',#6959,1.);
#6959 = DIRECTION('',(0.,1.));
#6960 = ( GEOMETRIC_REPRESENTATION_CONTEXT(2) 
PARAMETRIC_REPRESENTATION_CONTEXT() REPRESENTATION_CONTEXT('2D SPACE',''
  ) );
#6961 = FACE_BOUND('',#6962,.T.);
#6962 = EDGE_LOOP('',(#6963));
#6963 = ORIENTED_EDGE('',*,*,#6964,.F.);
#6964 = EDGE_CURVE('',#6965,#6965,#6967,.T.);
#6965 = VERTEX_POINT('',#6966);
#6966 = CARTESIAN_POINT('',(-132.,46.625,9.234370102485));
#6967 = SURFACE_CURVE('',#6968,(#6973,#6980),.PCURVE_S1.);
#6968 = ELLIPSE('',#6969,1.007351075246,1.);
#6969 = AXIS2_PLACEMENT_3D('',#6970,#6971,#6972);
#6970 = CARTESIAN_POINT('',(-133.,46.625,9.234370102485));
#6971 = DIRECTION('',(0.,-0.120588598369,0.99270256872));
#6972 = DIRECTION('',(0.,-0.99270256872,-0.120588598369));
#6973 = PCURVE('',#5616,#6974);
#6974 = DEFINITIONAL_REPRESENTATION('',(#6975),#6979);
#6975 = ELLIPSE('',#6976,1.007351075246,1.);
#6976 = AXIS2_PLACEMENT_2D('',#6977,#6978);
#6977 = CARTESIAN_POINT('',(2.,61.734632040474));
#6978 = DIRECTION('',(0.,-1.));
#6979 = ( GEOMETRIC_REPRESENTATION_CONTEXT(2) 
PARAMETRIC_REPRESENTATION_CONTEXT() REPRESENTATION_CONTEXT('2D SPACE',''
  ) );
#6980 = PCURVE('',#6981,#6986);
#6981 = CYLINDRICAL_SURFACE('',#6982,1.);
#6982 = AXIS2_PLACEMENT_3D('',#6983,#6984,#6985);
#6983 = CARTESIAN_POINT('',(-133.,46.625,8.263774403471));
#6984 = DIRECTION('',(-0.,-0.,-1.));
#6985 = DIRECTION('',(1.,0.,0.));
#6986 = DEFINITIONAL_REPRESENTATION('',(#6987),#7004);
#6987 = B_SPLINE_CURVE_WITH_KNOTS('',8,(#6988,#6989,#6990,#6991,#6992,
    #6993,#6994,#6995,#6996,#6997,#6998,#6999,#7000,#7001,#7002,#7003),
  .UNSPECIFIED.,.F.,.F.,(9,7,9),(1.570796326795,4.712388980385,
    7.853981633974),.UNSPECIFIED.);
#6988 = CARTESIAN_POINT('',(0.,-0.970595699014));
#6989 = CARTESIAN_POINT('',(-0.392699081699,-1.01829884126));
#6990 = CARTESIAN_POINT('',(-0.785398163398,-1.066002363866));
#6991 = CARTESIAN_POINT('',(-1.178097245084,-1.102492016382));
#6992 = CARTESIAN_POINT('',(-1.570796326801,-1.116584242595));
#6993 = CARTESIAN_POINT('',(-1.963495408487,-1.102492016382));
#6994 = CARTESIAN_POINT('',(-2.356194490194,-1.066002363866));
#6995 = CARTESIAN_POINT('',(-2.748893571891,-1.01829884126));
#6996 = CARTESIAN_POINT('',(-3.534291735289,-0.922892556769));
#6997 = CARTESIAN_POINT('',(-3.926990816978,-0.87518903416));
#6998 = CARTESIAN_POINT('',(-4.319689898713,-0.838699381652));
#6999 = CARTESIAN_POINT('',(-4.712388980366,-0.824607155419));
#7000 = CARTESIAN_POINT('',(-5.105088062111,-0.838699381654));
#7001 = CARTESIAN_POINT('',(-5.497787143773,-0.87518903416));
#7002 = CARTESIAN_POINT('',(-5.890486225481,-0.922892556769));
#7003 = CARTESIAN_POINT('',(-6.28318530718,-0.970595699014));
#7004 = ( GEOMETRIC_REPRESENTATION_CONTEXT(2) 
PARAMETRIC_REPRESENTATION_CONTEXT() REPRESENTATION_CONTEXT('2D SPACE',''
  ) );
#7005 = ADVANCED_FACE('',(#7006),#5739,.T.);
#7006 = FACE_BOUND('',#7007,.T.);
#7007 = EDGE_LOOP('',(#7008,#7031,#7032,#7033,#7056));
#7008 = ORIENTED_EDGE('',*,*,#7009,.F.);
#7009 = EDGE_CURVE('',#5690,#7010,#7012,.T.);
#7010 = VERTEX_POINT('',#7011);
#7011 = CARTESIAN_POINT('',(-135.,46.625,13.263774403471));
#7012 = SURFACE_CURVE('',#7013,(#7017,#7024),.PCURVE_S1.);
#7013 = LINE('',#7014,#7015);
#7014 = CARTESIAN_POINT('',(-135.,-15.14148219904,5.76068762875));
#7015 = VECTOR('',#7016,1.);
#7016 = DIRECTION('',(0.,0.99270256872,0.120588598369));
#7017 = PCURVE('',#5739,#7018);
#7018 = DEFINITIONAL_REPRESENTATION('',(#7019),#7023);
#7019 = LINE('',#7020,#7021);
#7020 = CARTESIAN_POINT('',(4.,-9.436895709314E-16));
#7021 = VECTOR('',#7022,1.);
#7022 = DIRECTION('',(0.,-1.));
#7023 = ( GEOMETRIC_REPRESENTATION_CONTEXT(2) 
PARAMETRIC_REPRESENTATION_CONTEXT() REPRESENTATION_CONTEXT('2D SPACE',''
  ) );
#7024 = PCURVE('',#5712,#7025);
#7025 = DEFINITIONAL_REPRESENTATION('',(#7026),#7030);
#7026 = LINE('',#7027,#7028);
#7027 = CARTESIAN_POINT('',(0.,0.));
#7028 = VECTOR('',#7029,1.);
#7029 = DIRECTION('',(0.,1.));
#7030 = ( GEOMETRIC_REPRESENTATION_CONTEXT(2) 
PARAMETRIC_REPRESENTATION_CONTEXT() REPRESENTATION_CONTEXT('2D SPACE',''
  ) );
#7031 = ORIENTED_EDGE('',*,*,#5724,.T.);
#7032 = ORIENTED_EDGE('',*,*,#6916,.T.);
#7033 = ORIENTED_EDGE('',*,*,#7034,.T.);
#7034 = EDGE_CURVE('',#6917,#7035,#7037,.T.);
#7035 = VERTEX_POINT('',#7036);
#7036 = CARTESIAN_POINT('',(-135.,48.417548743881,13.263774403471));
#7037 = SURFACE_CURVE('',#7038,(#7042,#7049),.PCURVE_S1.);
#7038 = LINE('',#7039,#7040);
#7039 = CARTESIAN_POINT('',(-135.,48.873836592518,9.507547649515));
#7040 = VECTOR('',#7041,1.);
#7041 = DIRECTION('',(0.,-0.120588598369,0.99270256872));
#7042 = PCURVE('',#5739,#7043);
#7043 = DEFINITIONAL_REPRESENTATION('',(#7044),#7048);
#7044 = LINE('',#7045,#7046);
#7045 = CARTESIAN_POINT('',(0.,-64.));
#7046 = VECTOR('',#7047,1.);
#7047 = DIRECTION('',(1.,0.));
#7048 = ( GEOMETRIC_REPRESENTATION_CONTEXT(2) 
PARAMETRIC_REPRESENTATION_CONTEXT() REPRESENTATION_CONTEXT('2D SPACE',''
  ) );
#7049 = PCURVE('',#5648,#7050);
#7050 = DEFINITIONAL_REPRESENTATION('',(#7051),#7055);
#7051 = LINE('',#7052,#7053);
#7052 = CARTESIAN_POINT('',(0.,0.));
#7053 = VECTOR('',#7054,1.);
#7054 = DIRECTION('',(1.,0.));
#7055 = ( GEOMETRIC_REPRESENTATION_CONTEXT(2) 
PARAMETRIC_REPRESENTATION_CONTEXT() REPRESENTATION_CONTEXT('2D SPACE',''
  ) );
#7056 = ORIENTED_EDGE('',*,*,#7057,.F.);
#7057 = EDGE_CURVE('',#7010,#7035,#7058,.T.);
#7058 = SURFACE_CURVE('',#7059,(#7063,#7069),.PCURVE_S1.);
#7059 = LINE('',#7060,#7061);
#7060 = CARTESIAN_POINT('',(-135.,15.982936097219,13.263774403471));
#7061 = VECTOR('',#7062,1.);
#7062 = DIRECTION('',(0.,1.,0.));
#7063 = PCURVE('',#5739,#7064);
#7064 = DEFINITIONAL_REPRESENTATION('',(#7065),#7068);
#7065 = B_SPLINE_CURVE_WITH_KNOTS('',1,(#7066,#7067),.UNSPECIFIED.,.F.,
  .F.,(2,2),(30.642063902781,32.434612646662),.PIECEWISE_BEZIER_KNOTS.);
#7066 = CARTESIAN_POINT('',(4.,-62.22053225739));
#7067 = CARTESIAN_POINT('',(3.783839059466,-64.));
#7068 = ( GEOMETRIC_REPRESENTATION_CONTEXT(2) 
PARAMETRIC_REPRESENTATION_CONTEXT() REPRESENTATION_CONTEXT('2D SPACE',''
  ) );
#7069 = PCURVE('',#5677,#7070);
#7070 = DEFINITIONAL_REPRESENTATION('',(#7071),#7074);
#7071 = B_SPLINE_CURVE_WITH_KNOTS('',1,(#7072,#7073),.UNSPECIFIED.,.F.,
  .F.,(2,2),(30.642063902781,32.434612646662),.PIECEWISE_BEZIER_KNOTS.);
#7072 = CARTESIAN_POINT('',(-2.,-7.105427357601E-15));
#7073 = CARTESIAN_POINT('',(-2.,1.792548743881));
#7074 = ( GEOMETRIC_REPRESENTATION_CONTEXT(2) 
PARAMETRIC_REPRESENTATION_CONTEXT() REPRESENTATION_CONTEXT('2D SPACE',''
  ) );
#7075 = ADVANCED_FACE('',(#7076),#5712,.F.);
#7076 = FACE_BOUND('',#7077,.F.);
#7077 = EDGE_LOOP('',(#7078,#7079,#7080,#7101,#7136));
#7078 = ORIENTED_EDGE('',*,*,#7009,.F.);
#7079 = ORIENTED_EDGE('',*,*,#5689,.T.);
#7080 = ORIENTED_EDGE('',*,*,#7081,.F.);
#7081 = EDGE_CURVE('',#7082,#5661,#7084,.T.);
#7082 = VERTEX_POINT('',#7083);
#7083 = CARTESIAN_POINT('',(-132.,46.625,13.263774403471));
#7084 = SURFACE_CURVE('',#7085,(#7089,#7095),.PCURVE_S1.);
#7085 = LINE('',#7086,#7087);
#7086 = CARTESIAN_POINT('',(-134.,46.625,13.263774403471));
#7087 = VECTOR('',#7088,1.);
#7088 = DIRECTION('',(1.,0.,-0.));
#7089 = PCURVE('',#5712,#7090);
#7090 = DEFINITIONAL_REPRESENTATION('',(#7091),#7094);
#7091 = B_SPLINE_CURVE_WITH_KNOTS('',1,(#7092,#7093),.UNSPECIFIED.,.F.,
  .F.,(2,2),(-1.,4.5),.PIECEWISE_BEZIER_KNOTS.);
#7092 = CARTESIAN_POINT('',(0.,62.220532257394));
#7093 = CARTESIAN_POINT('',(5.5,62.220532257394));
#7094 = ( GEOMETRIC_REPRESENTATION_CONTEXT(2) 
PARAMETRIC_REPRESENTATION_CONTEXT() REPRESENTATION_CONTEXT('2D SPACE',''
  ) );
#7095 = PCURVE('',#5677,#7096);
#7096 = DEFINITIONAL_REPRESENTATION('',(#7097),#7100);
#7097 = B_SPLINE_CURVE_WITH_KNOTS('',1,(#7098,#7099),.UNSPECIFIED.,.F.,
  .F.,(2,2),(-1.,4.5),.PIECEWISE_BEZIER_KNOTS.);
#7098 = CARTESIAN_POINT('',(-2.,2.984279490192E-13));
#7099 = CARTESIAN_POINT('',(3.5,2.984279490192E-13));
#7100 = ( GEOMETRIC_REPRESENTATION_CONTEXT(2) 
PARAMETRIC_REPRESENTATION_CONTEXT() REPRESENTATION_CONTEXT('2D SPACE',''
  ) );
#7101 = ORIENTED_EDGE('',*,*,#7102,.F.);
#7102 = EDGE_CURVE('',#7103,#7082,#7105,.T.);
#7103 = VERTEX_POINT('',#7104);
#7104 = CARTESIAN_POINT('',(-134.,46.625,13.263774403471));
#7105 = SURFACE_CURVE('',#7106,(#7111,#7118),.PCURVE_S1.);
#7106 = ELLIPSE('',#7107,1.007351075246,1.);
#7107 = AXIS2_PLACEMENT_3D('',#7108,#7109,#7110);
#7108 = CARTESIAN_POINT('',(-133.,46.625,13.263774403471));
#7109 = DIRECTION('',(0.,-0.120588598369,0.99270256872));
#7110 = DIRECTION('',(0.,-0.99270256872,-0.120588598369));
#7111 = PCURVE('',#5712,#7112);
#7112 = DEFINITIONAL_REPRESENTATION('',(#7113),#7117);
#7113 = ELLIPSE('',#7114,1.007351075246,1.);
#7114 = AXIS2_PLACEMENT_2D('',#7115,#7116);
#7115 = CARTESIAN_POINT('',(2.,62.220532257393));
#7116 = DIRECTION('',(0.,-1.));
#7117 = ( GEOMETRIC_REPRESENTATION_CONTEXT(2) 
PARAMETRIC_REPRESENTATION_CONTEXT() REPRESENTATION_CONTEXT('2D SPACE',''
  ) );
#7118 = PCURVE('',#7119,#7124);
#7119 = CYLINDRICAL_SURFACE('',#7120,1.);
#7120 = AXIS2_PLACEMENT_3D('',#7121,#7122,#7123);
#7121 = CARTESIAN_POINT('',(-133.,46.625,8.263774403471));
#7122 = DIRECTION('',(-0.,-0.,-1.));
#7123 = DIRECTION('',(1.,0.,0.));
#7124 = DEFINITIONAL_REPRESENTATION('',(#7125),#7135);
#7125 = B_SPLINE_CURVE_WITH_KNOTS('',8,(#7126,#7127,#7128,#7129,#7130,
    #7131,#7132,#7133,#7134),.UNSPECIFIED.,.F.,.F.,(9,9),(4.712384041099
    ,7.853981633974),.PIECEWISE_BEZIER_KNOTS.);
#7126 = CARTESIAN_POINT('',(-3.141587714304,-5.0000006));
#7127 = CARTESIAN_POINT('',(-3.534287413413,-4.952297382755));
#7128 = CARTESIAN_POINT('',(-3.926987112522,-4.904593679384));
#7129 = CARTESIAN_POINT('',(-4.319686811632,-4.868103793384));
#7130 = CARTESIAN_POINT('',(-4.712386510743,-4.854011367803));
#7131 = CARTESIAN_POINT('',(-5.105086209853,-4.868103510518));
#7132 = CARTESIAN_POINT('',(-5.49778590896,-4.904593185148));
#7133 = CARTESIAN_POINT('',(-5.89048560807,-4.952296782755));
#7134 = CARTESIAN_POINT('',(-6.28318530718,-5.));
#7135 = ( GEOMETRIC_REPRESENTATION_CONTEXT(2) 
PARAMETRIC_REPRESENTATION_CONTEXT() REPRESENTATION_CONTEXT('2D SPACE',''
  ) );
#7136 = ORIENTED_EDGE('',*,*,#7137,.F.);
#7137 = EDGE_CURVE('',#7010,#7103,#7138,.T.);
#7138 = SURFACE_CURVE('',#7139,(#7143,#7149),.PCURVE_S1.);
#7139 = LINE('',#7140,#7141);
#7140 = CARTESIAN_POINT('',(-134.,46.625,13.263774403471));
#7141 = VECTOR('',#7142,1.);
#7142 = DIRECTION('',(1.,0.,-0.));
#7143 = PCURVE('',#5712,#7144);
#7144 = DEFINITIONAL_REPRESENTATION('',(#7145),#7148);
#7145 = B_SPLINE_CURVE_WITH_KNOTS('',1,(#7146,#7147),.UNSPECIFIED.,.F.,
  .F.,(2,2),(-1.,4.5),.PIECEWISE_BEZIER_KNOTS.);
#7146 = CARTESIAN_POINT('',(0.,62.220532257394));
#7147 = CARTESIAN_POINT('',(5.5,62.220532257394));
#7148 = ( GEOMETRIC_REPRESENTATION_CONTEXT(2) 
PARAMETRIC_REPRESENTATION_CONTEXT() REPRESENTATION_CONTEXT('2D SPACE',''
  ) );
#7149 = PCURVE('',#5677,#7150);
#7150 = DEFINITIONAL_REPRESENTATION('',(#7151),#7154);
#7151 = B_SPLINE_CURVE_WITH_KNOTS('',1,(#7152,#7153),.UNSPECIFIED.,.F.,
  .F.,(2,2),(-1.,4.5),.PIECEWISE_BEZIER_KNOTS.);
#7152 = CARTESIAN_POINT('',(-2.,2.984279490192E-13));
#7153 = CARTESIAN_POINT('',(3.5,2.984279490192E-13));
#7154 = ( GEOMETRIC_REPRESENTATION_CONTEXT(2) 
PARAMETRIC_REPRESENTATION_CONTEXT() REPRESENTATION_CONTEXT('2D SPACE',''
  ) );
#7155 = ADVANCED_FACE('',(#7156),#5677,.T.);
#7156 = FACE_BOUND('',#7157,.T.);
#7157 = EDGE_LOOP('',(#7158,#7159,#7160,#7182,#7183,#7184));
#7158 = ORIENTED_EDGE('',*,*,#5660,.T.);
#7159 = ORIENTED_EDGE('',*,*,#7081,.F.);
#7160 = ORIENTED_EDGE('',*,*,#7161,.F.);
#7161 = EDGE_CURVE('',#7103,#7082,#7162,.T.);
#7162 = SURFACE_CURVE('',#7163,(#7168,#7175),.PCURVE_S1.);
#7163 = CIRCLE('',#7164,1.);
#7164 = AXIS2_PLACEMENT_3D('',#7165,#7166,#7167);
#7165 = CARTESIAN_POINT('',(-133.,46.625,13.263774403471));
#7166 = DIRECTION('',(0.,0.,1.));
#7167 = DIRECTION('',(1.,0.,0.));
#7168 = PCURVE('',#5677,#7169);
#7169 = DEFINITIONAL_REPRESENTATION('',(#7170),#7174);
#7170 = CIRCLE('',#7171,1.);
#7171 = AXIS2_PLACEMENT_2D('',#7172,#7173);
#7172 = CARTESIAN_POINT('',(0.,0.));
#7173 = DIRECTION('',(1.,0.));
#7174 = ( GEOMETRIC_REPRESENTATION_CONTEXT(2) 
PARAMETRIC_REPRESENTATION_CONTEXT() REPRESENTATION_CONTEXT('2D SPACE',''
  ) );
#7175 = PCURVE('',#7119,#7176);
#7176 = DEFINITIONAL_REPRESENTATION('',(#7177),#7181);
#7177 = LINE('',#7178,#7179);
#7178 = CARTESIAN_POINT('',(-0.,-5.));
#7179 = VECTOR('',#7180,1.);
#7180 = DIRECTION('',(-1.,0.));
#7181 = ( GEOMETRIC_REPRESENTATION_CONTEXT(2) 
PARAMETRIC_REPRESENTATION_CONTEXT() REPRESENTATION_CONTEXT('2D SPACE',''
  ) );
#7182 = ORIENTED_EDGE('',*,*,#7137,.F.);
#7183 = ORIENTED_EDGE('',*,*,#7057,.T.);
#7184 = ORIENTED_EDGE('',*,*,#7185,.F.);
#7185 = EDGE_CURVE('',#5629,#7035,#7186,.T.);
#7186 = SURFACE_CURVE('',#7187,(#7191,#7197),.PCURVE_S1.);
#7187 = LINE('',#7188,#7189);
#7188 = CARTESIAN_POINT('',(-134.,48.417548743881,13.263774403471));
#7189 = VECTOR('',#7190,1.);
#7190 = DIRECTION('',(-1.,0.,0.));
#7191 = PCURVE('',#5677,#7192);
#7192 = DEFINITIONAL_REPRESENTATION('',(#7193),#7196);
#7193 = B_SPLINE_CURVE_WITH_KNOTS('',1,(#7194,#7195),.UNSPECIFIED.,.F.,
  .F.,(2,2),(-4.5,1.),.PIECEWISE_BEZIER_KNOTS.);
#7194 = CARTESIAN_POINT('',(3.5,1.792548743881));
#7195 = CARTESIAN_POINT('',(-2.,1.792548743881));
#7196 = ( GEOMETRIC_REPRESENTATION_CONTEXT(2) 
PARAMETRIC_REPRESENTATION_CONTEXT() REPRESENTATION_CONTEXT('2D SPACE',''
  ) );
#7197 = PCURVE('',#5648,#7198);
#7198 = DEFINITIONAL_REPRESENTATION('',(#7199),#7202);
#7199 = B_SPLINE_CURVE_WITH_KNOTS('',1,(#7200,#7201),.UNSPECIFIED.,.F.,
  .F.,(2,2),(-4.5,1.),.PIECEWISE_BEZIER_KNOTS.);
#7200 = CARTESIAN_POINT('',(3.783839059466,5.5));
#7201 = CARTESIAN_POINT('',(3.783839059466,0.));
#7202 = ( GEOMETRIC_REPRESENTATION_CONTEXT(2) 
PARAMETRIC_REPRESENTATION_CONTEXT() REPRESENTATION_CONTEXT('2D SPACE',''
  ) );
#7203 = ADVANCED_FACE('',(#7204),#5648,.F.);
#7204 = FACE_BOUND('',#7205,.F.);
#7205 = EDGE_LOOP('',(#7206,#7207,#7208,#7209));
#7206 = ORIENTED_EDGE('',*,*,#6941,.F.);
#7207 = ORIENTED_EDGE('',*,*,#7034,.T.);
#7208 = ORIENTED_EDGE('',*,*,#7185,.F.);
#7209 = ORIENTED_EDGE('',*,*,#5628,.T.);
#7210 = ADVANCED_FACE('',(#7211),#5806,.T.);
#7211 = FACE_BOUND('',#7212,.T.);
#7212 = EDGE_LOOP('',(#7213));
#7213 = ORIENTED_EDGE('',*,*,#5789,.T.);
#7214 = ADVANCED_FACE('',(#7215),#5861,.T.);
#7215 = FACE_BOUND('',#7216,.T.);
#7216 = EDGE_LOOP('',(#7217));
#7217 = ORIENTED_EDGE('',*,*,#5844,.T.);
#7218 = ADVANCED_FACE('',(#7219),#5916,.T.);
#7219 = FACE_BOUND('',#7220,.T.);
#7220 = EDGE_LOOP('',(#7221));
#7221 = ORIENTED_EDGE('',*,*,#5899,.T.);
#7222 = ADVANCED_FACE('',(#7223),#5971,.T.);
#7223 = FACE_BOUND('',#7224,.T.);
#7224 = EDGE_LOOP('',(#7225));
#7225 = ORIENTED_EDGE('',*,*,#5954,.T.);
#7226 = ADVANCED_FACE('',(#7227),#6026,.T.);
#7227 = FACE_BOUND('',#7228,.T.);
#7228 = EDGE_LOOP('',(#7229));
#7229 = ORIENTED_EDGE('',*,*,#6009,.T.);
#7230 = ADVANCED_FACE('',(#7231),#6081,.T.);
#7231 = FACE_BOUND('',#7232,.T.);
#7232 = EDGE_LOOP('',(#7233));
#7233 = ORIENTED_EDGE('',*,*,#6064,.T.);
#7234 = ADVANCED_FACE('',(#7235),#6136,.T.);
#7235 = FACE_BOUND('',#7236,.T.);
#7236 = EDGE_LOOP('',(#7237));
#7237 = ORIENTED_EDGE('',*,*,#6119,.T.);
#7238 = ADVANCED_FACE('',(#7239),#6191,.T.);
#7239 = FACE_BOUND('',#7240,.T.);
#7240 = EDGE_LOOP('',(#7241));
#7241 = ORIENTED_EDGE('',*,*,#6174,.T.);
#7242 = ADVANCED_FACE('',(#7243),#6246,.T.);
#7243 = FACE_BOUND('',#7244,.T.);
#7244 = EDGE_LOOP('',(#7245));
#7245 = ORIENTED_EDGE('',*,*,#6229,.T.);
#7246 = ADVANCED_FACE('',(#7247),#6301,.T.);
#7247 = FACE_BOUND('',#7248,.T.);
#7248 = EDGE_LOOP('',(#7249));
#7249 = ORIENTED_EDGE('',*,*,#6284,.T.);
#7250 = ADVANCED_FACE('',(#7251),#6356,.T.);
#7251 = FACE_BOUND('',#7252,.T.);
#7252 = EDGE_LOOP('',(#7253));
#7253 = ORIENTED_EDGE('',*,*,#6339,.T.);
#7254 = ADVANCED_FACE('',(#7255),#6480,.F.);
#7255 = FACE_BOUND('',#7256,.T.);
#7256 = EDGE_LOOP('',(#7257,#7258));
#7257 = ORIENTED_EDGE('',*,*,#6463,.T.);
#7258 = ORIENTED_EDGE('',*,*,#6537,.F.);
#7259 = ADVANCED_FACE('',(#7260),#6661,.F.);
#7260 = FACE_BOUND('',#7261,.T.);
#7261 = EDGE_LOOP('',(#7262,#7291,#7312,#7313));
#7262 = ORIENTED_EDGE('',*,*,#7263,.F.);
#7263 = EDGE_CURVE('',#7264,#7264,#7266,.T.);
#7264 = VERTEX_POINT('',#7265);
#7265 = CARTESIAN_POINT('',(-82.,46.625,8.263774403471));
#7266 = SURFACE_CURVE('',#7267,(#7272,#7279),.PCURVE_S1.);
#7267 = CIRCLE('',#7268,1.);
#7268 = AXIS2_PLACEMENT_3D('',#7269,#7270,#7271);
#7269 = CARTESIAN_POINT('',(-83.,46.625,8.263774403471));
#7270 = DIRECTION('',(0.,0.,1.));
#7271 = DIRECTION('',(1.,0.,0.));
#7272 = PCURVE('',#6661,#7273);
#7273 = DEFINITIONAL_REPRESENTATION('',(#7274),#7278);
#7274 = LINE('',#7275,#7276);
#7275 = CARTESIAN_POINT('',(-0.,0.));
#7276 = VECTOR('',#7277,1.);
#7277 = DIRECTION('',(-1.,0.));
#7278 = ( GEOMETRIC_REPRESENTATION_CONTEXT(2) 
PARAMETRIC_REPRESENTATION_CONTEXT() REPRESENTATION_CONTEXT('2D SPACE',''
  ) );
#7279 = PCURVE('',#7280,#7285);
#7280 = PLANE('',#7281);
#7281 = AXIS2_PLACEMENT_3D('',#7282,#7283,#7284);
#7282 = CARTESIAN_POINT('',(-83.,46.625,8.263774403471));
#7283 = DIRECTION('',(0.,0.,1.));
#7284 = DIRECTION('',(1.,0.,-0.));
#7285 = DEFINITIONAL_REPRESENTATION('',(#7286),#7290);
#7286 = CIRCLE('',#7287,1.);
#7287 = AXIS2_PLACEMENT_2D('',#7288,#7289);
#7288 = CARTESIAN_POINT('',(0.,-7.105427357601E-15));
#7289 = DIRECTION('',(1.,0.));
#7290 = ( GEOMETRIC_REPRESENTATION_CONTEXT(2) 
PARAMETRIC_REPRESENTATION_CONTEXT() REPRESENTATION_CONTEXT('2D SPACE',''
  ) );
#7291 = ORIENTED_EDGE('',*,*,#7292,.T.);
#7292 = EDGE_CURVE('',#7264,#6645,#7293,.T.);
#7293 = SEAM_CURVE('',#7294,(#7298,#7305),.PCURVE_S1.);
#7294 = LINE('',#7295,#7296);
#7295 = CARTESIAN_POINT('',(-82.,46.625,8.263774403471));
#7296 = VECTOR('',#7297,1.);
#7297 = DIRECTION('',(0.,0.,1.));
#7298 = PCURVE('',#6661,#7299);
#7299 = DEFINITIONAL_REPRESENTATION('',(#7300),#7304);
#7300 = LINE('',#7301,#7302);
#7301 = CARTESIAN_POINT('',(-6.28318530718,0.));
#7302 = VECTOR('',#7303,1.);
#7303 = DIRECTION('',(-0.,-1.));
#7304 = ( GEOMETRIC_REPRESENTATION_CONTEXT(2) 
PARAMETRIC_REPRESENTATION_CONTEXT() REPRESENTATION_CONTEXT('2D SPACE',''
  ) );
#7305 = PCURVE('',#6661,#7306);
#7306 = DEFINITIONAL_REPRESENTATION('',(#7307),#7311);
#7307 = LINE('',#7308,#7309);
#7308 = CARTESIAN_POINT('',(-0.,0.));
#7309 = VECTOR('',#7310,1.);
#7310 = DIRECTION('',(-0.,-1.));
#7311 = ( GEOMETRIC_REPRESENTATION_CONTEXT(2) 
PARAMETRIC_REPRESENTATION_CONTEXT() REPRESENTATION_CONTEXT('2D SPACE',''
  ) );
#7312 = ORIENTED_EDGE('',*,*,#6644,.T.);
#7313 = ORIENTED_EDGE('',*,*,#7292,.F.);
#7314 = ADVANCED_FACE('',(#7315),#6737,.F.);
#7315 = FACE_BOUND('',#7316,.T.);
#7316 = EDGE_LOOP('',(#7317,#7318));
#7317 = ORIENTED_EDGE('',*,*,#6781,.T.);
#7318 = ORIENTED_EDGE('',*,*,#6720,.F.);
#7319 = ADVANCED_FACE('',(#7320),#6847,.F.);
#7320 = FACE_BOUND('',#7321,.T.);
#7321 = EDGE_LOOP('',(#7322,#7323));
#7322 = ORIENTED_EDGE('',*,*,#6889,.T.);
#7323 = ORIENTED_EDGE('',*,*,#6830,.F.);
#7324 = ADVANCED_FACE('',(#7325),#6981,.F.);
#7325 = FACE_BOUND('',#7326,.T.);
#7326 = EDGE_LOOP('',(#7327,#7356,#7377,#7378));
#7327 = ORIENTED_EDGE('',*,*,#7328,.F.);
#7328 = EDGE_CURVE('',#7329,#7329,#7331,.T.);
#7329 = VERTEX_POINT('',#7330);
#7330 = CARTESIAN_POINT('',(-132.,46.625,8.263774403471));
#7331 = SURFACE_CURVE('',#7332,(#7337,#7344),.PCURVE_S1.);
#7332 = CIRCLE('',#7333,1.);
#7333 = AXIS2_PLACEMENT_3D('',#7334,#7335,#7336);
#7334 = CARTESIAN_POINT('',(-133.,46.625,8.263774403471));
#7335 = DIRECTION('',(0.,0.,1.));
#7336 = DIRECTION('',(1.,0.,0.));
#7337 = PCURVE('',#6981,#7338);
#7338 = DEFINITIONAL_REPRESENTATION('',(#7339),#7343);
#7339 = LINE('',#7340,#7341);
#7340 = CARTESIAN_POINT('',(-0.,0.));
#7341 = VECTOR('',#7342,1.);
#7342 = DIRECTION('',(-1.,0.));
#7343 = ( GEOMETRIC_REPRESENTATION_CONTEXT(2) 
PARAMETRIC_REPRESENTATION_CONTEXT() REPRESENTATION_CONTEXT('2D SPACE',''
  ) );
#7344 = PCURVE('',#7345,#7350);
#7345 = PLANE('',#7346);
#7346 = AXIS2_PLACEMENT_3D('',#7347,#7348,#7349);
#7347 = CARTESIAN_POINT('',(-133.,46.625,8.263774403471));
#7348 = DIRECTION('',(0.,0.,1.));
#7349 = DIRECTION('',(1.,0.,-0.));
#7350 = DEFINITIONAL_REPRESENTATION('',(#7351),#7355);
#7351 = CIRCLE('',#7352,1.);
#7352 = AXIS2_PLACEMENT_2D('',#7353,#7354);
#7353 = CARTESIAN_POINT('',(2.84217094304E-14,-7.105427357601E-15));
#7354 = DIRECTION('',(1.,0.));
#7355 = ( GEOMETRIC_REPRESENTATION_CONTEXT(2) 
PARAMETRIC_REPRESENTATION_CONTEXT() REPRESENTATION_CONTEXT('2D SPACE',''
  ) );
#7356 = ORIENTED_EDGE('',*,*,#7357,.T.);
#7357 = EDGE_CURVE('',#7329,#6965,#7358,.T.);
#7358 = SEAM_CURVE('',#7359,(#7363,#7370),.PCURVE_S1.);
#7359 = LINE('',#7360,#7361);
#7360 = CARTESIAN_POINT('',(-132.,46.625,8.263774403471));
#7361 = VECTOR('',#7362,1.);
#7362 = DIRECTION('',(0.,0.,1.));
#7363 = PCURVE('',#6981,#7364);
#7364 = DEFINITIONAL_REPRESENTATION('',(#7365),#7369);
#7365 = LINE('',#7366,#7367);
#7366 = CARTESIAN_POINT('',(-6.28318530718,0.));
#7367 = VECTOR('',#7368,1.);
#7368 = DIRECTION('',(-0.,-1.));
#7369 = ( GEOMETRIC_REPRESENTATION_CONTEXT(2) 
PARAMETRIC_REPRESENTATION_CONTEXT() REPRESENTATION_CONTEXT('2D SPACE',''
  ) );
#7370 = PCURVE('',#6981,#7371);
#7371 = DEFINITIONAL_REPRESENTATION('',(#7372),#7376);
#7372 = LINE('',#7373,#7374);
#7373 = CARTESIAN_POINT('',(-0.,0.));
#7374 = VECTOR('',#7375,1.);
#7375 = DIRECTION('',(-0.,-1.));
#7376 = ( GEOMETRIC_REPRESENTATION_CONTEXT(2) 
PARAMETRIC_REPRESENTATION_CONTEXT() REPRESENTATION_CONTEXT('2D SPACE',''
  ) );
#7377 = ORIENTED_EDGE('',*,*,#6964,.T.);
#7378 = ORIENTED_EDGE('',*,*,#7357,.F.);
#7379 = ADVANCED_FACE('',(#7380),#7119,.F.);
#7380 = FACE_BOUND('',#7381,.T.);
#7381 = EDGE_LOOP('',(#7382,#7383));
#7382 = ORIENTED_EDGE('',*,*,#7161,.T.);
#7383 = ORIENTED_EDGE('',*,*,#7102,.F.);
#7384 = ADVANCED_FACE('',(#7385),#7280,.T.);
#7385 = FACE_BOUND('',#7386,.T.);
#7386 = EDGE_LOOP('',(#7387));
#7387 = ORIENTED_EDGE('',*,*,#7263,.T.);
#7388 = ADVANCED_FACE('',(#7389),#7345,.T.);
#7389 = FACE_BOUND('',#7390,.T.);
#7390 = EDGE_LOOP('',(#7391));
#7391 = ORIENTED_EDGE('',*,*,#7328,.T.);
#7392 = ( GEOMETRIC_REPRESENTATION_CONTEXT(3) 
GLOBAL_UNCERTAINTY_ASSIGNED_CONTEXT((#7396)) 
GLOBAL_UNIT_ASSIGNED_CONTEXT((#7393,#7394,#7395)) REPRESENTATION_CONTEXT
('Context #1','3D Context with UNIT and UNCERTAINTY') );
#7393 = ( LENGTH_UNIT() NAMED_UNIT(*) SI_UNIT(.MILLI.,.METRE.) );
#7394 = ( NAMED_UNIT(*) PLANE_ANGLE_UNIT() SI_UNIT($,.RADIAN.) );
#7395 = ( NAMED_UNIT(*) SI_UNIT($,.STERADIAN.) SOLID_ANGLE_UNIT() );
#7396 = UNCERTAINTY_MEASURE_WITH_UNIT(LENGTH_MEASURE(5.E-07),#7393,
  'distance_accuracy_value','confusion accuracy');
#7397 = PRODUCT_RELATED_PRODUCT_CATEGORY('part',$,(#7));
ENDSEC;
END-ISO-10303-21;
